Player,Age,Team,Pos,G,GS,MP,FG,FGA,FG%,3P,3PA,3P%,2P,2PA,2P%,eFG%,FT,FTA,FT%,ORB,DRB,TRB,AST,STL,BLK,TOV,PF,PTS,Awards
Shai Gilgeous-Alexander,26,OKC,PG,66,66,34.4,11.4,21.6,.526,2.2,5.8,.371,9.2,15.8,.582,.575,8.1,9.0,.901,0.9,4.1,5.0,6.2,1.8,1.0,2.5,2.2,33.0,
Giannis Antetokounmpo,30,MIL,PF,55,55,33.9,12.1,20.0,.603,0.1,0.8,.182,11.9,19.2,.621,.607,6.1,10.2,.598,2.3,9.8,12.1,6.0,0.8,1.2,3.3,2.5,30.4,
Nikola JokiÄ,29,DEN,C,62,62,36.5,11.1,19.4,.575,1.9,4.6,.413,9.2,14.8,.624,.623,5.0,6.2,.807,2.9,10.0,12.8,10.3,1.8,0.7,3.3,2.3,29.1,
Anthony Edwards,23,MIN,SG,67,67,36.4,9.1,20.5,.444,4.0,10.1,.400,5.1,10.4,.487,.543,5.3,6.4,.838,0.7,5.1,5.8,4.6,1.1,0.6,3.2,1.9,27.6,
Luka DonÄiÄ,25,2TM,PG,37,37,35.2,9.1,20.7,.439,3.4,9.7,.346,5.7,11.0,.520,.520,5.8,7.6,.771,0.9,7.6,8.5,7.9,2.0,0.4,3.7,2.6,27.4,
Luka DonÄiÄ,25,DAL,PG,22,22,35.7,9.8,21.2,.464,3.4,9.6,.354,6.4,11.5,.555,.544,5.1,6.6,.767,0.7,7.6,8.3,7.8,2.0,0.4,3.4,2.6,28.1,
Luka DonÄiÄ,25,LAL,PG,15,15,34.5,8.0,20.0,.400,3.3,9.7,.336,4.7,10.3,.461,.482,6.9,8.9,.776,1.1,7.7,8.8,8.1,1.9,0.5,4.2,2.6,26.2,
Jayson Tatum,26,BOS,PF,63,63,36.6,9.2,20.3,.454,3.6,10.2,.352,5.6,10.1,.557,.543,5.1,6.2,.812,0.7,8.1,8.7,5.9,1.1,0.5,3.0,2.2,27.1,
Kevin Durant,36,PHO,PF,56,56,36.9,9.5,18.1,.526,2.5,6.0,.416,7.0,12.1,.580,.595,4.9,5.9,.829,0.4,5.7,6.1,4.2,0.8,1.3,3.1,1.7,26.4,
Jalen Brunson,28,NYK,PG,61,61,35.4,9.1,18.7,.490,2.3,6.0,.384,6.9,12.7,.541,.552,5.7,7.0,.825,0.4,2.6,3.0,7.4,1.0,0.1,2.5,2.2,26.3,
Tyrese Maxey,24,PHI,PG,52,52,37.7,9.2,21.0,.437,3.1,9.2,.337,6.1,11.8,.515,.511,4.9,5.6,.879,0.3,3.1,3.3,6.1,1.8,0.4,2.4,2.2,26.3,
Anthony Davis,31,2TM,PF,43,43,34.2,9.5,18.0,.528,0.7,2.2,.313,8.8,15.8,.559,.548,6.0,7.6,.786,2.9,9.1,12.0,3.4,1.3,2.2,2.2,1.9,25.7,
Anthony Davis,31,LAL,C,42,42,34.3,9.5,18.0,.528,0.7,2.2,.298,8.9,15.8,.560,.546,6.0,7.6,.788,2.8,9.0,11.9,3.4,1.3,2.1,2.2,2.0,25.7,
Anthony Davis,31,DAL,PF,1,1,31.0,10.0,18.0,.556,2.0,2.0,1.000,8.0,16.0,.500,.611,4.0,6.0,.667,4.0,12.0,16.0,7.0,0.0,3.0,1.0,0.0,26.0,
Devin Booker,28,PHO,SG,63,63,37.4,8.5,18.7,.457,2.6,7.6,.347,5.9,11.1,.532,.527,6.0,6.7,.894,1.0,3.1,4.1,7.0,1.0,0.2,2.8,2.7,25.7,
Cade Cunningham,23,DET,PG,64,64,35.1,9.5,20.5,.461,2.1,6.1,.350,7.3,14.4,.508,.513,4.6,5.3,.861,0.8,5.3,6.0,9.3,1.0,0.7,4.5,2.8,25.6,
LaMelo Ball,23,CHO,PG,44,44,32.1,8.7,21.5,.402,3.8,11.5,.335,4.8,10.1,.477,.491,4.2,5.0,.837,1.0,4.1,5.1,7.2,1.2,0.3,3.5,3.3,25.4,
Paolo Banchero,22,ORL,PF,35,35,34.1,8.6,19.4,.444,1.9,5.9,.325,6.7,13.5,.496,.493,6.0,8.4,.713,1.1,6.1,7.2,4.7,0.8,0.7,2.8,2.1,25.1,
Damian Lillard,34,MIL,PG,57,57,36.1,7.7,17.1,.450,3.4,9.0,.379,4.3,8.1,.529,.550,6.3,6.8,.925,0.5,4.2,4.7,7.1,1.2,0.2,2.8,1.7,25.1,
LeBron James,40,LAL,SF,58,58,34.9,9.6,18.5,.517,2.3,5.9,.384,7.3,12.6,.580,.579,3.6,4.7,.770,1.0,7.2,8.2,8.5,0.9,0.6,3.9,1.5,25.0,
Kyrie Irving,32,DAL,SG,50,50,36.1,8.9,18.9,.473,2.9,7.2,.401,6.1,11.7,.517,.549,3.9,4.3,.916,1.2,3.6,4.8,4.6,1.3,0.5,2.2,2.0,24.7,
Zion Williamson,24,NOP,PF,29,29,28.5,9.5,17.0,.561,0.1,0.4,.231,9.4,16.5,.570,.564,5.3,8.0,.659,2.6,4.7,7.3,5.2,1.2,0.9,3.0,2.7,24.4,
Stephen Curry,36,GSW,PG,59,59,32.3,8.0,17.9,.444,4.4,11.2,.394,3.5,6.7,.529,.568,3.9,4.2,.935,0.5,3.8,4.4,6.1,1.1,0.4,2.9,1.4,24.3,
Karl-Anthony Towns,29,NYK,C,60,60,35.0,8.8,16.7,.526,2.1,4.9,.428,6.7,11.8,.567,.589,4.6,5.5,.834,3.1,10.0,13.0,3.1,1.0,0.8,2.6,3.6,24.3,
Franz Wagner,23,ORL,SF,49,49,33.7,9.0,19.3,.463,1.7,5.7,.299,7.2,13.6,.532,.507,4.7,5.5,.858,1.0,4.6,5.6,4.7,1.3,0.4,2.4,2.6,24.3,
Victor Wembanyama,21,SAS,C,46,46,33.2,8.9,18.6,.476,3.1,8.8,.352,5.8,9.9,.586,.559,3.4,4.1,.836,1.8,9.2,11.0,3.7,1.1,3.8,3.2,2.3,24.3,
Donovan Mitchell,28,CLE,SG,61,61,31.3,8.4,18.7,.448,3.5,9.1,.380,4.9,9.6,.512,.540,4.0,4.8,.820,0.8,3.6,4.4,4.8,1.3,0.2,2.1,2.0,24.2,
Cam Thomas,23,BRK,SG,25,23,31.2,8.0,18.2,.438,2.7,7.8,.349,5.2,10.4,.506,.513,5.3,6.0,.881,0.6,2.7,3.3,3.8,0.6,0.1,2.5,1.8,24.0,
Trae Young,26,ATL,PG,63,63,36.2,7.3,18.2,.404,2.7,8.5,.325,4.6,9.7,.472,.479,6.5,7.5,.872,0.5,2.7,3.2,11.5,1.1,0.2,4.8,2.0,24.0,
Joel Embiid,30,PHI,C,19,19,30.2,7.4,16.6,.444,1.2,4.1,.299,6.2,12.5,.492,.481,7.8,8.9,.882,1.9,6.3,8.2,4.5,0.7,0.9,3.3,2.2,23.8,
Zach LaVine,29,2TM,SF,60,60,34.8,8.5,16.5,.516,3.2,7.2,.444,5.3,9.3,.571,.613,3.4,4.1,.823,0.3,4.2,4.5,4.3,0.9,0.2,2.9,1.5,23.6,
Zach LaVine,29,CHI,SF,42,42,34.1,8.6,16.9,.511,3.2,7.3,.446,5.4,9.6,.560,.607,3.5,4.3,.797,0.3,4.5,4.8,4.5,0.9,0.2,2.9,1.5,24.0,
Zach LaVine,29,SAC,SG,18,18,36.5,8.2,15.5,.527,3.1,7.1,.441,5.1,8.4,.599,.627,3.3,3.7,.894,0.3,3.5,3.8,3.8,0.8,0.1,2.8,1.3,22.7,
De'Aaron Fox,27,2TM,PG,62,62,36.1,8.7,18.8,.463,1.9,6.1,.310,6.8,12.6,.538,.514,4.2,5.1,.827,0.9,3.9,4.8,6.3,1.5,0.4,2.8,2.6,23.5,
De'Aaron Fox,27,SAC,PG,45,45,37.0,9.2,19.6,.469,2.0,6.4,.322,7.2,13.3,.539,.521,4.5,5.5,.829,1.0,4.0,5.0,6.1,1.5,0.4,3.0,2.6,25.0,
De'Aaron Fox,27,SAS,PG,17,17,34.0,7.4,16.5,.446,1.5,5.6,.274,5.8,10.9,.535,.493,3.5,4.2,.819,0.5,3.8,4.3,6.8,1.5,0.3,2.4,2.7,19.7,
Tyler Herro,25,MIA,SG,65,65,35.5,8.3,18.1,.460,3.4,9.3,.367,4.9,8.8,.559,.554,3.5,4.1,.860,0.4,4.9,5.3,5.7,0.9,0.2,2.6,1.2,23.5,
Norman Powell,31,LAC,SG,47,47,32.8,8.1,16.6,.490,3.2,7.7,.422,4.9,9.0,.547,.587,3.9,4.7,.821,0.4,3.1,3.4,2.1,1.3,0.2,2.0,1.8,23.4,
Jaylen Brown,28,BOS,SF,56,56,35.3,8.5,18.4,.459,1.8,5.8,.316,6.6,12.6,.525,.509,4.0,5.3,.757,1.4,4.6,6.1,4.7,1.3,0.3,2.6,2.5,22.8,
James Harden,35,LAC,PG,65,65,35.0,6.5,16.4,.398,3.0,8.7,.346,3.5,7.8,.455,.489,6.4,7.4,.872,0.7,5.2,5.9,8.7,1.5,0.6,4.5,2.0,22.5,
Jaren Jackson Jr.,25,MEM,C,62,62,29.4,8.1,16.3,.500,1.9,5.1,.365,6.3,11.2,.561,.557,4.4,5.6,.777,1.3,4.5,5.8,2.1,1.3,1.6,2.1,3.4,22.5,
Ja Morant,25,MEM,PG,43,43,30.0,7.7,17.0,.449,1.5,5.3,.291,6.1,11.8,.520,.494,5.5,6.6,.834,0.6,3.5,4.1,7.4,1.2,0.3,3.7,2.2,22.3,
DeMar DeRozan,35,SAC,SF,62,62,35.8,8.1,16.6,.486,1.1,3.1,.356,7.0,13.5,.517,.520,4.9,5.6,.873,0.6,3.4,4.0,4.1,0.9,0.4,1.4,1.9,22.2,
Brandon Ingram,27,NOP,SF,18,18,33.1,8.6,18.5,.465,2.4,6.4,.374,6.2,12.1,.514,.530,2.6,3.1,.855,0.9,4.6,5.6,5.2,0.9,0.6,3.8,2.5,22.2,
RJ Barrett,24,TOR,SF,52,52,32.9,8.0,17.0,.472,1.9,5.3,.359,6.2,11.8,.523,.528,3.5,5.4,.649,1.0,5.4,6.5,5.7,0.8,0.3,3.0,2.5,21.5,
Jamal Murray,27,DEN,PG,61,61,36.4,7.9,16.7,.474,2.4,6.0,.397,5.5,10.7,.518,.546,3.3,3.7,.889,0.7,3.1,3.8,6.1,1.4,0.5,2.1,1.9,21.5,
Jalen Green,22,HOU,SG,69,69,33.4,7.6,17.8,.425,3.0,8.4,.357,4.6,9.4,.485,.509,3.3,3.9,.830,0.6,4.0,4.6,3.4,0.9,0.3,2.6,1.6,21.4,
Jalen Williams,23,OKC,SG,61,61,32.6,8.1,16.9,.478,1.8,5.0,.362,6.3,11.9,.528,.532,3.3,4.2,.791,0.9,4.6,5.5,5.3,1.7,0.7,2.2,2.4,21.3,
Trey Murphy III,24,NOP,SF,53,51,35.0,7.2,15.8,.454,3.0,8.3,.361,4.2,7.6,.556,.548,3.8,4.3,.887,0.9,4.2,5.1,3.5,1.1,0.7,1.9,2.1,21.2,
Miles Bridges,26,CHO,PF,53,53,32.3,7.6,17.2,.441,2.3,7.1,.328,5.3,10.2,.519,.508,3.6,4.1,.867,1.1,6.7,7.8,3.9,0.8,0.8,2.1,1.6,21.1,
Darius Garland,25,CLE,PG,63,63,30.4,7.5,15.7,.477,2.9,7.1,.408,4.6,8.6,.534,.569,3.1,3.5,.879,0.6,2.1,2.6,6.7,1.2,0.2,2.5,2.0,21.0,
Brandon Miller,22,CHO,SF,27,27,34.2,7.3,18.2,.403,3.9,10.9,.355,3.5,7.3,.475,.509,2.5,2.9,.861,0.9,3.9,4.9,3.6,1.1,0.7,2.8,2.7,21.0,
CJ McCollum,33,NOP,PG,53,53,32.7,7.8,17.7,.442,3.1,8.1,.376,4.8,9.6,.498,.528,2.2,3.1,.720,0.8,3.0,3.8,4.0,0.8,0.5,1.8,2.2,20.9,
Pascal Siakam,30,IND,PF,66,66,32.9,8.1,15.4,.526,1.7,4.4,.396,6.4,11.0,.577,.582,3.0,4.1,.743,1.7,5.5,7.2,3.3,0.9,0.5,1.4,2.5,20.9,
Jordan Poole,25,WAS,SG,57,57,30.5,6.8,16.0,.424,3.5,9.3,.377,3.3,6.7,.490,.534,3.7,4.2,.876,0.5,2.7,3.2,4.6,1.4,0.5,3.2,3.1,20.8,
Austin Reaves,26,LAL,SG,60,60,34.6,6.3,14.1,.446,2.6,7.2,.366,3.7,6.9,.530,.540,4.3,5.0,.872,0.8,3.7,4.5,6.0,1.2,0.3,2.4,2.0,19.6,
Scottie Barnes,23,TOR,PF,54,54,33.7,7.3,16.5,.442,1.2,4.5,.266,6.1,12.1,.507,.478,3.7,4.9,.771,1.7,6.1,7.8,5.9,1.5,1.0,2.9,1.9,19.5,
Anfernee Simons,25,POR,SG,65,65,32.7,6.9,16.0,.433,3.2,8.4,.373,3.8,7.5,.500,.532,2.5,2.8,.906,0.3,2.4,2.7,4.8,0.9,0.1,2.1,1.7,19.5,
Coby White,24,CHI,SG,61,60,33.1,6.6,15.2,.436,3.0,8.3,.356,3.7,6.9,.532,.533,3.3,3.6,.905,0.3,3.2,3.6,4.5,1.0,0.2,2.3,2.1,19.5,
Domantas Sabonis,28,SAC,C,58,58,34.8,7.5,12.7,.593,1.0,2.3,.425,6.6,10.4,.630,.632,3.1,4.2,.748,3.8,10.0,13.9,6.2,0.6,0.4,2.9,3.3,19.2,
Desmond Bane,26,MEM,SG,57,56,31.6,7.1,14.5,.487,2.3,5.8,.393,4.8,8.7,.550,.566,2.6,3.0,.882,0.9,5.3,6.3,5.5,1.2,0.4,2.6,2.4,19.1,
Cameron Johnson,28,BRK,PF,52,52,31.9,6.3,13.3,.477,2.9,7.3,.401,3.4,6.0,.569,.587,3.5,4.0,.888,0.9,3.4,4.3,3.2,0.9,0.5,1.7,1.9,19.1,
Kristaps PorziÅÄ£is,29,BOS,C,33,33,29.0,6.5,13.7,.477,2.4,6.0,.394,4.2,7.7,.542,.563,3.7,4.5,.813,1.5,5.1,6.6,1.9,0.8,1.6,1.2,2.8,19.1,
Alperen ÅengÃ¼n,22,HOU,C,65,65,31.3,7.5,14.9,.502,0.3,1.3,.241,7.2,13.7,.526,.512,3.8,5.6,.693,3.5,7.0,10.5,4.9,1.1,0.8,2.7,2.9,19.1,
John Collins,27,UTA,PF,40,31,30.5,7.0,13.3,.527,1.5,3.7,.399,5.5,9.6,.577,.583,3.5,4.1,.848,2.2,6.0,8.2,2.0,1.0,1.0,2.6,2.9,19.0,
Kawhi Leonard,33,LAC,SF,25,25,29.8,7.5,16.0,.469,1.9,5.1,.370,5.6,11.0,.515,.527,2.1,2.8,.746,1.0,4.2,5.2,2.9,1.4,0.5,2.1,1.5,19.0,
Lauri Markkanen,27,UTA,PF,47,47,31.4,6.3,14.9,.423,2.9,8.5,.346,3.4,6.4,.525,.521,3.4,3.9,.876,1.5,4.4,5.9,1.5,0.7,0.4,1.4,1.7,19.0,
Jalen Johnson,23,ATL,SF,36,36,35.7,7.5,15.1,.500,1.2,3.9,.312,6.3,11.1,.566,.541,2.6,3.5,.746,1.7,8.3,10.0,5.0,1.6,1.0,2.9,1.9,18.9,
Julius Randle,30,MIN,PF,57,57,32.3,6.5,13.7,.474,1.5,4.5,.325,5.1,9.2,.546,.527,4.3,5.3,.807,2.2,4.9,7.1,4.7,0.7,0.2,2.8,2.5,18.7,
Evan Mobley,23,CLE,PF,59,59,30.3,7.2,12.6,.568,1.1,3.0,.369,6.1,9.6,.629,.611,3.2,4.3,.742,2.3,7.1,9.3,3.1,0.8,1.6,2.0,2.0,18.6,
Nikola VuÄeviÄ,34,CHI,C,60,59,31.8,7.6,14.3,.529,1.8,4.5,.390,5.8,9.8,.592,.590,1.7,2.1,.815,2.3,7.9,10.1,3.4,0.8,0.6,1.7,2.4,18.6,
Tyrese Haliburton,24,IND,PG,62,62,34.0,6.5,13.8,.467,3.0,7.8,.387,3.5,6.1,.570,.576,2.5,3.0,.858,0.6,3.0,3.5,9.0,1.5,0.6,1.7,1.3,18.5,
Michael Porter Jr.,26,DEN,SF,66,66,33.8,6.9,13.8,.502,2.5,6.3,.398,4.4,7.5,.590,.593,1.9,2.5,.754,1.8,5.2,7.0,2.1,0.6,0.4,1.3,2.0,18.3,
Collin Sexton,26,UTA,SG,53,51,28.1,6.4,13.7,.470,1.8,4.4,.397,4.7,9.3,.504,.534,3.5,4.0,.871,1.1,1.8,2.9,4.2,0.7,0.1,2.6,2.2,18.1,
Andrew Wiggins,29,2TM,SF,54,54,30.8,6.1,14.0,.439,2.1,5.9,.364,4.0,8.1,.493,.515,3.3,4.3,.772,1.5,3.0,4.5,2.5,0.9,0.8,1.6,1.7,17.7,
Andrew Wiggins,29,GSW,SF,43,43,30.1,6.1,13.7,.444,2.2,5.8,.379,3.9,7.9,.491,.524,3.2,4.2,.777,1.5,3.0,4.6,2.4,0.9,0.8,1.3,1.6,17.6,
Andrew Wiggins,29,MIA,SF,11,11,33.5,6.4,15.1,.422,1.9,6.2,.309,4.5,8.9,.500,.485,3.6,4.8,.755,1.4,2.8,4.2,2.9,1.0,1.0,2.6,1.9,18.3,
Mikal Bridges,28,NYK,SF,67,67,37.8,7.3,14.6,.499,2.1,6.0,.355,5.1,8.6,.599,.572,1.0,1.3,.779,0.9,2.3,3.2,3.5,0.9,0.6,1.6,1.5,17.7,
Malik Monk,26,SAC,SG,56,43,32.6,6.6,14.9,.440,2.2,6.8,.318,4.4,8.1,.543,.513,2.4,2.8,.866,0.4,3.4,3.8,5.9,1.0,0.7,2.4,2.6,17.7,
De'Andre Hunter,27,2TM,SF,51,8,27.7,5.6,12.1,.465,2.5,6.1,.412,3.1,5.9,.520,.570,3.9,4.5,.858,0.7,3.3,4.1,1.5,0.7,0.2,1.4,2.4,17.6,
De'Andre Hunter,27,ATL,SF,37,4,28.8,6.1,13.3,.461,2.6,6.7,.393,3.5,6.6,.531,.560,4.1,4.8,.858,0.7,3.2,3.9,1.5,0.8,0.1,1.6,2.4,19.0,
De'Andre Hunter,27,CLE,SF,14,4,25.1,4.2,8.8,.480,2.3,4.7,.485,1.9,4.1,.474,.610,3.4,4.0,.857,0.8,3.6,4.4,1.2,0.4,0.3,0.8,2.6,14.1,
Jaden Ivey,22,DET,SG,30,30,29.9,6.3,13.8,.460,2.1,5.1,.409,4.2,8.6,.490,.536,2.8,3.9,.733,1.3,2.8,4.1,4.0,0.9,0.4,3.0,2.2,17.6,
Dejounte Murray,28,NOP,PG,31,31,32.6,6.3,15.9,.393,1.7,5.6,.299,4.6,10.3,.444,.445,3.3,4.0,.823,0.5,5.9,6.5,7.4,2.0,0.4,3.4,2.0,17.5,
Shaedon Sharpe,21,POR,SG,61,41,30.5,6.5,14.6,.449,2.0,6.2,.313,4.6,8.3,.550,.516,2.4,3.0,.796,0.9,3.2,4.1,2.6,0.8,0.2,2.0,1.7,17.5,
Bam Adebayo,27,MIA,C,66,66,34.4,6.7,13.8,.486,0.8,2.6,.310,5.9,11.2,.528,.516,3.2,4.2,.760,2.5,7.4,9.9,4.3,1.3,0.7,2.2,2.2,17.4,
Bradley Beal,31,PHO,SG,48,33,32.2,6.6,13.1,.505,1.9,4.9,.395,4.7,8.3,.569,.578,2.2,2.7,.813,0.7,2.7,3.4,3.6,1.0,0.5,1.9,2.6,17.3,
Immanuel Quickley,25,TOR,PG,27,27,28.4,5.6,13.1,.424,2.5,6.7,.370,3.1,6.4,.480,.518,3.6,4.2,.858,0.4,3.2,3.6,5.5,0.6,0.1,1.7,1.9,17.2,
Jimmy Butler,35,2TM,SF,41,41,31.1,5.4,10.8,.502,0.5,1.6,.299,5.0,9.2,.538,.525,5.6,6.8,.827,2.3,3.2,5.5,5.2,1.2,0.3,1.3,1.0,17.0,
Jimmy Butler,35,MIA,PF,25,25,30.6,5.7,10.5,.540,0.5,1.4,.361,5.2,9.1,.568,.565,5.2,6.4,.801,2.2,3.0,5.2,4.8,1.1,0.4,1.2,0.9,17.0,
Jimmy Butler,35,GSW,SF,16,16,31.8,5.1,11.3,.448,0.4,1.9,.226,4.6,9.4,.493,.467,6.3,7.3,.862,2.4,3.4,5.8,5.9,1.3,0.3,1.4,1.1,16.8,
Keyonte George,21,UTA,PG,54,32,31.4,5.4,13.6,.395,2.6,7.6,.343,2.8,6.0,.462,.491,3.4,4.3,.802,0.4,3.4,3.8,5.8,0.7,0.2,2.8,1.7,16.8,
Derrick White,30,BOS,SG,64,64,33.8,5.7,12.8,.445,3.5,9.0,.389,2.2,3.7,.582,.583,1.8,2.1,.847,0.9,3.5,4.3,4.4,1.0,1.1,1.6,1.8,16.7,
OG Anunoby,27,NYK,PF,61,61,36.7,6.1,13.2,.465,2.2,6.0,.364,3.9,7.2,.549,.548,2.2,2.7,.795,1.4,3.4,4.8,2.2,1.4,0.9,1.4,2.3,16.6,
Jordan Clarkson,32,UTA,SG,35,9,26.3,5.5,13.5,.410,2.3,6.3,.367,3.2,7.1,.448,.496,3.1,3.9,.796,0.7,2.5,3.2,3.8,0.9,0.2,2.2,1.5,16.5,
Jonathan Kuminga,22,GSW,PF,35,10,25.7,5.9,12.9,.460,1.1,3.4,.336,4.8,9.5,.505,.504,3.5,5.4,.640,1.3,3.5,4.9,2.3,0.9,0.5,1.5,1.9,16.5,
Malik Beasley,28,DET,SG,69,14,27.4,5.7,12.9,.439,3.9,9.3,.418,1.8,3.6,.494,.589,1.0,1.6,.649,0.6,2.2,2.7,1.7,1.0,0.1,1.1,1.5,16.2,
Paul George,34,PHI,PF,41,41,32.5,6.0,13.9,.430,2.3,6.5,.358,3.6,7.4,.493,.514,1.9,2.4,.814,0.6,4.8,5.3,4.3,1.8,0.5,2.6,2.5,16.2,
Jalen Suggs,23,ORL,PG,35,35,28.6,5.6,13.7,.410,2.2,6.9,.314,3.5,6.8,.506,.489,2.8,3.1,.882,0.7,3.4,4.0,3.7,1.5,0.9,2.9,2.8,16.2,
Ivica Zubac,27,LAC,C,66,66,32.6,7.2,11.6,.623,0.0,0.0,,7.2,11.6,.623,.623,1.8,2.8,.638,3.7,8.8,12.5,2.6,0.7,1.2,1.7,2.2,16.2,
Devin Vassell,24,SAS,SG,52,41,30.8,6.1,14.0,.437,2.3,6.5,.353,3.8,7.5,.510,.519,1.6,2.0,.796,0.6,3.3,3.9,2.9,1.3,0.5,1.3,1.6,16.1,
Bennedict Mathurin,22,IND,SF,61,46,30.2,5.5,11.9,.465,1.5,4.1,.363,4.1,7.9,.518,.527,3.4,4.1,.832,1.2,4.1,5.2,1.9,0.6,0.4,1.9,2.3,16.0,
Mark Williams,23,CHO,C,34,31,25.9,6.2,10.5,.596,0.0,0.0,.000,6.2,10.4,.597,.596,3.2,4.1,.791,3.1,7.0,10.1,2.4,0.7,1.2,1.3,2.5,15.7,
Myles Turner,28,IND,C,59,59,30.6,5.4,11.5,.473,2.2,5.5,.393,3.3,6.0,.545,.566,2.5,3.2,.780,1.2,5.2,6.4,1.6,0.8,1.8,1.7,2.6,15.5,
Deni Avdija,24,POR,SF,63,45,29.0,5.0,10.7,.467,1.6,4.4,.353,3.4,6.3,.547,.539,3.8,4.9,.773,1.3,5.4,6.7,3.6,0.9,0.5,2.6,2.3,15.3,
Jared McCain,20,PHI,SG,23,8,25.7,5.5,11.9,.460,2.2,5.8,.383,3.3,6.1,.532,.553,2.1,2.4,.875,0.6,1.9,2.4,2.6,0.7,0.0,1.6,1.6,15.3,
Christian Braun,23,DEN,SG,67,65,33.5,5.9,10.3,.572,1.1,2.8,.390,4.8,7.5,.640,.625,2.3,2.7,.826,1.2,3.8,5.0,2.4,1.1,0.5,1.0,2.1,15.2,
Kelly Oubre Jr.,29,PHI,SF,60,57,34.6,5.8,12.4,.470,1.2,4.0,.293,4.6,8.3,.555,.518,2.3,3.1,.751,1.6,4.5,6.1,1.8,1.5,0.5,1.3,3.0,15.1,
Chet Holmgren,22,OKC,C,22,22,27.2,5.3,10.6,.500,1.3,3.7,.358,4.0,7.0,.575,.562,3.1,4.2,.731,1.8,6.8,8.5,1.9,0.8,2.5,1.8,2.1,15.0,
Naz Reid,25,MIN,C,69,17,27.9,5.5,11.8,.462,2.3,5.9,.387,3.2,5.9,.537,.559,1.4,1.9,.775,1.2,5.0,6.1,2.2,0.8,1.0,1.4,2.5,14.7,
Kyle Kuzma,29,2TM,PF,50,47,29.6,5.6,13.3,.421,1.3,4.7,.285,4.3,8.6,.495,.471,2.0,3.1,.628,0.8,5.3,6.1,2.3,0.6,0.2,2.3,1.8,14.5,
Kyle Kuzma,29,WAS,PF,32,30,27.7,6.0,14.2,.420,1.4,5.0,.281,4.6,9.2,.495,.469,1.8,3.1,.602,0.8,4.9,5.8,2.5,0.6,0.2,2.3,1.6,15.2,
Kyle Kuzma,29,MIL,PF,18,17,32.9,4.9,11.7,.424,1.2,4.2,.293,3.7,7.5,.496,.476,2.2,3.2,.672,0.7,6.0,6.7,1.9,0.5,0.2,2.3,2.1,13.3,
Deandre Ayton,26,POR,C,40,40,30.2,6.6,11.7,.566,0.2,0.8,.188,6.5,10.9,.594,.573,1.0,1.5,.667,3.1,7.1,10.2,1.6,0.8,1.0,1.7,2.2,14.4,
Gradey Dick,21,TOR,SG,54,54,29.4,4.9,12.0,.410,2.1,6.0,.350,2.8,5.9,.470,.498,2.5,2.9,.858,0.8,2.8,3.6,1.8,0.9,0.2,1.5,2.2,14.4,
Jerami Grant,30,POR,PF,47,47,32.4,4.6,12.2,.373,2.3,6.3,.365,2.3,5.9,.381,.467,3.0,3.5,.849,0.6,2.9,3.5,2.1,0.9,1.0,1.4,2.3,14.4,
Klay Thompson,34,DAL,SF,61,61,27.7,5.2,12.5,.415,3.1,7.8,.398,2.1,4.7,.443,.539,0.9,1.0,.905,0.7,2.9,3.6,2.1,0.8,0.5,1.3,1.2,14.4,
P.J. Washington,26,DAL,PF,48,47,32.2,5.1,11.7,.439,1.5,4.2,.368,3.6,7.5,.478,.504,2.5,3.3,.742,1.6,6.6,8.2,2.3,1.2,1.0,1.9,2.4,14.3,
Josh Hart,29,NYK,SG,64,64,37.8,5.4,10.2,.534,1.1,3.3,.335,4.3,6.9,.630,.588,2.2,2.8,.792,2.1,7.6,9.8,5.7,1.5,0.4,2.1,2.5,14.2,
Jakob Poeltl,29,TOR,C,52,51,29.8,6.2,10.1,.616,0.0,0.1,.333,6.2,10.0,.618,.617,1.8,2.6,.672,3.3,6.3,9.6,2.8,1.2,1.2,1.9,3.2,14.2,
Tre Mann,23,CHO,PG,13,0,24.5,5.4,12.4,.435,1.8,4.6,.400,3.5,7.8,.455,.509,1.5,1.6,.905,0.9,2.0,2.9,3.0,0.5,0.3,1.9,1.8,14.1,
Payton Pritchard,27,BOS,PG,67,0,28.1,5.0,10.5,.471,3.3,7.9,.418,1.7,2.7,.626,.627,0.9,1.1,.851,1.3,2.4,3.7,3.4,0.9,0.2,1.0,1.5,14.1,
Fred VanVleet,30,HOU,PG,50,50,35.1,4.9,12.8,.382,2.6,7.7,.340,2.3,5.1,.447,.485,1.7,2.1,.811,0.6,3.4,4.0,5.7,1.6,0.5,1.5,2.4,14.1,
Dillon Brooks,29,HOU,SF,65,65,32.3,5.1,12.1,.420,2.5,6.3,.393,2.6,5.8,.450,.522,1.4,1.7,.817,1.1,2.8,3.9,1.8,0.8,0.2,1.0,3.4,14.0,
Amen Thompson,22,HOU,SF,60,33,32.5,5.5,10.0,.553,0.3,1.3,.256,5.2,8.7,.597,.569,2.6,3.8,.693,2.8,5.6,8.3,3.6,1.3,1.3,2.1,2.3,14.0,
Dyson Daniels,21,ATL,SG,63,63,34.0,5.9,12.2,.479,1.1,3.1,.344,4.8,9.1,.525,.523,1.2,2.0,.593,1.6,4.0,5.6,4.2,3.0,0.7,1.9,2.5,13.9,
Tobias Harris,32,DET,PF,65,65,32.1,5.3,11.2,.473,1.2,3.7,.339,4.1,7.6,.538,.528,2.0,2.3,.868,0.9,5.2,6.1,2.2,0.9,0.8,1.1,1.9,13.9,
Stephon Castle,20,SAS,PG,66,32,25.8,5.0,11.7,.427,1.2,4.1,.286,3.8,7.6,.502,.477,2.7,3.8,.718,1.0,2.2,3.2,3.5,0.9,0.2,2.0,2.0,13.8,
Josh Giddey,22,CHI,PG,60,60,29.7,5.1,11.0,.462,1.5,4.0,.376,3.6,7.0,.511,.530,2.2,2.8,.789,1.7,6.0,7.7,6.7,1.1,0.6,2.8,1.7,13.8,
Aaron Gordon,29,DEN,PF,40,31,27.2,4.9,9.4,.521,1.5,3.2,.457,3.4,6.2,.555,.599,2.6,3.2,.811,1.6,3.2,4.9,3.0,0.5,0.3,1.3,1.5,13.8,
Jarrett Allen,26,CLE,C,67,67,28.6,5.6,7.9,.702,0.0,0.0,.000,5.6,7.9,.706,.702,2.6,3.4,.743,2.7,7.6,10.2,2.0,1.0,1.0,1.2,1.6,13.7,
Bobby Portis,29,MIL,PF,46,7,25.2,5.6,12.1,.463,1.3,3.6,.364,4.3,8.5,.505,.517,1.2,1.5,.821,1.8,6.5,8.3,2.2,0.7,0.5,1.2,1.9,13.7,
Dennis SchrÃ¶der,31,3TM,PG,63,41,27.5,4.7,11.2,.418,1.8,5.2,.355,2.8,6.0,.472,.500,2.2,2.6,.836,0.3,2.3,2.6,5.3,1.0,0.2,2.0,2.4,13.4,
Dennis SchrÃ¶der,31,BRK,PG,23,23,33.6,6.4,14.1,.452,2.5,6.5,.387,3.9,7.6,.509,.542,3.1,3.5,.889,0.2,2.8,3.0,6.6,1.1,0.2,2.6,2.4,18.4,
Dennis SchrÃ¶der,31,GSW,SG,24,18,26.2,3.9,10.5,.375,1.5,4.8,.322,2.4,5.7,.419,.448,1.2,1.6,.744,0.4,1.9,2.3,4.4,1.0,0.1,2.0,2.8,10.6,
Dennis SchrÃ¶der,31,DET,PG,16,0,20.8,3.4,8.1,.415,1.3,3.9,.339,2.1,4.3,.485,.496,2.3,2.8,.822,0.4,2.0,2.4,4.9,0.6,0.3,1.1,1.8,10.4,
Rui Hachimura,26,LAL,PF,50,50,32.1,5.1,10.0,.506,1.7,4.1,.410,3.4,5.9,.573,.590,1.5,2.0,.765,1.5,3.8,5.2,1.5,0.8,0.5,0.9,1.8,13.3,
Quentin Grimes,24,2TM,SG,64,26,25.5,4.7,9.8,.482,2.0,5.0,.396,2.7,4.7,.574,.585,1.8,2.4,.742,0.8,3.5,4.3,2.6,0.9,0.3,1.6,1.8,13.2,
Quentin Grimes,24,DAL,SG,47,12,22.8,3.6,7.8,.463,1.7,4.3,.398,1.9,3.5,.543,.573,1.3,1.7,.765,0.6,3.2,3.8,2.1,0.7,0.2,1.3,1.7,10.2,
Quentin Grimes,24,PHI,SG,17,14,33.2,7.8,15.4,.510,2.8,7.2,.393,5.0,8.2,.612,.602,2.9,4.1,.714,1.1,4.4,5.5,3.8,1.5,0.6,2.5,2.2,21.4,
Russell Westbrook,36,DEN,PG,62,33,28.2,5.0,10.9,.460,1.3,3.9,.342,3.7,7.0,.525,.521,1.8,2.8,.640,1.5,3.6,5.1,6.2,1.4,0.5,3.1,2.5,13.1,
Moritz Wagner,27,ORL,C,30,1,18.8,4.7,8.3,.562,0.9,2.5,.360,3.8,5.8,.649,.616,2.6,3.7,.718,1.3,3.6,4.9,1.4,0.8,0.4,1.6,1.8,12.9,
D'Angelo Russell,28,2TM,PG,52,30,25.6,4.4,10.9,.400,1.9,6.0,.318,2.4,4.9,.502,.489,2.1,2.5,.840,0.3,2.4,2.8,5.2,1.0,0.4,1.9,2.0,12.8,
D'Angelo Russell,28,LAL,PG,29,10,26.3,4.4,10.7,.415,1.9,5.8,.333,2.5,4.9,.510,.505,1.6,1.8,.849,0.3,2.5,2.8,4.7,0.8,0.1,1.7,1.8,12.4,
D'Angelo Russell,28,BRK,PG,23,20,24.7,4.3,11.1,.383,1.9,6.3,.301,2.3,4.8,.491,.469,2.8,3.4,.833,0.4,2.4,2.8,5.7,1.2,0.8,2.0,2.2,13.3,
Scoot Henderson,20,POR,PG,61,9,26.9,4.4,10.4,.426,1.6,4.3,.362,2.8,6.0,.471,.502,2.4,3.2,.772,0.8,2.3,3.1,5.0,1.1,0.2,2.7,2.8,12.8,
Onyeka Okongwu,24,ATL,C,61,27,26.7,5.1,8.9,.573,0.5,1.6,.300,4.6,7.2,.635,.601,2.2,2.9,.746,3.0,5.5,8.5,2.2,0.9,1.0,1.0,2.4,12.8,
Santi Aldama,24,MEM,PF,53,13,25.0,5.0,10.2,.487,1.8,4.8,.375,3.2,5.4,.588,.576,0.9,1.3,.700,1.6,5.1,6.7,2.8,0.8,0.5,1.0,1.1,12.7,
Oshae Brissett,26,PHI,SF,3,1,30.3,5.0,8.7,.577,1.7,4.0,.417,3.3,4.7,.714,.673,1.0,2.7,.375,2.0,1.7,3.7,1.0,1.0,1.0,2.7,2.3,12.7,
Malcolm Brogdon,32,WAS,PG,24,13,23.5,4.3,10.0,.433,0.7,2.3,.286,3.7,7.7,.478,.467,3.4,3.8,.880,0.9,2.9,3.8,4.1,0.5,0.2,1.6,1.3,12.7,
Naji Marshall,27,DAL,SF,56,22,26.6,4.9,10.0,.495,0.9,3.4,.277,4.0,6.6,.605,.541,1.8,2.2,.844,1.1,3.6,4.7,2.9,1.1,0.1,1.6,1.5,12.7,
Jaden McDaniels,24,MIN,PF,70,70,32.4,5.0,10.4,.482,1.3,3.9,.338,3.7,6.5,.569,.546,1.3,1.6,.830,1.7,4.4,6.1,2.1,1.5,0.9,1.1,2.9,12.7,
Keldon Johnson,25,SAS,SF,64,0,23.7,4.7,9.8,.486,1.2,3.5,.332,3.6,6.2,.573,.546,2.0,2.6,.768,1.4,3.2,4.5,1.5,0.6,0.2,1.0,1.5,12.6,
Brook Lopez,36,MIL,C,66,66,31.7,4.7,9.5,.493,1.8,4.8,.369,2.9,4.7,.620,.586,1.4,1.7,.848,1.3,3.6,5.0,1.7,0.7,1.9,1.0,2.2,12.5,
Alex Sarr,19,WAS,C,52,52,26.9,4.7,11.8,.393,1.6,4.9,.323,3.1,6.9,.444,.461,1.6,2.4,.653,1.9,4.7,6.6,2.3,0.7,1.6,1.4,2.3,12.5,
Tari Eason,23,HOU,PF,46,12,25.3,4.9,10.0,.486,1.2,3.3,.351,3.7,6.7,.554,.544,1.5,2.0,.769,2.3,4.1,6.3,1.3,1.8,0.9,1.1,2.5,12.4,
Bilal Coulibaly,20,WAS,SF,59,59,33.0,4.5,10.6,.421,1.1,3.8,.281,3.4,6.8,.500,.472,2.3,3.1,.746,1.5,3.4,5.0,3.4,1.3,0.7,2.1,2.4,12.3,
Ayo Dosunmu,25,CHI,SG,46,26,30.3,4.8,9.8,.492,1.3,4.1,.328,3.5,5.7,.612,.561,1.3,1.7,.785,0.6,2.9,3.5,4.5,0.9,0.4,1.5,2.3,12.3,
Daniel Gafford,26,DAL,C,51,28,21.9,5.0,7.1,.699,0.0,0.0,,5.0,7.1,.699,.699,2.4,3.4,.699,2.7,4.1,6.9,1.4,0.4,1.9,1.2,2.7,12.3,
Keegan Murray,24,SAC,PF,64,64,34.6,4.8,10.8,.440,1.9,5.8,.333,2.8,5.0,.564,.530,0.9,1.0,.833,2.0,4.8,6.8,1.4,0.8,0.8,0.8,2.5,12.3,
Khris Middleton,33,2TM,SF,34,18,23.1,4.5,9.1,.490,1.3,3.6,.358,3.2,5.5,.578,.561,1.9,2.3,.857,0.4,3.5,3.9,4.2,0.9,0.2,1.6,2.1,12.2,
Khris Middleton,33,MIL,SF,23,7,23.2,4.7,9.2,.512,1.5,3.7,.407,3.2,5.4,.584,.595,1.7,2.0,.848,0.2,3.5,3.7,4.4,0.7,0.2,1.6,2.3,12.6,
Khris Middleton,33,WAS,SF,11,11,22.8,4.0,9.0,.444,0.8,3.4,.243,3.2,5.6,.565,.490,2.5,2.8,.871,0.6,3.5,4.2,3.7,1.4,0.3,1.5,1.8,11.3,
Jabari Smith Jr.,21,HOU,PF,47,39,30.9,4.3,10.0,.431,1.7,4.9,.349,2.6,5.1,.510,.517,1.9,2.3,.813,1.9,4.8,6.7,1.0,0.4,0.8,1.0,2.3,12.2,
Daeqwon Plowden,26,ATL,SG,2,0,16.5,4.0,5.0,.800,3.0,4.0,.750,1.0,1.0,1.000,1.100,1.0,1.0,1.000,1.5,1.0,2.5,0.0,0.0,0.0,0.5,2.5,12.0,
Caris LeVert,30,2TM,SG,52,3,24.9,4.3,9.0,.473,1.7,4.3,.394,2.6,4.7,.547,.568,1.6,2.3,.718,0.6,2.5,3.1,3.4,0.9,0.5,1.2,1.5,11.9,
Caris LeVert,30,CLE,SF,38,3,23.8,3.6,7.8,.453,1.6,3.9,.405,2.0,3.9,.500,.554,1.5,2.2,.699,0.6,2.2,2.8,3.7,0.9,0.5,1.3,1.3,10.2,
Caris LeVert,30,ATL,SG,14,0,27.9,6.2,12.2,.509,2.1,5.6,.372,4.1,6.6,.624,.594,1.9,2.4,.765,0.6,3.2,3.9,2.5,1.0,0.6,0.9,2.0,16.4,
Ty Jerome,27,CLE,SG,62,2,19.6,4.3,8.5,.505,1.5,3.5,.435,2.8,5.0,.553,.594,1.9,2.1,.885,0.7,1.9,2.6,3.3,1.2,0.0,1.3,1.5,11.9,
Harrison Barnes,32,SAS,PF,67,67,27.3,4.1,8.0,.507,1.7,4.0,.432,2.3,4.0,.584,.616,1.9,2.4,.779,1.4,2.5,3.9,1.7,0.4,0.2,0.6,0.9,11.8,
Donte DiVincenzo,28,MIN,SG,51,10,26.6,4.0,9.6,.418,2.8,7.2,.395,1.2,2.4,.484,.565,0.9,1.1,.786,0.5,3.2,3.7,3.8,1.3,0.2,1.5,1.8,11.7,
Zaccharie Risacher,19,ATL,SF,61,59,24.5,4.4,10.0,.443,1.5,4.3,.343,2.9,5.7,.519,.517,1.4,2.0,.714,1.2,2.4,3.7,1.2,0.8,0.5,1.3,1.9,11.7,
Corey Kispert,25,WAS,SF,61,0,26.3,4.2,9.3,.451,2.0,5.4,.364,2.2,3.9,.574,.558,1.2,1.4,.852,0.6,2.4,3.0,1.7,0.4,0.2,1.0,1.6,11.6,
Walker Kessler,23,UTA,C,52,52,30.4,5.0,7.1,.698,0.1,0.3,.176,4.9,6.8,.723,.702,1.5,2.8,.545,4.7,7.8,12.5,1.6,0.6,2.4,1.5,2.2,11.5,
Jeremy Sochan,21,SAS,PF,47,19,25.2,4.7,8.5,.555,0.6,1.6,.342,4.1,6.9,.606,.588,1.5,2.3,.679,2.4,4.3,6.7,2.4,0.8,0.5,1.6,2.4,11.5,
Jalen Duren,21,DET,C,66,66,25.9,4.7,6.8,.696,0.0,0.0,,4.7,6.8,.696,.696,2.0,2.9,.683,3.4,6.8,10.3,2.6,0.7,1.2,1.8,3.2,11.4,
Isaiah Hartenstein,26,OKC,C,47,44,28.3,5.0,8.6,.578,0.0,0.3,.000,5.0,8.3,.601,.578,1.4,2.2,.667,2.9,8.2,11.1,3.9,0.8,1.0,1.7,3.0,11.4,
Aaron Wiggins,26,OKC,SG,67,21,22.5,4.5,9.1,.490,1.6,4.2,.387,2.8,4.9,.580,.580,0.8,1.0,.833,1.1,2.7,3.8,1.7,0.8,0.3,0.9,1.3,11.4,
Buddy Hield,32,GSW,SG,68,22,23.1,4.1,9.9,.415,2.5,6.9,.365,1.6,3.0,.527,.541,0.6,0.8,.784,0.6,2.6,3.2,1.7,0.9,0.3,1.2,1.6,11.3,
Aaron Nesmith,25,IND,SF,31,23,24.6,4.0,8.1,.500,1.7,4.1,.414,2.3,3.9,.590,.606,1.4,1.6,.898,0.7,3.0,3.7,1.4,0.7,0.4,0.8,2.5,11.2,
Terry Rozier,30,MIA,PG,59,23,26.6,4.1,10.3,.396,1.5,5.0,.300,2.6,5.3,.486,.469,1.5,1.8,.857,0.7,3.1,3.8,2.7,0.6,0.2,1.3,1.2,11.2,
Duncan Robinson,30,MIA,SF,65,33,24.5,4.0,9.1,.436,2.6,6.6,.388,1.4,2.5,.563,.577,0.7,0.7,.896,0.2,2.1,2.3,2.5,0.6,0.1,1.2,1.9,11.1,
Jonas ValanÄiÅ«nas,32,2TM,C,66,18,19.9,4.5,8.2,.546,0.1,0.5,.250,4.4,7.8,.564,.553,1.9,2.2,.867,2.5,5.7,8.2,2.2,0.5,0.7,1.6,2.2,11.0,
Jonas ValanÄiÅ«nas,32,WAS,C,49,12,20.1,4.7,8.6,.547,0.1,0.6,.259,4.6,8.1,.567,.556,1.9,2.2,.896,2.4,5.8,8.2,2.2,0.4,0.6,1.8,2.0,11.5,
Jonas ValanÄiÅ«nas,32,SAC,C,17,6,19.5,3.9,7.2,.541,0.1,0.3,.200,3.8,6.9,.556,.545,1.7,2.2,.784,2.8,5.4,8.1,2.3,0.7,0.9,1.2,2.8,9.5,
Jrue Holiday,34,BOS,PG,52,52,30.5,4.1,9.2,.445,1.8,5.1,.343,2.3,4.1,.570,.540,1.0,1.2,.900,1.2,3.1,4.3,3.7,1.0,0.5,1.3,1.7,11.0,
Bogdan BogdanoviÄ,32,2TM,SG,40,4,25.5,3.9,9.6,.407,1.9,5.8,.328,2.0,3.8,.530,.507,1.2,1.4,.870,0.5,2.5,3.0,2.4,0.7,0.2,1.5,2.3,10.9,
Bogdan BogdanoviÄ,32,ATL,SG,24,0,24.9,3.5,9.3,.371,1.8,6.1,.301,1.6,3.3,.500,.469,1.3,1.4,.882,0.5,2.3,2.8,2.0,0.8,0.3,1.5,2.4,10.0,
Bogdan BogdanoviÄ,32,LAC,SG,16,4,26.3,4.6,9.9,.459,2.0,5.4,.372,2.6,4.6,.562,.560,1.1,1.3,.850,0.4,2.9,3.4,2.9,0.6,0.2,1.5,2.3,12.2,
Rudy Gobert,32,MIN,C,60,60,32.7,4.3,6.5,.654,0.0,0.0,,4.3,6.5,.654,.654,2.4,3.5,.678,3.5,6.8,10.3,1.8,0.7,1.5,1.3,2.4,10.9,
Toumani Camara,24,POR,PF,66,66,32.8,4.0,8.8,.454,1.6,4.3,.369,2.4,4.5,.535,.544,1.2,1.6,.745,2.3,3.6,5.9,2.2,1.5,0.7,1.5,3.1,10.8,
Jaylen Wells,21,MEM,SG,69,64,26.0,3.8,8.8,.432,1.8,5.1,.360,2.0,3.8,.529,.535,1.4,1.7,.810,1.1,2.2,3.3,1.7,0.6,0.1,0.9,1.9,10.8,
Grayson Allen,29,PHO,SG,53,3,24.8,3.4,7.6,.450,2.4,5.6,.434,1.0,2.0,.495,.611,1.5,1.8,.811,0.5,2.6,3.1,2.2,0.9,0.4,1.1,1.5,10.7,
Brandon Boston Jr.,23,NOP,SG,42,10,23.6,4.0,9.1,.436,1.2,3.3,.350,2.8,5.7,.485,.500,1.6,2.0,.788,0.7,2.5,3.2,2.2,1.3,0.2,1.2,1.7,10.7,
Nikola JoviÄ,21,MIA,PF,46,10,25.1,3.7,8.2,.456,1.7,4.6,.371,2.0,3.6,.563,.560,1.6,1.9,.828,0.6,3.3,3.9,2.8,0.8,0.3,1.3,1.8,10.7,
Spencer Dinwiddie,31,DAL,PG,67,20,26.0,3.4,8.3,.414,1.4,4.0,.336,2.1,4.3,.488,.496,2.3,2.9,.809,0.2,2.2,2.4,3.8,0.8,0.2,1.2,1.5,10.6,
Jordan Hawkins,22,NOP,SG,51,7,23.3,3.6,9.8,.371,1.9,5.8,.332,1.7,4.1,.425,.468,1.4,1.6,.831,0.5,2.2,2.6,1.1,0.6,0.4,1.0,0.8,10.6,
Gary Trent Jr.,26,MIL,SG,60,7,24.8,3.8,8.6,.437,2.3,5.6,.417,1.4,3.0,.473,.572,0.8,1.0,.831,0.3,2.1,2.3,1.2,1.0,0.1,0.6,1.8,10.6,
Derrick Jones Jr.,27,LAC,SF,63,52,24.8,4.2,7.9,.528,1.0,2.8,.362,3.2,5.1,.619,.592,1.1,1.6,.704,1.3,2.2,3.5,0.8,1.1,0.4,0.9,2.0,10.5,
Guerschon Yabusele,29,PHI,C,62,35,26.6,3.8,7.7,.497,1.5,3.8,.391,2.3,3.9,.599,.593,1.4,1.9,.739,1.9,3.7,5.6,2.0,0.8,0.4,1.3,2.4,10.5,
Tim Hardaway Jr.,32,DET,SG,65,65,28.1,3.4,8.6,.400,2.1,5.8,.361,1.3,2.8,.483,.522,1.5,1.8,.826,0.2,2.2,2.4,1.6,0.5,0.1,0.7,1.2,10.4,
Tyus Jones,28,PHO,PG,68,57,28.1,3.8,8.5,.447,2.1,4.9,.426,1.7,3.6,.477,.571,0.7,0.8,.891,0.5,1.9,2.4,5.7,0.8,0.1,1.3,0.9,10.4,
Grant Williams,26,CHO,PF,16,7,29.9,3.4,7.7,.439,1.7,4.6,.365,1.7,3.1,.551,.549,1.9,2.3,.838,1.1,4.0,5.1,2.3,1.1,0.8,1.8,2.9,10.4,
Herbert Jones,26,NOP,SF,20,20,32.4,3.8,8.6,.436,1.1,3.6,.306,2.7,5.0,.530,.500,1.7,2.0,.825,1.1,2.8,3.9,3.3,1.9,0.5,1.8,3.3,10.3,
De'Anthony Melton,26,GSW,SG,6,2,20.2,3.7,9.0,.407,2.2,5.8,.371,1.5,3.2,.474,.528,0.8,1.3,.625,1.0,2.3,3.3,2.8,1.2,0.3,1.7,3.0,10.3,
Obi Toppin,26,IND,PF,64,1,19.5,3.9,7.4,.533,1.3,3.6,.351,2.7,3.8,.704,.618,1.2,1.5,.792,0.7,3.3,4.1,1.6,0.6,0.3,0.9,1.4,10.3,
Nic Claxton,25,BRK,C,59,51,27.2,4.5,8.2,.549,0.0,0.3,.063,4.5,7.9,.566,.550,1.2,2.3,.522,2.2,5.2,7.4,2.3,0.9,1.5,1.2,2.2,10.2,
Amir Coffey,27,LAC,SG,66,13,25.5,3.5,7.5,.473,1.5,3.6,.414,2.0,3.9,.527,.572,1.6,1.8,.908,0.5,1.8,2.3,1.1,0.6,0.1,0.6,1.7,10.2,
Keon Johnson,22,BRK,SG,66,43,23.9,3.7,9.7,.378,1.5,5.0,.304,2.2,4.8,.455,.456,1.3,1.6,.778,0.9,2.9,3.8,2.0,1.0,0.4,1.3,2.5,10.2,
Andrew Nembhard,25,IND,SG,51,51,28.8,3.8,8.2,.469,0.8,2.6,.311,3.0,5.6,.542,.518,1.7,2.2,.793,0.5,2.6,3.1,5.0,1.3,0.2,1.8,2.4,10.2,
Ochai Agbaji,24,TOR,SG,55,39,26.9,4.0,8.0,.503,1.5,3.8,.399,2.5,4.2,.597,.598,0.6,0.8,.689,0.9,2.8,3.7,1.5,0.8,0.5,0.8,1.8,10.1,
Brandin Podziemski,21,GSW,SG,50,19,25.4,3.8,8.9,.427,1.4,4.3,.319,2.5,4.7,.526,.503,1.1,1.5,.757,1.0,3.8,4.9,3.4,1.1,0.2,1.1,1.5,10.1,
Chris Boucher,32,TOR,PF,50,0,17.2,3.6,7.4,.492,1.4,3.9,.363,2.2,3.5,.633,.586,1.4,1.7,.782,1.4,3.1,4.5,0.7,0.5,0.5,0.6,1.4,10.0,
N'Faly Dante,23,HOU,C,1,0,19.0,4.0,6.0,.667,0.0,0.0,,4.0,6.0,.667,.667,2.0,3.0,.667,4.0,5.0,9.0,1.0,0.0,2.0,1.0,4.0,10.0,
Moses Moody,22,GSW,SG,60,20,21.4,3.4,7.6,.448,1.8,4.5,.391,1.6,3.1,.533,.565,1.4,1.8,.782,0.7,1.8,2.5,1.2,0.7,0.4,0.7,1.5,10.0,
Brice Sensabaugh,21,UTA,SF,58,8,18.8,3.6,7.9,.455,1.9,4.8,.402,1.7,3.2,.536,.576,0.8,0.9,.907,0.6,2.2,2.7,1.4,0.6,0.1,1.5,1.4,10.0,
Ziaire Williams,23,BRK,SF,53,35,24.6,3.4,8.3,.411,1.6,4.6,.337,1.8,3.6,.505,.506,1.6,2.0,.829,1.1,3.7,4.8,1.4,1.0,0.4,1.0,2.4,10.0,
Luguentz Dort,25,OKC,SF,62,62,29.1,3.5,8.3,.424,2.3,5.7,.396,1.3,2.6,.488,.561,0.5,0.7,.750,1.4,2.8,4.2,1.6,1.1,0.6,0.7,2.9,9.9,
Georges Niang,31,2TM,PF,66,2,21.8,3.5,7.7,.459,2.0,5.0,.393,1.6,2.8,.577,.585,0.6,0.8,.800,0.7,3.1,3.8,1.5,0.4,0.2,0.9,2.5,9.7,
Georges Niang,31,CLE,PF,51,1,20.6,3.3,6.8,.477,1.8,4.4,.400,1.5,2.4,.618,.606,0.5,0.6,.793,0.7,3.0,3.7,1.3,0.3,0.1,0.9,2.5,8.7,
Georges Niang,31,ATL,PF,15,1,25.8,4.5,10.8,.420,2.6,6.9,.379,1.9,3.9,.492,.540,1.1,1.4,.810,0.7,3.5,4.2,1.9,0.5,0.3,0.9,2.6,12.8,
A.J. Lawson,24,TOR,SG,14,2,19.0,3.3,8.1,.404,1.6,4.6,.359,1.6,3.6,.460,.504,1.5,2.3,.656,0.9,2.4,3.3,1.0,0.3,0.1,0.6,1.9,9.7,
Kevin Porter Jr.,24,2TM,SG,61,2,18.8,3.7,8.5,.438,0.7,2.3,.297,3.0,6.2,.489,.478,1.5,2.0,.738,0.5,2.9,3.4,3.2,1.0,0.2,1.8,1.5,9.6,
Kevin Porter Jr.,24,LAC,SG,45,2,19.6,3.8,9.0,.423,0.6,2.4,.245,3.2,6.7,.485,.455,1.1,1.7,.645,0.6,2.9,3.6,3.2,1.0,0.2,1.9,1.6,9.3,
Kevin Porter Jr.,24,MIL,SG,16,0,16.4,3.4,6.8,.495,0.9,2.0,.469,2.4,4.8,.506,.564,2.6,2.9,.891,0.3,2.9,3.1,3.1,1.1,0.1,1.8,1.4,10.3,
Jose Alvarado,26,NOP,PG,45,12,23.9,3.4,8.5,.399,2.0,5.3,.374,1.4,3.2,.441,.516,0.9,1.1,.800,0.4,1.9,2.3,4.6,1.4,0.2,1.1,1.7,9.6,
Cole Anthony,24,ORL,PG,61,22,18.6,3.5,8.3,.423,1.1,3.2,.349,2.4,5.1,.470,.490,1.4,1.7,.821,0.7,2.3,3.0,2.9,0.7,0.4,1.6,2.3,9.6,
Julian Champagnie,23,SAS,SF,67,26,23.2,3.3,7.9,.415,2.1,5.7,.361,1.2,2.2,.559,.546,0.9,1.0,.899,0.8,3.0,3.8,1.3,0.8,0.4,0.9,1.3,9.6,
Max Christie,21,2TM,SG,65,35,27.2,3.2,7.4,.430,1.5,4.1,.375,1.7,3.4,.495,.532,1.6,1.8,.842,0.5,2.6,3.1,1.9,0.8,0.4,1.0,1.6,9.5,
Max Christie,21,LAL,SG,46,25,25.1,2.8,6.3,.444,1.3,3.5,.368,1.5,2.7,.544,.549,1.6,1.9,.851,0.5,2.1,2.7,1.4,0.8,0.5,0.8,1.6,8.5,
Max Christie,21,DAL,SG,19,10,32.3,4.2,10.3,.408,2.1,5.3,.386,2.2,5.0,.432,.508,1.4,1.7,.818,0.4,3.9,4.3,3.2,0.9,0.4,1.5,1.6,11.9,
Nick Richards,27,2TM,C,48,35,21.9,3.6,6.0,.600,0.0,0.0,.000,3.6,6.0,.604,.600,2.3,3.1,.735,2.5,6.0,8.4,0.9,0.2,1.0,1.4,2.5,9.5,
Nick Richards,27,CHO,C,21,9,21.0,3.0,5.4,.561,0.0,0.0,.000,3.0,5.4,.566,.561,2.8,4.1,.678,2.4,5.1,7.5,1.3,0.3,1.2,1.6,2.3,8.9,
Nick Richards,27,PHO,C,27,26,22.6,4.1,6.5,.625,0.0,0.0,.000,4.1,6.5,.629,.625,1.8,2.2,.817,2.5,6.7,9.1,0.6,0.1,0.9,1.3,2.6,10.0,
Noah Clowney,20,BRK,PF,40,18,22.8,3.0,8.1,.376,2.0,5.7,.351,1.0,2.4,.436,.500,1.5,1.7,.841,1.0,2.9,3.9,0.8,0.5,0.5,1.0,2.2,9.5,
Isaiah Joe,25,OKC,SG,61,12,21.0,3.3,7.7,.426,2.4,6.1,.396,0.9,1.7,.535,.582,0.5,0.7,.786,0.5,2.1,2.6,1.5,0.6,0.1,0.5,1.6,9.5,
Luke Kennard,28,MEM,SG,54,10,22.6,3.4,7.0,.482,1.9,4.3,.446,1.5,2.8,.537,.617,0.9,1.0,.885,0.6,2.2,2.8,3.4,0.7,0.1,1.1,0.9,9.5,
Dalton Knecht,23,LAL,SF,64,14,20.6,3.5,7.5,.464,1.7,4.6,.364,1.8,2.9,.624,.576,0.9,1.1,.753,0.5,2.5,3.0,0.9,0.3,0.1,0.5,1.3,9.5,
Ausar Thompson,22,DET,SF,47,36,21.5,4.0,7.2,.550,0.2,0.8,.243,3.8,6.4,.587,.563,1.3,2.2,.600,1.9,3.1,4.9,2.2,1.7,0.6,1.4,2.8,9.5,
Marcus Smart,30,2TM,PG,28,6,20.6,3.1,7.9,.394,1.5,4.4,.341,1.6,3.5,.459,.489,1.7,2.1,.797,0.6,1.6,2.2,3.5,1.1,0.3,1.7,1.8,9.4,
Marcus Smart,30,MEM,PG,19,6,21.1,2.8,7.8,.358,1.5,4.7,.322,1.3,3.1,.414,.456,1.6,1.9,.833,0.7,1.5,2.3,3.7,1.2,0.3,1.8,1.6,8.7,
Marcus Smart,30,WAS,PG,9,0,19.8,3.8,8.1,.466,1.4,3.7,.394,2.3,4.4,.525,.555,1.9,2.6,.739,0.3,1.7,2.0,2.9,1.0,0.1,1.3,2.0,10.9,
Tosan Evbuomwan,23,BRK,SF,21,0,23.9,3.4,7.8,.433,0.8,2.6,.291,2.6,5.2,.505,.482,1.9,2.5,.755,1.2,2.9,4.0,1.6,0.8,0.3,1.5,1.9,9.4,
Miles McBride,24,NYK,PG,57,6,24.6,3.4,8.3,.411,1.8,4.7,.376,1.6,3.6,.456,.517,0.9,1.1,.817,0.8,1.8,2.5,2.8,1.0,0.3,0.7,1.6,9.4,
T.J. McConnell,32,IND,PG,64,0,18.1,4.2,8.1,.520,0.2,0.7,.302,4.0,7.4,.540,.533,0.8,1.0,.738,0.5,1.8,2.4,4.5,1.1,0.3,1.5,1.0,9.4,
Royce O'Neale,31,PHO,SF,63,19,25.3,3.3,7.7,.433,2.4,5.8,.417,0.9,1.9,.483,.591,0.3,0.4,.731,0.8,4.1,4.9,2.2,1.0,0.5,0.9,2.0,9.4,
Julian Strawther,22,DEN,SG,61,4,22.1,3.4,7.7,.434,1.5,4.3,.357,1.8,3.4,.531,.534,1.1,1.3,.829,0.3,1.9,2.2,1.3,0.6,0.2,0.9,2.4,9.4,
Nickeil Alexander-Walker,26,MIN,SG,70,10,25.2,3.3,7.5,.444,1.8,4.5,.393,1.6,3.0,.522,.562,0.9,1.2,.765,0.6,2.6,3.2,2.5,0.6,0.4,1.2,1.7,9.3,
Svi Mykhailiuk,27,UTA,SF,28,12,20.1,3.3,8.5,.389,2.0,5.8,.344,1.3,2.7,.487,.506,0.7,0.9,.792,0.5,1.9,2.4,1.9,0.6,0.2,1.5,1.3,9.3,
Bub Carrington,19,WAS,PG,67,43,29.2,3.4,8.5,.399,1.6,4.7,.336,1.8,3.8,.476,.492,0.8,1.0,.831,0.4,3.6,4.0,4.1,0.7,0.2,1.6,2.3,9.2,
Zach Edey,22,MEM,C,54,46,20.9,3.9,6.7,.575,0.3,0.8,.356,3.6,5.9,.606,.597,1.2,1.8,.705,3.6,4.2,7.8,0.9,0.5,1.3,1.3,2.6,9.2,
Draymond Green,34,GSW,PF,54,52,29.0,3.2,7.4,.436,1.1,3.4,.335,2.1,4.0,.521,.513,1.6,2.4,.680,1.1,5.0,6.1,5.8,1.4,1.1,2.5,3.1,9.2,
Jalen Wilson,24,BRK,PF,67,16,26.0,3.1,7.7,.398,1.4,4.4,.324,1.6,3.3,.495,.490,1.7,2.0,.830,1.0,2.3,3.3,1.8,0.5,0.0,1.1,2.1,9.2,
Dante Exum,29,DAL,PG,18,12,19.1,3.3,6.9,.480,1.2,2.6,.447,2.2,4.3,.500,.564,1.3,1.7,.742,0.2,1.4,1.7,2.8,0.7,0.2,1.1,1.7,9.1,
Dereck Lively II,20,DAL,C,32,25,24.0,3.9,5.5,.701,0.0,0.0,,3.9,5.5,.701,.701,1.4,2.2,.638,3.1,4.8,7.8,2.6,0.5,1.7,1.2,2.9,9.1,
Scotty Pippen Jr.,24,MEM,PG,67,17,20.4,3.4,7.1,.470,1.0,2.7,.369,2.4,4.5,.530,.539,1.4,2.0,.708,0.8,2.4,3.2,4.3,1.3,0.4,1.7,2.4,9.1,
Nick Smith Jr.,20,CHO,SG,48,24,22.0,3.5,9.0,.394,1.6,4.9,.322,2.0,4.1,.477,.480,0.5,0.5,.923,0.2,1.8,2.0,2.1,0.3,0.1,1.3,1.3,9.1,
Anthony Black,21,ORL,PG,65,9,23.7,3.1,7.5,.415,0.7,2.3,.316,2.4,5.2,.460,.464,2.0,2.7,.746,0.6,2.1,2.7,3.0,1.0,0.5,1.7,2.1,9.0,
Killian Hayes,23,BRK,PG,6,5,27.0,3.0,7.2,.419,1.3,3.5,.381,1.7,3.7,.455,.512,1.7,2.0,.833,0.8,2.2,3.0,5.2,0.7,0.7,1.5,2.2,9.0,
Max Strus,28,CLE,SF,38,25,25.0,3.1,7.4,.418,2.2,5.9,.376,0.9,1.5,.589,.569,0.6,0.7,.880,0.9,3.4,4.4,3.2,0.6,0.3,0.9,2.0,9.0,
Trendon Watford,24,BRK,PF,30,0,18.5,3.2,7.2,.444,0.6,2.0,.305,2.6,5.2,.497,.486,2.0,2.4,.808,0.8,2.6,3.3,2.3,0.7,0.3,1.7,2.2,9.0,
Cam Whitmore,20,HOU,SF,44,1,16.2,3.3,8.0,.420,1.2,3.7,.329,2.1,4.3,.497,.496,1.1,1.5,.738,0.7,2.3,3.0,0.9,0.6,0.3,0.8,0.9,9.0,
Clint Capela,30,ATL,C,55,41,21.4,4.0,7.1,.559,0.0,0.0,.000,4.0,7.1,.560,.559,0.9,1.8,.536,3.2,5.4,8.5,1.1,0.6,1.0,0.9,1.9,8.9,
Wendell Carter Jr.,25,ORL,C,56,39,25.9,3.2,7.1,.455,0.5,2.2,.216,2.8,4.9,.564,.489,2.0,2.7,.737,2.2,5.3,7.4,2.1,0.7,0.5,1.1,2.9,8.9,
Patrick Williams,23,CHI,PF,49,35,25.7,3.2,8.4,.378,1.5,4.4,.346,1.7,4.1,.412,.467,1.1,1.4,.732,0.8,3.2,4.0,2.0,0.8,0.6,1.3,1.4,8.9,
Kevin Huerter,26,2TM,SG,57,19,22.6,3.3,8.2,.402,1.7,5.4,.319,1.5,2.7,.568,.509,0.5,0.8,.721,0.5,2.5,3.0,1.9,0.9,0.3,0.9,1.7,8.8,
Kevin Huerter,26,SAC,SG,43,15,20.9,3.0,7.2,.413,1.4,4.8,.302,1.5,2.4,.629,.513,0.5,0.7,.714,0.4,2.3,2.8,1.7,0.8,0.4,0.9,1.6,7.9,
Kevin Huerter,26,CHI,SG,14,4,27.8,4.2,11.1,.381,2.6,7.5,.352,1.6,3.6,.440,.500,0.8,1.1,.733,0.6,3.0,3.6,2.3,1.3,0.2,1.2,2.0,11.9,
Yves Missi,20,NOP,C,64,58,26.9,3.6,6.6,.544,0.0,0.0,.000,3.6,6.6,.545,.544,1.7,2.6,.637,3.5,4.5,8.0,1.3,0.5,1.4,1.2,2.0,8.8,
Kentavious Caldwell-Pope,31,ORL,SG,65,65,30.2,3.1,7.3,.428,1.4,4.3,.319,1.8,3.0,.585,.522,1.1,1.3,.869,0.4,1.7,2.1,1.8,1.3,0.5,0.8,2.0,8.7,
Kyshawn George,21,WAS,SG,61,31,27.2,3.0,8.0,.369,1.7,5.3,.324,1.2,2.7,.455,.476,1.0,1.3,.768,0.7,3.5,4.2,2.4,1.0,0.8,1.5,3.0,8.7,
Jaime Jaquez Jr.,23,MIA,SF,56,14,21.8,3.2,7.1,.445,0.6,1.9,.298,2.6,5.3,.497,.484,1.8,2.4,.759,1.2,3.3,4.6,2.6,1.0,0.2,1.5,1.4,8.7,
Chris Paul,39,SAS,PG,67,67,28.1,2.9,7.0,.418,1.7,4.6,.376,1.2,2.4,.497,.541,1.2,1.2,.940,0.4,3.2,3.6,7.8,1.3,0.2,1.5,1.7,8.7,
Justin Edwards,21,PHI,SF,34,16,24.6,3.3,7.4,.450,1.4,4.1,.348,1.9,3.3,.575,.546,0.6,0.8,.704,1.0,2.1,3.1,1.4,0.9,0.3,0.9,2.3,8.6,
Tyrese Martin,25,BRK,SG,50,7,21.4,3.1,7.7,.407,1.6,4.6,.353,1.5,3.0,.490,.514,0.7,0.9,.761,1.0,2.6,3.6,1.8,0.5,0.2,1.2,1.2,8.6,
Kel'el Ware,20,MIA,C,50,22,20.6,3.7,6.7,.546,0.6,1.8,.319,3.1,4.9,.631,.590,0.7,1.1,.698,1.6,4.9,6.5,0.9,0.6,1.0,0.9,1.6,8.6,
Brandon Clarke,28,MEM,PF,63,18,19.1,3.7,6.0,.623,0.0,0.3,.059,3.7,5.7,.649,.624,1.0,1.4,.701,2.0,3.1,5.2,1.0,0.8,0.6,0.7,2.3,8.5,
Kyle Filipowski,21,UTA,C,59,15,19.6,3.2,6.2,.514,1.0,2.5,.383,2.2,3.6,.605,.592,1.2,1.9,.640,1.4,4.1,5.4,2.0,0.6,0.2,1.3,2.2,8.5,
Al Horford,38,BOS,C,52,36,27.4,3.1,7.3,.419,1.8,5.0,.363,1.3,2.3,.542,.543,0.5,0.6,.900,1.2,4.7,5.9,2.0,0.6,0.9,0.8,1.4,8.5,
Larry Nance Jr.,32,ATL,PF,24,3,19.3,3.3,6.5,.516,1.4,3.2,.447,1.9,3.3,.582,.626,0.4,0.5,.692,1.0,3.3,4.3,1.6,0.8,0.5,0.7,1.5,8.5,
Dorian Finney-Smith,31,2TM,PF,50,34,28.4,3.0,6.9,.437,1.9,4.8,.391,1.1,2.1,.543,.573,0.5,0.8,.641,1.4,2.6,4.0,1.3,0.9,0.3,0.9,2.2,8.4,
Dorian Finney-Smith,31,BRK,PF,20,20,29.0,3.7,8.0,.459,2.4,5.4,.435,1.3,2.6,.510,.607,0.8,1.2,.625,1.6,3.0,4.6,1.6,0.9,0.6,0.9,2.7,10.4,
Dorian Finney-Smith,31,LAL,PF,30,14,28.0,2.6,6.1,.418,1.5,4.3,.354,1.0,1.8,.574,.543,0.3,0.5,.667,1.3,2.3,3.6,1.2,0.9,0.1,0.9,1.9,7.0,
Caleb Martin,29,2TM,SF,36,24,28.9,3.1,7.1,.431,0.9,2.6,.366,2.1,4.5,.469,.498,1.4,2.2,.625,1.3,2.9,4.1,2.2,1.0,0.6,1.3,1.9,8.4,
Caleb Martin,29,PHI,SF,31,24,30.4,3.3,7.5,.435,1.1,2.8,.379,2.2,4.7,.469,.506,1.5,2.4,.622,1.4,3.0,4.4,2.2,1.1,0.6,1.4,2.0,9.1,
Caleb Martin,29,DAL,SF,5,0,19.2,1.8,4.6,.391,0.2,1.2,.167,1.6,3.4,.471,.413,0.8,1.2,.667,0.4,2.0,2.4,2.2,0.6,0.4,0.8,1.2,4.6,
Jaylen Nowell,25,NOP,SG,8,0,21.0,3.3,9.1,.356,1.0,3.4,.296,2.3,5.8,.391,.411,0.9,1.4,.636,0.8,1.8,2.5,2.3,0.1,0.5,1.0,1.1,8.4,
Mike Conley,37,MIN,PG,59,53,24.9,2.6,6.6,.395,1.8,4.5,.413,0.8,2.2,.359,.534,1.2,1.3,.911,0.5,2.1,2.6,4.5,1.2,0.2,1.1,1.6,8.3,
Kelly Olynyk,33,2TM,C,35,13,19.0,2.9,5.9,.493,0.8,1.9,.409,2.1,4.0,.532,.559,1.6,2.1,.781,1.3,3.4,4.7,2.8,0.7,0.4,1.5,2.7,8.2,
Kelly Olynyk,33,TOR,C,24,2,16.0,2.5,4.9,.500,0.8,1.8,.442,1.7,3.1,.533,.581,1.4,1.8,.791,1.0,2.7,3.7,2.3,0.7,0.3,1.5,2.5,7.1,
Kelly Olynyk,33,NOP,C,11,11,25.6,3.8,7.9,.483,0.7,2.1,.348,3.1,5.8,.531,.529,2.1,2.7,.767,1.8,4.9,6.7,3.7,0.6,0.5,1.7,3.1,10.5,
Keon Ellis,25,SAC,SG,65,14,23.0,2.8,5.8,.484,1.7,4.0,.430,1.1,1.8,.600,.631,0.9,1.1,.855,0.7,1.7,2.5,1.4,1.4,0.8,0.8,2.0,8.2,
Jalen Smith,24,CHI,C,57,1,15.2,2.9,6.4,.463,1.2,3.6,.332,1.8,2.8,.633,.556,1.1,1.4,.823,1.4,4.2,5.6,1.0,0.3,0.7,0.6,1.6,8.2,
Lonnie Walker IV,26,PHI,SG,10,1,19.2,2.8,8.0,.350,1.6,4.9,.327,1.2,3.1,.387,.450,1.0,1.2,.833,0.4,2.9,3.3,1.9,0.4,0.3,1.1,0.7,8.2,
Cason Wallace,21,OKC,SG,59,39,27.5,3.3,7.1,.467,1.1,3.1,.348,2.2,4.0,.559,.543,0.4,0.5,.833,1.0,2.4,3.5,2.5,1.7,0.5,0.8,2.3,8.2,
Jusuf NurkiÄ,30,2TM,C,37,27,21.3,2.9,6.3,.464,0.6,2.2,.263,2.4,4.1,.569,.509,1.7,2.5,.688,1.8,6.6,8.4,2.1,0.9,0.6,2.0,2.8,8.1,
Jusuf NurkiÄ,30,PHO,C,25,23,23.7,3.0,6.5,.454,0.8,2.4,.322,2.2,4.2,.529,.512,1.9,2.8,.696,1.8,7.3,9.2,1.9,0.9,0.6,2.3,3.1,8.6,
Jusuf NurkiÄ,30,CHO,C,12,4,16.4,2.8,5.8,.486,0.2,1.8,.095,2.7,4.1,.653,.500,1.3,2.0,.667,1.7,5.3,6.9,2.6,0.9,0.7,1.5,2.1,7.2,
Johnny Juzang,23,UTA,SG,51,12,18.5,2.8,6.7,.421,1.7,4.6,.365,1.2,2.1,.541,.545,0.7,0.9,.826,0.6,2.2,2.8,0.9,0.5,0.1,0.5,2.0,8.1,
Quinten Post,24,GSW,PF,30,12,16.1,3.0,6.5,.459,1.6,4.0,.412,1.4,2.6,.532,.584,0.5,0.6,.789,1.0,2.9,3.9,1.4,0.4,0.5,0.8,2.0,8.1,
Taurean Prince,30,MIL,SF,66,59,26.7,2.9,6.4,.452,1.9,4.2,.444,1.0,2.2,.466,.596,0.5,0.5,.833,0.5,3.2,3.7,2.0,0.9,0.2,1.0,2.0,8.1,
Jalen Hood-Schifino,21,2TM,SG,5,0,17.6,2.8,5.8,.483,1.4,3.4,.412,1.4,2.4,.583,.603,1.0,1.2,.833,0.4,1.6,2.0,1.2,0.4,0.4,0.4,2.0,8.0,
Jalen Hood-Schifino,21,LAL,SG,2,0,7.0,0.5,0.5,1.000,0.0,0.0,,0.5,0.5,1.000,1.000,1.0,1.0,1.000,0.5,0.0,0.5,0.5,0.0,0.5,0.5,1.5,2.0,
Jalen Hood-Schifino,21,PHI,SG,3,0,24.7,4.3,9.3,.464,2.3,5.7,.412,2.0,3.7,.545,.589,1.0,1.3,.750,0.3,2.7,3.0,1.7,0.7,0.3,0.3,2.3,12.0,
Damion Baugh,24,CHO,SG,10,1,25.4,3.1,8.9,.348,0.9,4.1,.220,2.2,4.8,.458,.399,0.9,1.1,.818,0.7,1.8,2.5,3.8,1.3,0.1,1.8,1.6,8.0,
Jaden Hardy,22,DAL,SG,46,3,15.2,2.9,6.8,.428,1.3,3.3,.384,1.7,3.5,.469,.521,0.9,1.3,.672,0.2,1.4,1.5,1.4,0.5,0.1,1.4,1.5,8.0,
Day'Ron Sharpe,23,BRK,C,46,2,17.9,3.3,6.3,.521,0.2,0.8,.256,3.1,5.5,.561,.538,1.2,1.6,.757,3.0,3.6,6.6,1.8,0.8,0.8,1.3,2.4,8.0,
Justin Champagnie,23,WAS,SF,48,18,19.3,2.9,6.0,.491,1.1,2.9,.377,1.9,3.1,.597,.582,0.8,1.1,.736,1.6,3.4,5.0,1.0,1.0,0.6,0.8,1.8,7.8,
Isaiah Collier,20,UTA,PG,61,36,25.1,3.0,7.3,.412,0.5,2.2,.235,2.5,5.2,.486,.446,1.3,1.9,.670,0.4,2.8,3.3,6.2,0.8,0.2,3.0,2.1,7.8,
GG Jackson II,20,MEM,PF,25,2,16.2,2.8,7.0,.392,1.2,3.6,.337,1.6,3.5,.448,.477,1.1,1.5,.737,1.0,2.3,3.2,1.0,0.4,0.2,1.1,1.1,7.8,
Ja'Kobe Walter,20,TOR,SG,44,11,20.0,2.8,7.0,.405,1.0,3.2,.312,1.8,3.8,.482,.476,1.1,1.5,.746,1.0,1.9,2.9,1.3,0.7,0.2,0.9,1.8,7.8,
Peyton Watson,22,DEN,SF,56,13,23.6,2.8,6.0,.470,0.7,2.0,.364,2.1,4.0,.522,.530,1.4,2.0,.708,0.7,2.6,3.3,1.4,0.8,1.3,0.9,1.8,7.8,
Jared Butler,24,2TM,SG,46,6,14.3,2.9,6.2,.462,0.7,2.0,.330,2.2,4.2,.526,.516,1.3,1.6,.819,0.4,1.3,1.7,3.2,0.5,0.2,1.1,1.4,7.7,
Jared Butler,24,WAS,PG,32,0,11.3,2.7,5.5,.483,0.5,1.3,.366,2.2,4.2,.519,.526,1.1,1.4,.778,0.4,0.8,1.3,2.6,0.4,0.2,0.9,1.3,6.9,
Jared Butler,24,PHI,SG,14,6,21.2,3.4,7.9,.427,1.1,3.8,.302,2.2,4.1,.544,.500,1.7,1.9,.889,0.3,2.3,2.6,4.6,0.6,0.4,1.6,1.9,9.6,
Dalano Banton,25,POR,PG,54,0,15.0,2.7,6.6,.413,1.0,2.9,.359,1.7,3.7,.455,.492,1.2,1.7,.710,0.4,1.5,1.9,2.1,0.7,0.4,1.2,0.8,7.7,
Sam Hauser,27,BOS,PF,58,14,20.7,2.7,6.2,.442,2.1,5.3,.403,0.6,0.9,.673,.614,0.1,0.1,1.000,0.7,2.4,3.1,0.9,0.6,0.2,0.3,1.2,7.7,
Richaun Holmes,31,WAS,PF,27,7,18.0,3.0,4.6,.659,0.0,0.1,.000,3.0,4.4,.675,.659,1.7,2.0,.833,2.0,3.9,5.9,1.4,0.3,0.8,0.8,1.6,7.7,
Cody Martin,29,2TM,SF,41,8,24.3,2.9,6.8,.426,1.0,3.1,.313,1.9,3.6,.523,.498,0.9,1.2,.700,1.1,3.5,4.6,2.3,1.1,0.7,1.0,1.9,7.6,
Cody Martin,29,CHO,SF,39,8,24.8,3.0,6.9,.433,1.0,3.2,.323,1.9,3.7,.528,.507,0.9,1.3,.694,1.0,3.5,4.5,2.3,1.1,0.7,1.1,1.8,7.8,
Cody Martin,29,PHO,SF,2,0,14.0,1.0,4.5,.222,0.0,2.0,.000,1.0,2.5,.400,.222,0.5,0.5,1.000,2.0,3.5,5.5,3.0,1.5,0.5,0.5,2.5,2.5,
Lonzo Ball,27,CHI,PG,35,14,22.2,2.5,6.9,.366,1.9,5.6,.344,0.6,1.4,.458,.504,0.6,0.8,.815,0.7,2.7,3.4,3.3,1.3,0.5,1.2,1.6,7.6,
Garrison Mathews,28,ATL,SG,44,2,17.6,2.2,5.5,.397,1.8,4.7,.390,0.4,0.8,.432,.562,1.4,1.8,.818,0.3,1.5,1.8,1.3,0.6,0.3,0.7,1.8,7.6,
Goga Bitadze,25,ORL,C,58,41,21.3,3.1,5.0,.624,0.1,0.4,.130,3.1,4.6,.667,.629,1.2,1.9,.637,2.4,4.5,6.9,2.0,0.7,1.5,1.1,2.2,7.5,
A.J. Green,25,MIL,SG,60,6,22.6,2.5,5.9,.427,2.1,5.1,.420,0.4,0.9,.471,.607,0.3,0.4,.864,0.2,2.0,2.2,1.4,0.6,0.1,0.5,2.2,7.5,
Bruce Brown,28,2TM,PG,32,4,20.9,2.8,6.9,.405,0.5,1.8,.263,2.3,5.2,.455,.439,1.3,1.5,.854,1.0,2.7,3.7,1.9,0.9,0.1,1.0,1.6,7.4,
Bruce Brown,28,TOR,PG,18,0,19.6,3.2,7.3,.435,0.6,2.0,.306,2.6,5.3,.484,.477,1.4,1.6,.897,0.9,2.8,3.8,1.6,0.9,0.2,1.1,1.4,8.4,
Bruce Brown,28,NOP,PG,14,4,22.6,2.4,6.5,.363,0.3,1.5,.190,2.1,5.0,.414,.385,1.1,1.4,.789,1.0,2.5,3.5,2.3,0.8,0.1,0.9,1.8,6.1,
Matas Buzelis,20,CHI,SF,66,17,17.1,2.8,6.3,.435,1.0,3.0,.327,1.8,3.3,.534,.513,0.9,1.1,.845,0.7,2.5,3.2,0.8,0.3,0.9,0.8,1.6,7.4,
Tristan Da Silva,23,ORL,SF,65,36,22.8,2.8,6.6,.417,1.1,3.4,.335,1.6,3.2,.502,.502,0.8,0.9,.864,1.0,2.4,3.4,1.5,0.4,0.2,0.8,1.3,7.4,
Josh Green,24,CHO,SG,61,60,28.6,2.6,6.2,.425,1.4,3.7,.388,1.2,2.5,.477,.540,0.7,1.0,.672,0.9,1.8,2.7,1.6,1.2,0.2,0.9,2.5,7.4,
Andre Drummond,31,PHI,C,40,23,18.8,2.9,5.9,.500,0.1,0.5,.150,2.9,5.4,.533,.506,1.4,2.3,.622,2.7,5.0,7.8,0.9,1.0,0.5,1.4,2.4,7.3,
Bol Bol,25,PHO,PF,32,10,13.3,2.8,5.5,.514,0.9,2.8,.330,1.9,2.7,.701,.597,0.6,0.8,.769,0.6,2.6,3.2,0.6,0.3,0.8,0.6,0.6,7.2,
Sam Merrill,28,CLE,SG,58,2,19.4,2.4,5.9,.406,1.9,5.2,.371,0.5,0.8,.630,.567,0.5,0.5,.966,0.5,1.6,2.0,1.4,0.7,0.2,0.4,1.8,7.2,
Brandon Williams,25,DAL,PG,26,2,13.5,2.6,5.0,.515,0.7,1.9,.380,1.8,3.1,.600,.588,1.3,1.6,.854,0.2,1.3,1.5,2.0,0.6,0.1,0.9,0.8,7.2,
Jared Rhoden,25,2TM,SG,10,2,15.9,2.4,6.0,.400,0.8,2.8,.286,1.6,3.2,.500,.467,1.5,1.8,.833,1.1,1.9,3.0,0.8,0.7,0.2,0.7,1.3,7.1,
Jared Rhoden,25,CHO,SG,4,0,3.0,0.5,2.0,.250,0.0,0.5,.000,0.5,1.5,.333,.250,0.0,0.0,,0.5,0.5,1.0,0.5,0.3,0.0,0.3,0.3,1.0,
Jared Rhoden,25,TOR,SG,6,2,24.5,3.7,8.7,.423,1.3,4.3,.308,2.3,4.3,.538,.500,2.5,3.0,.833,1.5,2.8,4.3,1.0,1.0,0.3,1.0,2.0,11.2,
Terance Mann,28,2TM,SG,53,12,20.8,2.8,5.8,.479,0.8,2.3,.363,1.9,3.5,.557,.552,0.7,1.1,.661,1.0,1.9,2.9,1.9,0.6,0.3,0.7,1.9,7.1,
Terance Mann,28,LAC,SG,37,12,19.8,2.4,5.3,.446,0.7,2.0,.347,1.6,3.2,.508,.513,0.6,0.9,.719,0.9,2.0,2.9,1.6,0.8,0.3,0.7,1.8,6.0,
Terance Mann,28,ATL,SG,16,0,23.1,3.8,7.1,.535,1.2,3.1,.388,2.6,4.1,.646,.618,0.9,1.5,.583,1.3,1.7,2.9,2.5,0.4,0.2,0.8,2.1,9.7,
Vasilije MiciÄ,31,2TM,PG,38,16,20.3,2.5,7.2,.348,1.2,3.3,.360,1.3,3.9,.338,.430,0.9,1.1,.829,0.5,1.8,2.3,3.3,0.4,0.0,1.9,1.2,7.1,
Vasilije MiciÄ,31,CHO,PG,36,16,21.2,2.6,7.6,.348,1.3,3.5,.360,1.4,4.1,.338,.430,0.9,1.1,.829,0.6,1.9,2.4,3.5,0.4,0.0,2.1,1.2,7.5,
Vasilije MiciÄ,31,PHO,PG,2,0,3.5,0.0,0.0,,0.0,0.0,,0.0,0.0,,,0.0,0.0,,0.0,1.0,1.0,0.0,0.0,0.0,0.0,0.0,0.0,
Jordan Goodwin,26,LAL,PG,14,3,21.1,2.9,5.6,.513,1.2,2.7,.447,1.6,2.9,.575,.622,0.1,0.2,.667,1.6,2.6,4.1,1.2,1.1,0.5,0.7,1.9,7.1,
Trayce Jackson-Davis,24,GSW,C,53,37,17.3,3.0,5.3,.573,0.0,0.0,.000,3.0,5.3,.575,.573,1.0,1.7,.591,2.1,3.4,5.5,1.9,0.4,0.7,0.8,1.3,7.1,
KJ Simpson,22,CHO,PG,23,4,20.4,2.6,7.7,.335,0.7,3.2,.216,1.9,4.4,.422,.381,1.3,1.6,.811,1.2,1.7,2.9,2.6,0.8,0.2,1.4,1.5,7.1,
Davion Mitchell,26,2TM,PG,61,36,26.3,2.7,5.9,.450,1.1,2.7,.389,1.6,3.2,.503,.540,0.7,1.0,.672,0.4,1.7,2.1,4.6,0.8,0.2,1.8,2.5,7.0,
Davion Mitchell,26,TOR,PG,44,22,24.5,2.4,5.5,.434,1.0,2.7,.359,1.5,2.9,.504,.520,0.6,0.8,.676,0.4,1.6,1.9,4.6,0.7,0.2,1.8,2.6,6.3,
Davion Mitchell,26,MIA,PG,17,14,30.7,3.3,6.8,.483,1.4,2.9,.460,1.9,3.9,.500,.582,0.9,1.4,.667,0.6,1.9,2.6,4.5,1.2,0.3,1.7,2.0,8.9,
Bones Hyland,24,2TM,PG,21,0,10.9,2.2,5.6,.393,1.5,3.9,.383,0.7,1.7,.417,.526,1.1,1.2,.885,0.2,0.9,1.1,1.4,0.9,0.2,1.1,1.3,7.0,
Bones Hyland,24,LAC,PG,20,0,11.1,2.3,5.8,.391,1.6,4.0,.388,0.7,1.8,.400,.526,1.2,1.3,.885,0.3,1.0,1.2,1.4,0.9,0.2,1.2,1.3,7.2,
Bones Hyland,24,MIN,PG,1,0,7.0,1.0,2.0,.500,0.0,1.0,.000,1.0,1.0,1.000,.500,0.0,0.0,,0.0,0.0,0.0,1.0,0.0,0.0,0.0,1.0,2.0,
Isaiah Jackson,23,IND,C,5,1,16.8,2.8,4.6,.609,0.0,0.0,,2.8,4.6,.609,.609,1.4,2.8,.500,2.2,3.4,5.6,1.0,0.6,1.6,1.0,2.8,7.0,
Vit Krejci,24,ATL,PG,43,15,20.6,2.5,5.5,.455,1.5,3.8,.399,1.0,1.7,.583,.594,0.5,0.8,.667,0.3,2.3,2.6,2.6,0.7,0.5,0.9,1.9,7.0,
Tre Jones,25,2TM,PG,44,7,19.1,2.7,5.0,.529,0.4,1.0,.391,2.3,4.0,.566,.570,1.2,1.4,.810,0.7,1.8,2.4,4.0,0.8,0.2,0.7,1.1,6.9,
Tre Jones,25,SAS,PG,28,0,16.1,1.6,3.3,.484,0.3,0.9,.308,1.3,2.4,.552,.527,0.9,1.2,.758,0.5,1.5,2.1,3.7,0.6,0.2,0.8,1.2,4.4,
Tre Jones,25,CHI,PG,16,7,24.4,4.5,8.0,.563,0.6,1.3,.500,3.9,6.8,.574,.602,1.6,1.9,.867,0.9,2.1,3.0,4.5,1.1,0.3,0.6,1.0,11.3,
Josh Okogie,26,2TM,SG,32,2,15.6,2.5,5.2,.473,0.8,2.0,.385,1.7,3.2,.529,.548,1.2,1.6,.725,1.3,1.7,3.0,0.8,1.3,0.5,0.8,1.2,6.9,
Josh Okogie,26,PHO,SG,25,1,14.0,2.2,4.6,.491,0.6,1.7,.381,1.6,2.9,.556,.561,0.9,1.3,.688,1.3,1.6,2.9,0.6,0.8,0.4,0.6,1.1,6.0,
Josh Okogie,26,CHO,SG,7,1,21.3,3.3,7.6,.434,1.3,3.3,.391,2.0,4.3,.467,.519,2.1,2.7,.789,1.3,2.1,3.4,1.4,2.7,0.7,1.3,1.6,10.0,
Jay Huff,26,MEM,C,54,2,11.8,2.4,4.7,.512,1.3,3.2,.413,1.1,1.6,.714,.650,0.7,0.9,.771,0.4,1.6,2.1,0.6,0.2,0.9,0.5,1.2,6.9,
Thomas Bryant,27,2TM,C,51,6,15.2,2.6,5.1,.513,0.8,2.3,.336,1.9,2.8,.655,.588,0.8,0.9,.830,1.4,2.7,4.1,1.0,0.4,0.6,0.5,1.2,6.8,
Thomas Bryant,27,MIA,C,10,0,11.5,1.2,2.8,.429,0.6,1.7,.353,0.6,1.1,.545,.536,1.1,1.1,1.000,0.6,2.6,3.2,0.4,0.1,0.9,0.2,0.9,4.1,
Thomas Bryant,27,IND,C,41,6,16.1,3.0,5.7,.524,0.8,2.4,.333,2.2,3.3,.664,.594,0.7,0.9,.778,1.6,2.8,4.3,1.1,0.5,0.5,0.6,1.2,7.4,
Jake LaRavia,23,2TM,PF,62,0,20.3,2.4,5.1,.471,0.9,2.1,.420,1.5,3.0,.508,.559,1.2,1.7,.676,1.4,2.6,4.0,2.5,0.9,0.4,1.3,2.0,6.8,
Jake LaRavia,23,MEM,PF,47,0,20.9,2.5,5.1,.490,0.9,1.9,.444,1.7,3.2,.517,.573,1.4,2.0,.698,1.4,2.9,4.4,2.8,0.9,0.4,1.5,2.0,7.3,
Jake LaRavia,23,SAC,PF,15,0,18.6,2.0,4.9,.411,1.0,2.7,.366,1.0,2.1,.469,.514,0.4,0.8,.500,1.3,1.5,2.8,1.3,0.9,0.1,0.9,2.1,5.4,
Eric Gordon,36,PHI,SG,39,13,19.7,2.2,5.2,.426,1.4,3.5,.409,0.8,1.7,.463,.564,0.9,1.2,.750,0.2,1.0,1.2,1.7,0.7,0.3,0.7,0.8,6.8,
Jaxson Hayes,24,LAL,C,42,21,19.6,2.8,3.9,.716,0.0,0.0,.000,2.8,3.8,.725,.716,1.3,1.8,.707,1.4,3.3,4.7,1.1,0.6,1.0,0.8,2.3,6.8,
Cameron Payne,30,NYK,PG,61,1,14.3,2.4,6.0,.408,1.3,3.5,.363,1.2,2.5,.470,.514,0.7,0.8,.891,0.2,1.2,1.4,2.7,0.5,0.2,0.7,1.5,6.8,
Vince Williams Jr.,24,MEM,SG,17,2,18.4,2.5,6.4,.394,0.9,3.5,.254,1.6,2.9,.560,.463,0.9,1.2,.750,0.9,2.7,3.6,1.9,0.6,0.2,1.4,1.9,6.8,
Ricky Council IV,23,PHI,SF,59,7,15.5,2.3,5.6,.402,0.8,2.6,.292,1.5,3.0,.497,.470,1.4,1.7,.837,0.6,1.7,2.4,1.2,0.5,0.2,0.6,0.9,6.7,
Tristan Vukcevic,21,WAS,C,22,0,10.7,2.4,5.0,.473,0.8,2.5,.327,1.5,2.5,.618,.555,1.0,1.3,.793,0.7,2.4,3.1,0.9,0.3,0.5,0.9,1.4,6.6,
Precious Achiuwa,25,NYK,C,44,8,21.1,2.8,5.3,.519,0.2,0.7,.300,2.6,4.7,.551,.538,0.7,1.2,.627,2.0,3.8,5.7,1.0,0.8,0.7,0.7,1.5,6.5,
Alex Caruso,30,OKC,SG,44,1,19.2,2.5,5.6,.437,1.1,3.1,.348,1.4,2.5,.550,.534,0.5,0.7,.800,0.7,2.0,2.6,2.5,1.7,0.5,0.7,1.8,6.5,
KJ Martin,24,2TM,PF,37,15,21.2,2.6,4.5,.578,0.4,1.2,.318,2.2,3.3,.672,.620,0.9,1.2,.767,0.8,2.3,3.1,1.0,0.4,0.6,0.6,2.5,6.5,
KJ Martin,24,PHI,PF,24,7,20.0,2.5,4.1,.616,0.3,0.9,.381,2.2,3.3,.679,.657,1.0,1.2,.828,0.9,2.1,3.0,0.8,0.5,0.7,0.5,2.6,6.4,
KJ Martin,24,UTA,SF,13,8,23.5,2.7,5.2,.522,0.5,1.8,.261,2.2,3.4,.659,.567,0.7,1.1,.643,0.6,2.5,3.2,1.3,0.4,0.5,0.8,2.2,6.5,
Gary Payton II,32,GSW,SG,55,10,14.7,2.8,4.7,.582,0.5,1.5,.317,2.3,3.3,.704,.632,0.5,0.7,.711,0.9,2.1,2.9,1.3,0.8,0.3,0.6,1.7,6.5,
Alec Burks,33,MIA,SG,36,4,17.7,2.0,4.9,.407,1.5,3.6,.419,0.5,1.3,.375,.559,0.9,1.1,.756,0.4,2.3,2.7,1.1,0.6,0.2,0.4,0.7,6.4,
Karlo MatkoviÄ,23,NOP,PF,31,5,18.0,2.6,4.6,.556,0.4,1.3,.333,2.2,3.4,.638,.601,0.8,1.0,.800,1.6,3.2,4.8,0.9,0.5,1.0,1.0,2.3,6.4,
Ajay Mitchell,22,OKC,SG,34,1,16.5,2.5,4.9,.506,0.6,1.5,.431,1.8,3.4,.539,.572,0.8,1.0,.848,0.5,1.5,2.0,1.7,0.7,0.1,0.8,1.7,6.4,
Zach Collins,27,2TM,PF,50,12,15.2,2.3,4.7,.485,0.5,1.7,.299,1.8,3.0,.595,.540,1.2,1.4,.884,1.5,2.7,4.2,1.7,0.5,0.5,0.8,2.2,6.3,
Zach Collins,27,SAS,C,36,4,11.8,1.7,3.7,.462,0.4,1.3,.304,1.3,2.4,.547,.515,0.9,1.0,.886,1.1,1.8,2.8,1.4,0.4,0.4,0.6,1.9,4.6,
Zach Collins,27,CHI,PF,14,8,24.0,3.8,7.4,.515,0.9,2.9,.293,2.9,4.4,.661,.573,2.1,2.4,.882,2.8,5.1,7.9,2.3,0.9,0.7,1.4,2.7,10.6,
Simone Fontecchio,29,DET,SF,62,0,17.0,2.1,5.2,.408,1.1,3.1,.340,1.0,2.0,.512,.511,1.0,1.2,.818,0.7,2.4,3.1,0.9,0.4,0.2,0.8,1.3,6.3,
Haywood Highsmith,28,MIA,SF,60,40,24.1,2.4,5.1,.466,1.2,3.0,.388,1.2,2.1,.575,.579,0.5,0.6,.750,0.8,2.3,3.1,1.4,0.9,0.6,0.7,2.2,6.3,
Jamal Shead,22,TOR,PG,63,4,18.2,2.4,5.9,.415,0.9,2.6,.335,1.6,3.3,.478,.489,0.5,0.7,.750,0.3,1.0,1.3,3.8,0.6,0.1,1.5,2.0,6.3,
Ryan Dunn,22,PHO,SF,61,31,17.4,2.5,5.9,.427,1.0,3.1,.302,1.6,2.7,.572,.508,0.2,0.5,.484,0.9,2.2,3.1,0.8,0.5,0.6,0.4,2.1,6.2,
Mouhamed Gueye,22,ATL,PF,20,16,16.0,2.4,5.5,.431,0.7,2.8,.255,1.7,2.7,.611,.495,0.8,1.0,.789,0.9,2.5,3.3,0.8,1.0,1.2,0.5,1.6,6.2,
Ron Holland,19,DET,SF,69,1,15.4,2.3,5.1,.457,0.4,1.9,.218,1.9,3.1,.604,.499,1.1,1.4,.786,0.5,2.1,2.6,0.9,0.6,0.1,0.8,1.8,6.2,
Dru Smith,27,MIA,SG,14,1,19.1,2.2,4.4,.508,1.1,2.1,.533,1.1,2.2,.484,.639,0.6,0.9,.750,0.9,1.7,2.6,1.6,1.5,0.4,1.2,2.1,6.2,
Jamison Battle,23,TOR,SF,46,4,14.7,2.2,5.0,.437,1.5,3.7,.407,0.7,1.2,.526,.590,0.3,0.3,.857,0.6,1.6,2.2,0.8,0.1,0.2,0.3,1.3,6.1,
Donovan Clingan,20,POR,C,55,25,18.2,2.5,4.6,.545,0.1,0.6,.258,2.4,4.1,.585,.561,0.9,1.4,.595,3.0,4.4,7.4,1.0,0.5,1.6,1.2,2.7,6.1,
Kris Dunn,30,LAC,PG,60,44,24.0,2.5,5.9,.428,0.9,2.9,.303,1.6,3.0,.551,.503,0.2,0.3,.563,0.8,2.7,3.5,3.1,1.8,0.4,1.0,2.6,6.1,
Trey Lyles,29,SAC,PF,55,2,18.2,2.1,5.2,.409,1.1,3.3,.342,1.0,1.9,.529,.519,0.7,1.0,.679,1.1,3.4,4.5,1.1,0.6,0.4,0.6,1.2,6.1,
Gabe Vincent,28,LAL,PG,58,10,21.2,2.3,5.7,.399,1.4,4.0,.345,0.9,1.7,.531,.521,0.2,0.3,.688,0.2,0.9,1.2,1.4,0.7,0.2,0.6,2.1,6.1,
Orlando Robinson,24,2TM,C,34,4,15.9,2.2,5.2,.432,0.2,0.9,.258,2.0,4.3,.469,.455,1.3,1.6,.796,1.8,2.6,4.4,1.6,0.4,0.4,1.0,1.9,6.0,
Orlando Robinson,24,SAC,C,9,0,6.3,0.8,1.9,.412,0.1,0.6,.200,0.7,1.3,.500,.441,0.4,0.8,.571,0.3,1.2,1.6,1.0,0.3,0.1,0.4,0.7,2.1,
Orlando Robinson,24,TOR,C,25,4,19.3,2.8,6.4,.434,0.3,1.0,.269,2.5,5.3,.466,.456,1.6,1.9,.830,2.3,3.2,5.5,1.9,0.4,0.5,1.2,2.3,7.4,
Ben Simmons,28,2TM,PG,40,24,24.1,2.7,5.0,.537,0.0,0.0,,2.7,5.0,.537,.537,0.6,0.8,.727,1.0,4.1,5.1,6.5,0.9,0.5,2.3,2.3,6.0,
Ben Simmons,28,BRK,PG,33,24,25.0,2.8,5.2,.547,0.0,0.0,,2.8,5.2,.547,.547,0.5,0.8,.692,0.9,4.3,5.2,6.9,0.8,0.5,2.7,2.5,6.2,
Ben Simmons,28,LAC,PG,7,0,19.7,2.1,4.4,.484,0.0,0.0,,2.1,4.4,.484,.484,0.9,1.0,.857,1.1,3.1,4.3,4.6,1.3,0.6,0.3,1.7,5.1,
James Wiseman,23,IND,C,1,0,5.0,2.0,4.0,.500,0.0,1.0,.000,2.0,3.0,.667,.500,2.0,2.0,1.000,0.0,1.0,1.0,0.0,0.0,0.0,0.0,0.0,6.0,
Isaiah Wong,24,CHO,SG,20,0,13.3,2.1,5.3,.390,0.7,1.7,.394,1.4,3.6,.389,.452,1.3,1.7,.735,0.7,0.9,1.6,1.4,0.6,0.0,0.9,1.1,6.0,
Jeff Dowtin,27,PHI,PG,36,1,13.5,2.4,4.9,.486,0.6,1.5,.415,1.8,3.4,.516,.549,0.6,0.8,.700,0.3,1.2,1.5,1.8,0.4,0.2,0.3,0.6,5.9,
Isaiah Stewart,23,DET,C,63,3,19.7,2.4,4.3,.552,0.2,0.7,.295,2.2,3.6,.602,.576,0.9,1.2,.756,1.9,3.7,5.6,1.7,0.4,1.4,0.9,2.5,5.9,
Moses Brown,25,2TM,C,13,2,9.2,2.6,3.8,.694,0.0,0.0,,2.6,3.8,.694,.694,0.6,0.8,.727,0.9,2.5,3.4,0.2,0.5,0.3,0.8,1.3,5.8,
Moses Brown,25,IND,C,9,0,5.1,1.4,2.2,.650,0.0,0.0,,1.4,2.2,.650,.650,0.3,0.6,.600,0.4,1.0,1.4,0.0,0.2,0.1,0.7,0.7,3.2,
Moses Brown,25,DAL,C,4,2,18.3,5.3,7.3,.724,0.0,0.0,,5.3,7.3,.724,.724,1.3,1.5,.833,2.0,5.8,7.8,0.5,1.0,0.8,1.3,2.8,11.8,
Shake Milton,28,2TM,SG,50,1,15.0,2.1,4.5,.473,0.7,2.0,.374,1.4,2.5,.552,.556,0.8,1.0,.804,0.5,1.3,1.8,1.9,0.5,0.1,0.7,1.2,5.8,
Shake Milton,28,BRK,SG,27,1,18.2,2.7,5.8,.465,1.0,2.7,.389,1.7,3.1,.529,.554,0.9,1.2,.758,0.6,1.3,1.9,2.4,0.6,0.0,0.7,1.6,7.4,
Shake Milton,28,LAL,SG,23,0,11.2,1.4,2.9,.493,0.4,1.2,.333,1.0,1.7,.600,.560,0.7,0.8,.889,0.4,1.4,1.8,1.3,0.3,0.1,0.7,0.7,4.0,
Javonte Green,31,2TM,SG,55,18,20.7,2.0,4.5,.451,0.8,2.2,.361,1.2,2.3,.540,.541,1.0,1.3,.746,0.9,2.5,3.5,0.9,1.0,0.5,0.5,1.5,5.8,
Javonte Green,31,NOP,SG,50,18,21.8,2.0,4.5,.446,0.8,2.2,.352,1.2,2.3,.534,.531,1.0,1.3,.758,1.0,2.6,3.6,0.9,1.1,0.6,0.6,1.5,5.8,
Javonte Green,31,CLE,SG,5,0,9.6,2.2,4.4,.500,1.2,2.8,.429,1.0,1.6,.625,.636,0.6,1.0,.600,0.6,2.2,2.8,0.8,0.2,0.0,0.2,0.8,6.2,
Seth Curry,34,CHO,SG,56,9,14.5,2.2,4.7,.460,1.1,2.6,.444,1.0,2.1,.479,.582,0.4,0.4,.800,0.4,1.2,1.6,0.7,0.4,0.1,0.4,0.9,5.8,
Robert Williams,27,POR,C,20,3,17.6,2.5,3.9,.641,0.1,0.2,.333,2.5,3.8,.653,.647,0.8,0.9,.882,1.8,4.2,5.9,1.1,0.7,1.7,0.9,1.6,5.8,
Jeremiah Robinson-Earl,24,NOP,PF,53,6,17.4,2.2,4.7,.458,0.7,2.2,.336,1.4,2.5,.564,.536,0.7,0.8,.841,1.5,2.9,4.4,1.2,0.6,0.1,0.6,1.2,5.7,
Marcus Sasser,24,DET,PG,49,0,13.2,2.1,4.6,.462,0.9,2.4,.367,1.2,2.1,.571,.560,0.5,0.6,.839,0.3,0.8,1.1,2.2,0.6,0.1,0.8,1.2,5.7,
Ben Sheppard,23,IND,SG,53,9,20.1,2.1,4.8,.433,1.2,3.3,.358,0.9,1.5,.593,.555,0.4,0.4,.913,0.7,2.1,2.8,1.3,0.6,0.2,0.3,2.2,5.7,
Jonathan Isaac,27,ORL,PF,60,0,15.8,2.0,4.8,.415,0.6,2.4,.270,1.4,2.4,.555,.481,1.0,1.5,.670,1.7,2.9,4.6,0.5,0.9,1.1,0.4,1.4,5.6,
DaQuan Jeffries,27,CHO,SG,32,8,21.0,2.1,5.4,.385,0.9,3.2,.294,1.2,2.3,.514,.471,0.4,0.5,.824,0.8,1.9,2.7,1.1,0.6,0.5,0.6,2.1,5.6,
Isaac Okoro,24,CLE,SG,41,20,19.0,2.0,4.6,.444,1.0,2.7,.373,1.0,1.9,.544,.553,0.5,0.8,.677,0.9,1.4,2.3,1.3,0.6,0.4,0.4,2.0,5.6,
Oscar Tshiebwe,25,UTA,C,7,0,14.3,2.1,3.3,.652,0.0,0.0,,2.1,3.3,.652,.652,1.3,1.7,.750,2.3,5.1,7.4,0.4,0.9,0.0,0.3,2.0,5.6,
Jarace Walker,21,IND,PF,60,3,15.7,2.1,4.5,.454,0.8,2.3,.365,1.2,2.2,.545,.546,0.7,1.0,.639,0.4,2.6,2.9,1.4,0.8,0.4,1.1,1.6,5.6,
Kenrich Williams,30,OKC,PF,55,4,15.1,2.2,4.6,.480,0.9,2.3,.367,1.3,2.3,.597,.573,0.4,0.5,.808,0.9,2.4,3.3,1.2,0.6,0.1,0.5,1.6,5.6,
Talen Horton-Tucker,24,CHI,SG,49,0,11.2,2.0,4.5,.441,0.7,2.0,.365,1.3,2.6,.500,.520,0.8,1.2,.684,0.3,1.4,1.7,1.3,0.3,0.2,0.7,1.0,5.5,
Quenton Jackson,26,IND,PG,22,7,13.7,2.1,4.3,.489,0.5,1.3,.379,1.6,3.0,.538,.548,0.9,1.1,.760,0.5,1.0,1.5,1.8,0.6,0.2,0.6,1.7,5.5,
Kevin Love,36,MIA,PF,22,9,11.2,1.9,5.2,.357,1.1,3.0,.358,0.8,2.2,.354,.461,0.7,1.0,.696,1.0,3.3,4.3,1.0,0.7,0.2,0.6,0.9,5.5,
Torrey Craig,34,2TM,SF,17,2,11.2,1.9,3.9,.478,1.2,2.9,.420,0.6,1.0,.647,.634,0.4,0.5,.750,1.1,1.3,2.4,0.5,0.2,0.4,0.1,1.4,5.4,
Torrey Craig,34,CHI,SF,9,1,12.6,2.4,5.0,.489,1.7,3.9,.429,0.8,1.1,.700,.656,0.3,0.4,.750,0.9,1.9,2.8,0.6,0.2,0.1,0.0,1.7,6.9,
Torrey Craig,34,BOS,SF,8,1,9.8,1.3,2.8,.455,0.8,1.9,.400,0.5,0.9,.571,.591,0.4,0.5,.750,1.3,0.6,1.9,0.4,0.1,0.6,0.3,1.1,3.6,
Aaron Holiday,28,HOU,PG,52,3,12.8,1.8,4.2,.432,1.1,2.8,.389,0.8,1.5,.513,.559,0.6,0.8,.825,0.2,1.1,1.3,1.3,0.3,0.1,0.6,1.1,5.4,
Dean Wade,28,CLE,PF,47,26,21.6,1.9,4.7,.405,1.3,3.9,.343,0.6,0.8,.692,.545,0.3,0.5,.520,1.0,3.7,4.6,1.4,0.8,0.4,0.4,1.9,5.4,
Keaton Wallace,25,ATL,PG,28,4,16.2,2.0,4.9,.413,0.9,2.6,.356,1.1,2.3,.477,.507,0.4,0.4,1.000,0.3,1.1,1.4,2.2,0.8,0.3,1.0,1.3,5.4,
Kobe Bufkin,21,ATL,SG,10,0,12.4,1.8,4.7,.383,0.4,1.9,.211,1.4,2.8,.500,.426,1.3,1.8,.722,0.5,1.6,2.1,1.7,0.3,0.2,0.8,0.9,5.3,
Moussa DiabatÃ©,23,CHO,C,58,8,18.0,2.2,3.7,.585,0.0,0.0,.000,2.2,3.7,.591,.585,0.9,1.5,.584,2.9,3.6,6.5,0.9,0.7,0.6,0.9,1.6,5.3,
Marcus Garrett,26,CHO,SG,3,0,18.3,2.0,5.7,.353,0.7,1.7,.400,1.3,4.0,.333,.412,0.7,0.7,1.000,0.3,0.7,1.0,3.3,0.0,0.3,1.3,2.7,5.3,
Luke Kornet,29,BOS,C,60,12,18.1,2.2,3.3,.667,0.0,0.0,.000,2.2,3.3,.673,.667,0.9,1.3,.705,2.4,2.7,5.1,1.6,0.5,1.0,0.4,1.6,5.3,
Jonathan Mogbo,23,TOR,PF,50,12,18.1,2.0,4.6,.442,0.3,0.9,.298,1.8,3.7,.478,.472,0.9,1.3,.703,1.6,2.6,4.2,1.6,0.8,0.5,0.9,2.0,5.3,
Tidjane SalaÃ¼n,19,CHO,PF,48,8,19.1,1.7,5.3,.319,0.9,3.2,.289,0.8,2.1,.363,.406,1.0,1.3,.719,1.2,3.0,4.2,1.1,0.5,0.3,0.9,1.2,5.3,
Kyle Anderson,31,2TM,PF,50,4,14.9,2.0,4.5,.451,0.4,1.2,.367,1.6,3.3,.482,.500,0.7,1.0,.708,0.8,2.3,3.1,2.2,0.6,0.5,0.6,1.2,5.2,
Kyle Anderson,31,GSW,PF,36,3,15.0,2.1,4.7,.450,0.5,1.4,.365,1.6,3.3,.487,.506,0.5,0.8,.667,0.8,2.3,3.1,2.3,0.7,0.6,0.6,1.1,5.3,
Kyle Anderson,31,MIA,SF,14,1,14.6,1.8,3.9,.455,0.2,0.6,.375,1.6,3.4,.468,.482,1.1,1.5,.762,1.1,2.2,3.3,2.1,0.4,0.3,0.6,1.5,4.9,
Bismack Biyombo,32,SAS,C,16,15,17.7,2.4,3.5,.679,0.0,0.0,,2.4,3.5,.679,.679,0.4,1.1,.412,1.4,3.5,4.9,1.2,0.7,0.8,0.9,1.9,5.2,
Drew Eubanks,27,2TM,C,50,4,13.7,2.1,3.5,.593,0.1,0.1,.500,2.0,3.4,.596,.602,0.9,1.3,.657,1.1,3.0,4.1,1.0,0.2,0.7,0.7,1.1,5.1,
Drew Eubanks,27,UTA,C,37,4,15.4,2.4,3.9,.607,0.1,0.1,.600,2.3,3.8,.607,.617,1.0,1.5,.632,1.1,3.5,4.5,1.2,0.3,0.9,0.8,1.2,5.8,
Drew Eubanks,27,LAC,C,13,0,9.0,1.3,2.5,.531,0.0,0.1,.000,1.3,2.4,.548,.531,0.6,0.8,.800,1.2,1.6,2.8,0.4,0.1,0.3,0.4,0.8,3.2,
Rob Dillingham,20,MIN,PG,42,1,11.8,2.1,4.8,.443,0.6,1.7,.347,1.5,3.1,.496,.505,0.2,0.4,.533,0.3,0.9,1.2,2.2,0.4,0.0,1.2,0.9,5.1,
Neemias Queta,25,BOS,C,52,6,14.5,2.2,3.4,.642,0.0,0.1,.000,2.2,3.3,.653,.642,0.8,1.0,.736,1.5,2.5,3.9,0.7,0.3,0.7,0.7,1.9,5.1,
Jaylin Williams,22,OKC,PF,38,6,16.3,1.8,4.6,.399,1.1,3.2,.341,0.7,1.3,.540,.520,0.4,0.5,.737,1.1,4.3,5.3,2.3,0.4,0.7,0.7,1.7,5.1,
Jeff Green,38,HOU,PF,26,2,12.3,1.8,3.7,.505,0.8,2.2,.345,1.1,1.4,.757,.611,0.6,0.7,.833,0.3,1.4,1.8,0.5,0.2,0.2,0.3,1.0,5.0,
Sandro Mamukelashvili,25,SAS,PF,46,0,8.9,1.8,3.6,.506,0.8,2.1,.388,1.0,1.4,.682,.622,0.6,0.8,.730,0.7,1.7,2.4,0.6,0.4,0.3,0.3,0.8,5.0,
Monte Morris,29,PHO,PG,41,0,12.9,1.8,4.3,.415,0.6,1.9,.338,1.1,2.4,.475,.489,0.8,1.0,.850,0.2,1.2,1.4,1.6,0.4,0.1,0.4,0.5,5.0,
Ryan Rollins,22,MIL,PG,42,8,11.8,1.9,4.1,.465,0.6,1.8,.365,1.3,2.3,.541,.544,0.5,0.6,.840,0.4,1.2,1.6,1.2,0.7,0.4,0.8,1.3,5.0,
Alondes Williams,25,DET,SG,1,0,4.0,2.0,2.0,1.000,1.0,1.0,1.000,1.0,1.0,1.000,1.250,0.0,0.0,,0.0,0.0,0.0,1.0,0.0,0.0,0.0,0.0,5.0,
Lindy Waters III,27,2TM,SG,46,9,15.1,1.8,4.8,.371,1.2,3.5,.333,0.6,1.3,.475,.493,0.2,0.2,.727,0.4,1.8,2.2,1.0,0.5,0.2,0.4,1.3,4.9,
Lindy Waters III,27,GSW,SG,38,9,17.2,2.0,5.4,.371,1.3,3.9,.331,0.7,1.5,.474,.490,0.2,0.3,.727,0.4,2.1,2.5,1.1,0.6,0.3,0.4,1.4,5.5,
Lindy Waters III,27,DET,SG,8,0,4.8,0.8,2.0,.375,0.6,1.8,.357,0.1,0.3,.500,.531,0.0,0.0,,0.1,0.3,0.4,0.5,0.4,0.0,0.4,0.4,2.1,
Kevon Looney,28,GSW,C,62,6,15.6,2.1,4.0,.516,0.0,0.0,.000,2.1,4.0,.522,.516,0.8,1.4,.553,2.7,3.8,6.5,1.7,0.7,0.5,0.6,2.2,4.9,
Terrence Shannon Jr. ,24,MIN,SG,28,1,11.5,2.0,4.0,.491,0.4,1.1,.367,1.6,2.9,.537,.540,0.6,0.8,.810,0.4,1.3,1.6,1.0,0.3,0.2,0.5,0.9,4.9,
Mitchell Robinson,26,NYK,C,8,1,16.1,2.1,3.3,.654,0.0,0.0,,2.1,3.3,.654,.654,0.5,0.6,.800,2.8,2.1,4.9,0.5,1.1,0.8,0.6,1.6,4.8,
David Roddy,23,2TM,PF,30,3,12.5,1.7,3.7,.464,0.6,1.8,.333,1.1,1.9,.586,.545,0.6,0.7,.818,0.4,2.2,2.6,1.1,0.5,0.3,0.7,0.6,4.7,
David Roddy,23,ATL,PF,27,3,12.8,1.6,3.4,.473,0.6,1.6,.372,1.0,1.9,.560,.559,0.7,0.8,.818,0.4,2.2,2.6,1.1,0.4,0.3,0.7,0.7,4.5,
David Roddy,23,PHI,PF,3,0,9.7,2.7,6.3,.421,0.7,3.7,.182,2.0,2.7,.750,.474,0.0,0.0,,0.7,2.3,3.0,1.0,0.7,0.0,0.3,0.3,6.0,
Taylor Hendricks,21,UTA,PF,3,3,25.0,1.3,6.0,.222,1.0,4.0,.250,0.3,2.0,.167,.306,1.0,1.3,.750,1.7,3.3,5.0,0.7,1.7,1.3,0.7,2.7,4.7,
Jabari Walker,22,POR,SF,50,1,11.8,1.8,3.5,.506,0.5,1.2,.383,1.3,2.3,.569,.571,0.7,1.0,.654,1.0,2.5,3.5,0.6,0.6,0.1,0.5,1.5,4.7,
Cody Williams,20,UTA,SG,44,15,20.8,1.7,4.9,.341,0.7,2.5,.291,0.9,2.4,.394,.416,0.7,0.9,.725,0.6,1.8,2.4,1.2,0.5,0.3,0.9,1.8,4.7,
Charles Bassey,24,SAS,C,34,1,10.7,2.0,3.4,.586,0.0,0.0,,2.0,3.4,.586,.586,0.6,1.0,.636,1.6,2.8,4.4,0.5,0.4,0.9,0.7,1.4,4.6,
Julian Phillips,21,CHI,SF,66,3,14.0,1.6,3.6,.443,0.6,1.9,.333,1.0,1.7,.568,.532,0.8,1.1,.771,0.9,1.2,2.1,0.5,0.5,0.3,0.4,1.4,4.6,
Cam Spencer,24,MEM,SG,16,0,11.7,1.4,3.4,.426,0.8,2.1,.382,0.6,1.3,.500,.546,0.9,0.9,1.000,0.6,1.0,1.6,1.5,0.4,0.1,0.3,1.1,4.6,
Trentyn Flowers,19,LAC,SF,2,0,8.0,2.0,4.5,.444,0.0,1.0,.000,2.0,3.5,.571,.444,0.5,0.5,1.000,0.5,1.5,2.0,0.0,0.0,0.0,0.5,1.5,4.5,
Mason Plumlee,34,PHO,C,68,20,17.7,1.7,2.8,.614,0.0,0.0,.000,1.7,2.7,.624,.614,1.1,1.7,.646,1.6,4.6,6.3,1.8,0.4,0.6,0.8,2.1,4.5,
Matisse Thybulle,27,POR,SG,2,0,14.0,2.0,4.5,.444,0.5,2.5,.200,1.5,2.0,.750,.500,0.0,0.0,,0.5,2.5,3.0,1.5,3.5,1.0,0.0,0.0,4.5,
Marvin Bagley III,25,2TM,PF,24,1,8.8,1.8,3.4,.519,0.1,0.6,.214,1.6,2.8,.582,.537,0.8,1.1,.667,1.3,1.5,2.7,0.3,0.3,0.3,0.5,0.6,4.4,
Marvin Bagley III,25,WAS,C,19,1,8.7,2.0,3.7,.535,0.1,0.5,.200,1.9,3.2,.590,.549,0.8,1.2,.652,1.4,1.5,2.9,0.4,0.4,0.3,0.6,0.6,4.9,
Marvin Bagley III,25,MEM,PF,5,0,9.2,0.8,2.0,.400,0.2,0.8,.250,0.6,1.2,.500,.450,0.6,0.8,.750,0.6,1.2,1.8,0.0,0.0,0.4,0.0,0.4,2.4,
Reggie Jackson,34,PHI,PG,31,1,12.4,1.7,4.3,.391,0.8,2.4,.338,0.9,1.9,.458,.485,0.2,0.3,.778,0.3,1.1,1.4,1.5,0.5,0.1,0.5,1.1,4.4,
Jordan Miller,25,LAC,SF,34,0,12.1,1.7,3.9,.435,0.2,1.1,.216,1.4,2.8,.521,.466,0.8,1.0,.788,0.7,1.0,1.7,1.0,0.5,0.1,0.7,0.7,4.4,
Gui Santos,22,GSW,PF,43,2,14.0,1.6,3.3,.479,0.7,1.9,.363,0.9,1.4,.629,.581,0.6,0.8,.706,1.2,2.0,3.2,1.4,0.4,0.2,0.8,1.7,4.4,
Mo Bamba,26,2TM,C,32,2,12.9,1.6,3.5,.464,0.5,1.7,.278,1.2,1.8,.638,.531,0.6,0.8,.704,1.0,3.5,4.5,0.6,0.3,1.0,0.6,1.8,4.3,
Mo Bamba,26,LAC,C,28,2,12.6,1.7,3.7,.466,0.5,1.8,.300,1.2,1.9,.623,.539,0.6,0.9,.680,0.9,3.4,4.3,0.6,0.3,1.0,0.7,1.8,4.6,
Mo Bamba,26,NOP,C,4,0,15.3,1.0,2.3,.444,0.0,1.0,.000,1.0,1.3,.800,.444,0.5,0.5,1.000,1.5,4.8,6.3,0.5,0.0,0.8,0.3,1.8,2.5,
Jaylen Clark,23,MIN,SG,28,4,14.3,1.5,3.3,.446,0.6,1.5,.405,0.9,1.8,.480,.538,0.7,0.9,.769,0.8,0.5,1.3,0.7,1.1,0.0,0.1,1.6,4.3,
Micah Potter,26,UTA,C,31,10,17.6,1.5,3.4,.425,0.9,2.5,.354,0.5,0.9,.630,.557,0.5,0.5,.875,1.1,3.1,4.2,0.8,0.3,0.4,0.8,1.3,4.3,
Trevelin Queen,27,ORL,SG,28,2,13.8,1.6,4.6,.352,0.6,2.4,.242,1.0,2.2,.468,.414,0.5,0.6,.882,0.8,0.8,1.6,1.2,1.0,0.4,0.8,1.3,4.3,
Antonio Reeves,24,NOP,SG,32,0,10.6,1.6,3.8,.415,0.8,2.1,.358,0.8,1.8,.482,.512,0.3,0.4,.846,0.4,0.7,1.1,0.7,0.3,0.1,0.5,0.5,4.3,
Daniel Theis,32,NOP,C,38,9,16.3,1.6,3.4,.473,0.2,1.0,.243,1.4,2.4,.565,.508,0.8,1.0,.838,1.2,3.2,4.3,1.6,0.5,0.5,0.7,1.8,4.3,
Alex Reese,25,2TM,PF,9,0,12.9,1.6,3.1,.500,0.8,2.2,.350,0.8,0.9,.875,.625,0.3,0.6,.600,0.7,2.1,2.8,0.2,0.8,0.9,0.4,1.4,4.2,
Alex Reese,25,OKC,PF,1,0,2.0,1.0,1.0,1.000,0.0,0.0,,1.0,1.0,1.000,1.000,0.0,0.0,,1.0,0.0,1.0,0.0,0.0,0.0,0.0,0.0,2.0,
Alex Reese,25,PHI,PF,8,0,14.3,1.6,3.4,.481,0.9,2.5,.350,0.8,0.9,.857,.611,0.4,0.6,.600,0.6,2.4,3.0,0.3,0.9,1.0,0.5,1.6,4.5,
Pat Connaughton,32,MIL,SG,32,0,14.5,1.6,3.7,.427,0.6,1.9,.323,0.9,1.7,.545,.513,0.5,0.6,.789,0.5,2.0,2.6,1.6,0.2,0.3,0.6,1.1,4.2,
Kessler Edwards,24,DAL,SF,38,16,15.0,1.7,3.4,.492,0.5,1.3,.380,1.2,2.1,.563,.565,0.3,0.3,.923,0.6,2.3,2.9,1.1,0.5,0.5,0.4,1.5,4.2,
Lamar Stevens,27,MEM,PF,9,0,10.8,1.4,3.6,.406,0.6,1.7,.333,0.9,1.9,.471,.484,0.8,1.0,.778,0.3,2.9,3.2,0.6,0.4,0.3,0.7,1.1,4.2,
Dalen Terry,22,CHI,SG,61,3,12.5,1.5,3.3,.470,0.4,1.2,.338,1.1,2.1,.548,.533,0.7,1.0,.689,0.5,0.9,1.4,1.2,0.5,0.2,0.6,1.4,4.2,
Jarred Vanderbilt,25,LAL,PF,23,2,16.9,1.7,3.3,.500,0.4,1.2,.333,1.3,2.1,.592,.559,0.5,1.0,.478,1.7,3.5,5.2,1.3,1.0,0.3,0.7,1.8,4.2,
Elfrid Payton,30,2TM,PG,13,5,20.5,2.0,5.2,.388,0.0,0.1,.000,2.0,5.1,.394,.388,0.1,0.2,.500,0.5,2.4,2.8,5.2,1.2,0.5,2.1,1.7,4.1,
Elfrid Payton,30,NOP,PG,7,3,20.6,3.3,6.6,.500,0.0,0.1,.000,3.3,6.4,.511,.500,0.1,0.3,.500,0.7,2.7,3.4,6.9,1.4,0.4,2.9,1.4,6.7,
Elfrid Payton,30,CHO,PG,6,2,20.5,0.5,3.5,.143,0.0,0.0,,0.5,3.5,.143,.143,0.0,0.0,,0.2,2.0,2.2,3.3,1.0,0.5,1.2,2.0,1.0,
Jett Howard,21,ORL,SF,55,0,11.2,1.5,4.2,.357,0.9,3.0,.295,0.6,1.2,.516,.463,0.3,0.4,.750,0.4,0.8,1.2,0.7,0.2,0.2,0.5,1.0,4.1,
Kris Murray,24,POR,SF,57,3,14.2,1.7,3.8,.442,0.4,1.6,.247,1.3,2.2,.578,.493,0.3,0.8,.413,1.1,1.4,2.5,0.9,0.5,0.2,0.6,0.9,4.1,
Paul Reed,25,DET,C,38,0,9.2,1.6,3.0,.535,0.2,0.6,.318,1.4,2.4,.587,.566,0.7,0.9,.794,0.9,1.7,2.6,0.9,0.9,0.5,0.5,1.5,4.1,
Landry Shamet,27,NYK,SG,35,0,12.6,1.6,3.4,.467,0.7,1.9,.368,0.9,1.5,.596,.571,0.1,0.3,.556,0.2,0.9,1.0,0.5,0.5,0.1,0.4,0.9,4.1,
Adem Bona,21,PHI,C,47,2,12.4,1.5,2.2,.683,0.0,0.0,,1.5,2.2,.683,.683,1.0,1.4,.682,1.3,2.0,3.3,0.3,0.3,0.9,0.7,1.9,4.0,
Malachi Flynn,26,CHO,PG,4,0,11.0,1.3,3.3,.385,0.3,1.0,.250,1.0,2.3,.444,.423,1.3,1.5,.833,0.8,1.0,1.8,1.8,0.8,0.0,1.0,1.0,4.0,
Kevin Knox,25,GSW,SF,7,0,7.3,1.6,3.4,.458,0.4,1.6,.273,1.1,1.9,.615,.521,0.4,0.6,.750,0.9,0.7,1.6,0.6,0.1,0.6,0.1,0.7,4.0,
Jock Landale,29,HOU,C,36,1,10.6,1.6,3.2,.483,0.2,0.5,.412,1.4,2.8,.495,.513,0.7,1.0,.686,1.3,1.8,3.1,0.8,0.2,0.3,0.4,1.1,4.0,
Pelle Larsson,23,MIA,SG,45,2,13.1,1.4,3.2,.441,0.5,1.6,.319,0.9,1.6,.562,.521,0.6,1.0,.674,0.4,1.1,1.5,0.9,0.4,0.1,0.4,1.7,4.0,
Kyle Lowry,38,PHI,PG,33,12,18.9,1.2,3.4,.351,0.8,2.5,.337,0.3,0.8,.393,.477,0.8,1.0,.818,0.3,1.6,2.0,2.8,0.9,0.3,0.6,1.8,4.0,
Josh Richardson,31,MIA,SG,8,0,18.8,1.4,4.8,.289,0.8,2.8,.273,0.6,2.0,.313,.368,0.5,0.5,1.000,0.8,0.8,1.5,1.5,1.0,0.1,1.0,2.1,4.0,
Colin Castleton,24,2TM,C,17,3,14.3,1.4,3.0,.451,0.1,0.5,.125,1.3,2.5,.512,.461,1.2,1.4,.833,1.8,2.3,4.1,0.8,0.2,0.5,1.0,1.6,3.9,
Colin Castleton,24,MEM,C,10,0,4.6,0.2,1.0,.200,0.0,0.4,.000,0.2,0.6,.333,.200,1.0,1.1,.909,0.3,0.6,0.9,0.0,0.1,0.1,0.1,0.6,1.4,
Colin Castleton,24,TOR,C,7,3,28.1,3.0,5.9,.512,0.1,0.6,.250,2.9,5.3,.541,.524,1.4,1.9,.769,4.0,4.7,8.7,2.0,0.3,1.0,2.3,3.0,7.6,
Nicolas Batum,36,LAC,PF,66,8,18.0,1.3,3.1,.413,1.1,2.6,.410,0.2,0.5,.424,.585,0.2,0.3,.833,0.7,2.2,2.8,1.2,0.7,0.5,0.4,1.4,3.9,
Malaki Branham,21,SAS,SG,38,0,8.2,1.4,3.2,.438,0.6,1.6,.407,0.8,1.6,.468,.537,0.5,0.6,.818,0.1,0.9,1.0,0.7,0.2,0.1,0.8,0.4,3.9,
Devin Carter,22,SAC,PG,24,0,9.6,1.3,3.3,.380,0.5,1.6,.308,0.8,1.7,.450,.456,0.9,1.5,.611,0.5,1.7,2.2,1.2,0.4,0.1,0.5,0.9,3.9,
Dariq Whitehead,20,BRK,SF,10,0,5.9,1.3,2.7,.481,1.2,2.3,.522,0.1,0.4,.250,.704,0.1,0.3,.333,0.1,0.5,0.6,0.1,0.3,0.1,0.6,0.2,3.9,
Olivier-Maxence Prosper,22,DAL,PF,52,4,11.2,1.3,3.3,.402,0.2,1.0,.235,1.1,2.4,.472,.437,0.9,1.5,.645,0.8,1.6,2.4,0.8,0.5,0.1,0.3,0.5,3.9,
Reed Sheppard,20,HOU,PG,45,1,11.9,1.4,4.4,.332,0.7,2.5,.279,0.8,1.9,.400,.411,0.3,0.4,.813,0.4,1.0,1.4,1.2,0.6,0.3,0.6,0.9,3.9,
Ousmane Dieng,21,OKC,C,37,1,10.9,1.5,3.4,.432,0.6,1.9,.324,0.8,1.5,.574,.524,0.3,0.4,.688,0.5,1.7,2.2,0.8,0.5,0.2,0.5,0.9,3.8,
Isaac Jones,24,SAC,PF,30,0,8.4,1.5,2.2,.672,0.1,0.2,.333,1.4,2.0,.705,.687,0.7,1.1,.618,0.6,0.9,1.5,0.3,0.1,0.3,0.4,0.9,3.8,
Wendell Moore Jr.,23,2TM,SG,29,1,12.3,1.4,3.0,.466,0.3,0.9,.360,1.1,2.2,.508,.517,0.5,0.6,.882,0.8,1.7,2.5,1.1,0.4,0.1,0.6,0.9,3.7,
Wendell Moore Jr.,23,DET,SG,20,1,11.0,1.2,2.5,.460,0.2,0.7,.286,1.0,1.8,.528,.500,0.7,0.7,.929,0.6,1.7,2.2,1.2,0.5,0.2,0.5,0.8,3.2,
Wendell Moore Jr.,23,CHO,SG,9,0,15.2,2.0,4.2,.474,0.6,1.2,.455,1.4,3.0,.481,.539,0.2,0.3,.667,1.3,1.8,3.1,0.9,0.3,0.1,0.8,1.1,4.8,
Jevon Carter,29,CHI,PG,30,0,7.6,1.3,3.2,.402,0.8,2.3,.357,0.5,0.9,.519,.531,0.3,0.3,.800,0.1,0.9,0.9,1.0,0.3,0.1,0.3,0.4,3.7,
Patty Mills,36,2TM,PG,25,0,11.9,1.2,3.4,.349,0.8,2.7,.313,0.4,0.8,.474,.471,0.3,0.4,.889,0.1,0.7,0.8,1.0,0.5,0.1,0.7,0.8,3.6,
Patty Mills,36,UTA,PG,17,0,15.3,1.5,4.5,.342,1.0,3.4,.298,0.5,1.1,.474,.454,0.3,0.3,1.000,0.2,1.1,1.2,1.2,0.7,0.2,0.9,0.7,4.4,
Patty Mills,36,LAC,PG,8,0,4.8,0.5,1.3,.400,0.5,1.3,.400,0.0,0.0,,.600,0.4,0.5,.750,0.0,0.0,0.0,0.5,0.1,0.0,0.1,0.9,1.9,
AJ Johnson,20,2TM,SG,14,1,10.7,1.4,3.4,.404,0.4,1.4,.300,0.9,1.9,.481,.468,0.4,0.6,.750,0.1,1.4,1.5,1.9,0.3,0.1,0.9,0.6,3.6,
AJ Johnson,20,MIL,SG,7,0,6.3,1.1,2.7,.421,0.4,0.7,.600,0.7,2.0,.357,.500,0.1,0.3,.500,0.0,1.0,1.0,1.0,0.1,0.0,0.6,0.0,2.9,
AJ Johnson,20,WAS,SG,7,1,15.1,1.6,4.0,.393,0.4,2.1,.200,1.1,1.9,.615,.446,0.7,0.9,.833,0.1,1.9,2.0,2.7,0.4,0.1,1.1,1.1,4.3,
Luka Garza,26,MIN,C,33,0,6.1,1.4,3.0,.459,0.3,1.1,.257,1.1,1.9,.571,.505,0.6,0.9,.677,0.9,0.6,1.5,0.3,0.2,0.1,0.3,0.8,3.6,
Oso Ighodaro,22,PHO,PF,48,2,15.0,1.6,2.6,.603,0.0,0.0,.000,1.6,2.6,.613,.603,0.5,0.9,.561,0.9,2.5,3.3,1.0,0.4,0.4,0.6,1.6,3.6,
Andre Jackson Jr.,23,MIL,SG,59,43,15.4,1.5,3.1,.467,0.5,1.3,.392,1.0,1.9,.518,.546,0.2,0.3,.556,1.0,1.9,2.9,1.3,0.5,0.2,0.9,1.8,3.6,
Duop Reath,28,POR,C,37,0,8.6,1.2,3.2,.393,0.7,2.2,.305,0.6,0.9,.600,.500,0.4,0.5,.889,0.6,1.0,1.6,0.5,0.2,0.3,0.3,0.7,3.6,
Jae'Sean Tate,29,HOU,SF,47,2,11.3,1.3,2.9,.459,0.3,0.8,.316,1.1,2.1,.515,.504,0.7,1.0,.689,1.0,1.3,2.3,0.9,0.5,0.1,0.4,1.6,3.6,
Steven Adams,31,HOU,C,49,2,12.6,1.4,2.7,.522,0.0,0.0,.000,1.4,2.7,.526,.522,0.7,1.6,.423,2.7,2.6,5.3,1.2,0.3,0.4,0.9,0.9,3.5,
Dominick Barlow,21,ATL,SF,22,3,9.2,1.4,2.9,.484,0.2,0.8,.294,1.2,2.1,.553,.523,0.5,0.8,.647,0.5,1.3,1.7,0.4,0.3,0.5,0.1,0.8,3.5,
Dario Å ariÄ,30,DEN,C,15,4,13.5,1.3,3.7,.339,0.5,1.7,.269,0.8,2.0,.400,.402,0.5,0.7,.700,0.9,2.3,3.3,1.5,0.5,0.1,0.9,1.2,3.5,
Bruno Fernando,26,TOR,C,17,2,8.6,1.5,2.9,.531,0.0,0.0,,1.5,2.9,.531,.531,0.4,0.5,.750,1.2,1.8,3.0,1.1,0.2,0.5,0.8,1.6,3.4,
Collin Gillespie,25,PHO,PG,20,1,8.0,1.2,2.7,.434,0.6,1.4,.407,0.6,1.3,.462,.538,0.5,0.6,.909,0.6,0.9,1.5,1.5,0.2,0.2,0.3,0.9,3.4,
Jamal Cain,25,NOP,SF,27,0,11.4,1.1,2.9,.390,0.5,1.7,.311,0.6,1.2,.500,.481,0.6,0.9,.625,0.7,1.3,2.0,0.6,0.5,0.3,0.4,1.0,3.3,
DeAndre Jordan,36,DEN,C,46,2,11.5,1.5,2.3,.651,0.0,0.0,,1.5,2.3,.651,.651,0.3,0.8,.405,1.4,3.3,4.7,0.8,0.3,0.4,0.7,1.2,3.3,
Damion Lee,32,PHO,SG,18,0,6.1,1.1,3.0,.352,0.3,1.5,.222,0.7,1.5,.481,.407,0.9,0.9,.941,0.1,0.7,0.8,0.5,0.2,0.0,0.4,0.3,3.3,
Zeke Nnaji,24,DEN,PF,48,3,10.4,1.3,2.4,.526,0.3,0.8,.325,1.0,1.6,.632,.582,0.4,0.7,.618,0.6,1.0,1.6,0.3,0.4,0.6,0.3,1.1,3.3,
Jalen Pickett,25,DEN,SG,36,0,11.1,1.3,3.1,.423,0.6,1.7,.377,0.7,1.4,.480,.527,0.1,0.1,1.000,0.2,0.9,1.1,1.8,0.3,0.1,0.5,0.7,3.3,
Nae'Qwan Tomlin,24,CLE,PF,3,0,4.7,1.3,2.7,.500,0.0,0.7,.000,1.3,2.0,.667,.500,0.7,1.0,.667,0.3,1.7,2.0,0.0,0.0,0.0,0.3,0.7,3.3,
Elijah Harkless,24,UTA,SG,10,0,13.8,1.1,3.5,.314,0.7,2.5,.280,0.4,1.0,.400,.414,0.3,0.6,.500,0.9,1.2,2.1,0.8,1.0,0.1,0.3,1.8,3.2,
Caleb Houstan,22,ORL,SF,45,5,11.6,1.0,2.8,.367,0.9,2.4,.355,0.2,0.4,.444,.520,0.3,0.3,.929,0.3,0.6,0.9,0.4,0.3,0.1,0.1,1.0,3.2,
Cam Reddish,25,LAL,SF,32,8,17.7,1.2,2.8,.420,0.4,1.4,.283,0.8,1.3,.571,.494,0.5,0.8,.615,0.5,1.5,1.9,0.7,1.0,0.3,0.4,1.3,3.2,
Jackson Rowe,28,GSW,PF,5,0,8.6,1.2,3.0,.400,0.4,1.8,.222,0.8,1.2,.667,.467,0.4,0.8,.500,0.0,1.6,1.6,0.6,0.6,0.0,0.2,0.8,3.2,
Doug McDermott,33,SAC,SF,36,3,7.9,1.1,2.5,.418,0.9,2.2,.423,0.1,0.4,.385,.599,0.1,0.1,.600,0.1,0.4,0.5,0.1,0.1,0.1,0.2,0.8,3.1,
JT Thor,22,2TM,PF,10,0,5.0,1.0,1.8,.556,0.4,0.8,.500,0.6,1.0,.600,.667,0.7,0.8,.875,0.6,0.5,1.1,0.1,0.2,0.3,0.6,0.7,3.1,
JT Thor,22,CLE,PF,9,0,4.7,1.0,1.7,.600,0.3,0.7,.500,0.7,1.0,.667,.700,0.8,0.9,.875,0.3,0.3,0.7,0.1,0.2,0.3,0.7,0.7,3.1,
JT Thor,22,WAS,PF,1,0,8.0,1.0,3.0,.333,1.0,2.0,.500,0.0,1.0,.000,.500,0.0,0.0,,3.0,2.0,5.0,0.0,0.0,0.0,0.0,1.0,3.0,
Tony Bradley,27,IND,C,6,0,5.2,1.5,1.8,.818,0.0,0.0,,1.5,1.8,.818,.818,0.0,0.3,.000,1.2,1.0,2.2,0.5,0.2,0.5,0.5,0.3,3.0,
Taj Gibson,39,CHO,C,27,11,11.3,1.3,2.6,.486,0.0,0.1,.500,1.2,2.5,.485,.493,0.4,0.6,.688,1.5,2.0,3.6,0.6,0.3,0.4,0.7,1.6,3.0,
Gary Harris,30,ORL,SG,35,2,15.5,1.1,2.9,.370,0.7,2.2,.329,0.3,0.7,.500,.495,0.2,0.3,.600,0.5,0.8,1.3,0.6,0.6,0.3,0.3,0.9,3.0,
Kylor Kelley,27,DAL,C,8,1,8.4,1.3,1.6,.769,0.0,0.0,,1.3,1.6,.769,.769,0.5,0.8,.667,1.0,1.6,2.6,0.3,0.0,0.3,0.1,1.0,3.0,
Maxi Kleber,33,DAL,PF,34,4,18.7,1.1,2.8,.385,0.4,1.4,.265,0.7,1.4,.511,.453,0.5,0.6,.762,0.7,2.1,2.8,1.3,0.3,0.5,0.7,1.9,3.0,
Taze Moore,26,POR,SG,2,0,10.0,1.0,5.0,.200,0.5,2.0,.250,0.5,3.0,.167,.250,0.5,1.0,.500,2.0,2.0,4.0,0.5,1.0,0.0,1.0,0.0,3.0,
Craig Porter Jr.,24,CLE,PG,42,0,8.8,1.2,2.2,.543,0.4,0.8,.455,0.8,1.4,.593,.625,0.3,0.4,.733,0.3,0.9,1.1,1.3,0.3,0.3,0.6,0.4,3.0,
Jaylon Tyson,22,CLE,SG,41,2,9.0,1.1,2.6,.443,0.3,1.0,.333,0.8,1.6,.516,.509,0.4,0.5,.800,0.8,1.2,2.0,0.9,0.2,0.0,0.5,1.0,3.0,
Blake Wesley,21,SAS,SG,43,0,9.0,1.2,2.6,.455,0.2,0.7,.250,1.0,1.8,.538,.491,0.5,0.8,.636,0.2,0.6,0.8,1.8,0.4,0.1,0.8,0.5,3.0,
Jae Crowder,34,SAC,PF,7,2,13.1,0.9,2.4,.353,0.4,1.7,.250,0.4,0.7,.600,.441,0.7,0.9,.833,0.9,1.6,2.4,0.6,0.4,0.0,0.6,1.4,2.9,
Kai Jones,24,2TM,C,29,0,8.3,1.2,1.6,.761,0.0,0.1,.000,1.2,1.5,.795,.761,0.4,0.6,.750,0.6,1.3,1.9,0.3,0.2,0.5,0.4,0.9,2.8,
Kai Jones,24,LAC,C,28,0,7.4,0.9,1.3,.722,0.0,0.1,.000,0.9,1.2,.765,.722,0.3,0.4,.750,0.5,1.1,1.6,0.4,0.2,0.5,0.4,0.8,2.2,
Kai Jones,24,DAL,C,1,0,34.0,9.0,10.0,.900,0.0,0.0,,9.0,10.0,.900,.900,3.0,4.0,.750,2.0,6.0,8.0,0.0,0.0,1.0,1.0,2.0,21.0,
Markieff Morris,35,2TM,PF,12,0,8.1,1.0,3.9,.255,0.6,2.2,.269,0.4,1.8,.238,.330,0.3,0.3,.750,0.2,1.1,1.3,1.0,0.1,0.1,0.3,0.8,2.8,
Markieff Morris,35,DAL,PF,7,0,5.9,0.7,3.1,.227,0.3,1.9,.154,0.4,1.3,.333,.273,0.0,0.0,,0.0,1.1,1.1,0.6,0.1,0.1,0.3,0.3,1.7,
Markieff Morris,35,LAL,PF,5,0,11.2,1.4,5.0,.280,1.0,2.6,.385,0.4,2.4,.167,.380,0.6,0.8,.750,0.4,1.0,1.4,1.6,0.0,0.0,0.2,1.6,4.4,
Branden Carlson,25,OKC,C,20,0,6.1,1.0,2.2,.442,0.7,1.7,.412,0.3,0.5,.556,.605,0.2,0.2,1.000,0.3,1.2,1.5,0.4,0.1,0.4,0.2,0.7,2.8,
Jeenathan Williams,25,HOU,SG,14,0,6.1,1.1,2.7,.421,0.3,1.2,.235,0.9,1.5,.571,.474,0.2,0.3,.750,0.1,0.4,0.5,0.4,0.4,0.3,0.6,0.7,2.8,
Jaylen Martin,21,2TM,SF,7,0,6.6,1.1,2.9,.400,0.4,0.9,.500,0.7,2.0,.357,.475,0.0,0.0,,0.4,1.1,1.6,0.4,0.3,0.0,0.4,0.1,2.7,
Jaylen Martin,21,BRK,SF,3,0,1.7,0.3,0.7,.500,0.3,0.3,1.000,0.0,0.3,.000,.750,0.0,0.0,,0.0,0.0,0.0,0.0,0.0,0.0,0.0,0.3,1.0,
Jaylen Martin,21,WAS,SF,4,0,10.3,1.8,4.5,.389,0.5,1.3,.400,1.3,3.3,.385,.444,0.0,0.0,,0.8,2.0,2.8,0.8,0.5,0.0,0.8,0.0,4.0,
Trey Jemison,25,2TM,C,31,0,10.9,1.2,2.2,.537,0.0,0.0,,1.2,2.2,.537,.537,0.4,1.0,.387,1.2,1.6,2.8,0.5,0.3,0.5,0.5,2.0,2.7,
Trey Jemison,25,NOP,C,16,0,10.4,0.9,2.0,.469,0.0,0.0,,0.9,2.0,.469,.469,0.5,1.3,.381,1.4,1.4,2.8,0.6,0.4,0.4,0.6,1.7,2.4,
Trey Jemison,25,LAL,C,15,0,11.4,1.4,2.3,.600,0.0,0.0,,1.4,2.3,.600,.600,0.3,0.7,.400,0.9,1.9,2.9,0.3,0.1,0.5,0.5,2.4,3.1,
Mason Jones,26,SAC,SG,9,0,4.8,1.0,2.0,.500,0.1,0.9,.125,0.9,1.1,.800,.528,0.4,0.6,.800,0.2,0.7,0.9,1.1,0.0,0.1,0.1,0.3,2.6,
Cory Joseph,33,ORL,PG,38,4,9.5,0.9,2.4,.385,0.6,1.6,.350,0.4,0.8,.452,.500,0.2,0.2,.667,0.2,0.8,1.0,1.1,0.4,0.1,0.3,0.8,2.6,
Pat Spencer,28,GSW,PG,31,0,6.7,1.1,2.8,.391,0.1,0.5,.118,1.0,2.3,.457,.402,0.4,0.5,.733,0.5,0.9,1.4,1.2,0.4,0.1,0.5,0.6,2.6,
John Konchar,28,MEM,SG,37,4,12.2,0.9,2.0,.440,0.5,1.4,.346,0.4,0.6,.652,.560,0.2,0.2,.875,0.8,2.5,3.4,0.9,0.5,0.4,0.4,0.8,2.5,
Delon Wright,32,2TM,PG,30,2,14.1,0.8,2.8,.282,0.4,1.7,.255,0.4,1.1,.324,.359,0.4,0.7,.550,0.5,1.1,1.6,1.7,0.8,0.3,0.5,0.6,2.4,
Delon Wright,32,MIL,PG,26,2,15.6,0.8,3.2,.268,0.5,1.9,.245,0.4,1.3,.303,.341,0.3,0.6,.563,0.6,1.2,1.8,1.8,0.9,0.3,0.5,0.7,2.5,
Delon Wright,32,NYK,PG,4,0,4.8,0.5,0.8,.667,0.3,0.5,.500,0.3,0.3,1.000,.833,0.5,1.0,.500,0.3,0.5,0.8,0.5,0.3,0.3,0.3,0.0,1.8,
Johnny Davis,22,WAS,SG,34,0,7.1,0.9,2.3,.410,0.2,0.9,.241,0.7,1.4,.510,.455,0.3,0.4,.600,0.3,0.8,1.1,0.3,0.4,0.2,0.2,0.5,2.4,
Markelle Fultz,26,SAC,PG,11,0,7.4,1.1,2.8,.387,0.1,0.4,.250,1.0,2.5,.407,.403,0.1,0.1,1.000,0.2,0.5,0.6,0.8,0.5,0.1,0.9,0.5,2.4,
Christian Koloko,24,LAL,C,33,0,9.2,1.1,1.8,.600,0.0,0.1,.000,1.1,1.7,.632,.600,0.2,0.3,.800,0.9,1.4,2.3,0.5,0.2,0.3,0.3,1.2,2.4,
Tyler Smith,20,MIL,PF,18,0,4.7,0.9,2.1,.459,0.4,1.1,.400,0.5,0.9,.529,.568,0.1,0.2,.500,0.2,0.9,1.1,0.2,0.1,0.2,0.3,0.4,2.4,
TyTy Washington Jr.,23,PHO,PG,13,0,7.9,0.9,3.0,.308,0.3,1.5,.200,0.6,1.5,.421,.359,0.2,0.3,.750,0.3,0.6,0.9,1.2,0.2,0.0,0.2,0.3,2.4,
Maxwell Lewis,22,2TM,SF,15,0,6.0,0.9,1.8,.519,0.5,0.7,.636,0.5,1.1,.438,.648,0.0,0.0,,0.3,0.6,0.9,0.4,0.2,0.1,0.3,0.6,2.3,
Maxwell Lewis,22,LAL,SF,7,0,4.1,0.3,0.9,.333,0.0,0.0,,0.3,0.9,.333,.333,0.0,0.0,,0.3,0.0,0.3,0.3,0.1,0.0,0.3,0.1,0.6,
Maxwell Lewis,22,BRK,SF,8,0,7.6,1.5,2.6,.571,0.9,1.4,.636,0.6,1.3,.500,.738,0.0,0.0,,0.3,1.1,1.4,0.5,0.3,0.1,0.3,1.0,3.9,
Josh Minott,22,MIN,SF,39,0,6.3,0.9,2.0,.449,0.2,0.9,.257,0.7,1.1,.605,.506,0.3,0.3,.846,0.3,0.8,1.1,0.4,0.4,0.3,0.3,0.7,2.3,
Chuma Okeke,26,PHI,PF,3,0,11.7,1.0,2.0,.500,0.3,1.3,.250,0.7,0.7,1.000,.583,0.0,0.0,,1.3,1.3,2.7,0.7,0.7,0.0,0.3,0.3,2.3,
Drew Peterson,25,BOS,PF,18,1,8.3,0.7,1.6,.448,0.5,1.3,.391,0.2,0.3,.667,.603,0.3,0.4,.857,0.3,1.4,1.7,0.7,0.2,0.1,0.3,0.7,2.3,
Lester QuiÃ±ones,24,PHI,SG,4,0,4.3,1.0,2.0,.500,0.0,0.8,.000,1.0,1.3,.800,.500,0.3,0.3,1.000,0.8,0.3,1.0,0.3,0.0,0.0,1.0,0.0,2.3,
Hunter Tyson,24,DEN,PF,44,1,7.6,0.8,2.0,.386,0.4,1.3,.316,0.4,0.7,.516,.489,0.4,0.5,.696,0.4,1.1,1.5,0.4,0.2,0.1,0.3,0.9,2.3,
MarJon Beauchamp,24,3TM,SF,30,0,4.8,0.8,1.9,.404,0.3,0.9,.385,0.4,1.0,.419,.491,0.4,0.5,.688,0.3,0.9,1.2,0.3,0.1,0.0,0.5,0.4,2.2,
MarJon Beauchamp,24,MIL,SF,26,0,4.7,0.7,1.8,.383,0.3,0.8,.333,0.4,1.0,.423,.457,0.3,0.5,.750,0.3,1.0,1.2,0.3,0.1,0.0,0.5,0.4,2.0,
MarJon Beauchamp,24,LAC,SF,3,0,5.7,1.3,2.3,.571,0.7,1.0,.667,0.7,1.3,.500,.714,0.7,1.3,.500,0.7,0.3,1.0,0.7,0.0,0.0,0.3,0.7,4.0,
MarJon Beauchamp,24,NYK,SF,1,0,5.0,1.0,3.0,.333,1.0,2.0,.500,0.0,1.0,.000,.500,0.0,0.0,,0.0,2.0,2.0,0.0,0.0,0.0,1.0,1.0,3.0,
Jaden Springer,22,2TM,SG,33,0,6.8,0.6,1.6,.396,0.3,0.8,.321,0.4,0.8,.480,.481,0.6,0.9,.677,0.2,0.8,1.0,0.7,0.5,0.1,0.3,0.8,2.2,
Jaden Springer,22,BOS,SG,26,0,5.4,0.5,1.3,.353,0.2,0.7,.316,0.2,0.6,.400,.441,0.6,0.8,.714,0.2,0.8,0.9,0.4,0.5,0.0,0.2,0.7,1.7,
Jaden Springer,22,UTA,PG,7,0,11.9,1.3,2.7,.474,0.4,1.3,.333,0.9,1.4,.600,.553,0.9,1.4,.600,0.4,0.7,1.1,1.7,0.7,0.3,0.9,1.4,3.9,
Rayan Rupert,20,POR,SG,41,0,7.5,0.8,2.0,.390,0.2,0.9,.270,0.5,1.1,.489,.451,0.4,0.5,.750,0.5,0.6,1.1,0.4,0.2,0.0,0.5,0.6,2.2,
Patrick Baldwin Jr.,22,WAS,SF,22,0,4.6,0.8,1.5,.515,0.5,1.0,.524,0.3,0.5,.500,.682,0.1,0.2,.500,0.2,0.8,1.0,0.1,0.1,0.1,0.2,0.2,2.1,
Kobe Brown,25,LAC,PF,32,0,7.1,0.9,2.0,.476,0.1,0.7,.190,0.8,1.3,.619,.508,0.1,0.2,.800,0.6,1.2,1.8,0.6,0.2,0.1,0.3,0.6,2.1,
Chris Duarte,27,CHI,SG,17,0,4.4,0.7,1.5,.462,0.4,0.9,.400,0.4,0.6,.545,.577,0.4,0.5,.750,0.3,0.9,1.2,0.5,0.0,0.0,0.1,0.4,2.1,
Dillon Jones,23,OKC,SF,41,0,8.9,0.8,2.3,.337,0.2,1.2,.204,0.5,1.1,.478,.389,0.3,0.5,.550,0.6,1.4,2.0,1.0,0.2,0.1,0.4,1.0,2.1,
E.J. Liddell,24,CHI,PF,7,0,4.7,0.7,1.4,.500,0.4,1.1,.375,0.3,0.3,1.000,.650,0.3,0.3,1.000,0.1,0.6,0.7,0.4,0.1,0.1,0.3,1.1,2.1,
Dwight Powell,33,DAL,C,44,3,9.4,0.8,1.0,.739,0.0,0.0,.500,0.8,1.0,.750,.750,0.5,0.8,.622,0.9,1.3,2.2,1.0,0.3,0.5,0.3,1.3,2.1,
Reece Beekman,23,2TM,PG,30,0,11.1,0.8,2.6,.312,0.2,1.0,.194,0.6,1.5,.391,.351,0.2,0.4,.545,0.3,0.6,0.9,1.3,0.6,0.1,0.5,0.7,2.0,
Reece Beekman,23,GSW,PG,2,0,2.0,0.5,0.5,1.000,0.0,0.0,,0.5,0.5,1.000,1.000,0.0,0.0,,0.5,0.0,0.5,0.5,0.5,0.0,0.0,0.5,1.0,
Reece Beekman,23,BRK,PG,28,0,11.8,0.8,2.7,.303,0.2,1.1,.194,0.6,1.6,.378,.342,0.2,0.4,.545,0.3,0.6,0.9,1.3,0.6,0.1,0.6,0.8,2.1,
Jamaree Bouyea,25,MIL,PG,1,0,5.0,1.0,1.0,1.000,0.0,0.0,,1.0,1.0,1.000,1.000,0.0,0.0,,0.0,0.0,0.0,1.0,1.0,0.0,1.0,0.0,2.0,
Keion Brooks Jr.,24,NOP,SF,2,0,5.0,0.5,1.0,.500,0.0,0.5,.000,0.5,0.5,1.000,.500,1.0,2.0,.500,0.5,1.0,1.5,0.5,0.0,0.0,0.0,0.5,2.0,
Jack McVeigh,28,HOU,PF,7,0,4.0,0.7,1.9,.385,0.6,1.4,.400,0.1,0.4,.333,.538,0.0,0.0,,0.1,0.4,0.6,0.1,0.0,0.1,0.1,0.1,2.0,
Adama Sanogo,22,CHI,C,4,0,5.3,1.0,1.8,.571,0.0,0.0,,1.0,1.8,.571,.571,0.0,0.0,,1.3,0.3,1.5,0.3,0.0,0.0,0.3,0.3,2.0,
Pete Nance,24,2TM,PF,8,0,8.8,0.6,1.9,.333,0.5,1.5,.333,0.1,0.4,.333,.467,0.1,0.3,.500,0.3,1.0,1.3,0.4,0.1,0.0,0.0,1.3,1.9,
Pete Nance,24,PHI,C,7,0,9.7,0.7,2.1,.333,0.6,1.7,.333,0.1,0.4,.333,.467,0.1,0.3,.500,0.3,1.1,1.4,0.4,0.1,0.0,0.0,1.4,2.1,
Pete Nance,24,MIL,PF,1,0,2.0,0.0,0.0,,0.0,0.0,,0.0,0.0,,,0.0,0.0,,0.0,0.0,0.0,0.0,0.0,0.0,0.0,0.0,0.0,
Jordan McLaughlin,28,2TM,PG,36,0,6.0,0.6,1.4,.420,0.4,0.8,.433,0.2,0.6,.400,.550,0.4,0.5,.737,0.1,0.5,0.6,0.9,0.3,0.0,0.3,0.4,1.9,
Jordan McLaughlin,28,SAC,PG,28,0,6.8,0.6,1.6,.364,0.4,0.9,.385,0.2,0.6,.333,.477,0.4,0.6,.688,0.1,0.6,0.8,0.9,0.4,0.0,0.4,0.5,1.9,
Jordan McLaughlin,28,SAS,PG,8,0,3.4,0.6,0.8,.833,0.4,0.5,.750,0.3,0.3,1.000,1.083,0.4,0.4,1.000,0.0,0.3,0.3,1.3,0.1,0.0,0.1,0.1,2.0,
Anthony Gill,32,WAS,PF,43,0,5.9,0.7,1.3,.519,0.2,0.4,.368,0.5,0.8,.600,.583,0.5,0.8,.606,0.2,0.7,0.9,0.3,0.1,0.0,0.2,0.5,1.9,
Ariel Hukporti,22,NYK,C,25,1,8.7,0.8,1.2,.677,0.0,0.0,,0.8,1.2,.677,.677,0.2,0.5,.462,0.6,1.5,2.0,0.4,0.0,0.6,0.8,1.3,1.9,
Jericho Sims,26,2TM,C,53,5,11.9,0.8,1.3,.634,0.0,0.0,,0.8,1.3,.634,.634,0.2,0.2,.615,1.3,2.4,3.7,0.6,0.2,0.4,0.6,1.2,1.8,
Jericho Sims,26,NYK,C,39,5,10.8,0.7,1.2,.609,0.0,0.0,,0.7,1.2,.609,.609,0.2,0.3,.615,1.3,2.0,3.3,0.6,0.2,0.3,0.5,1.2,1.6,
Jericho Sims,26,MIL,C,14,0,15.0,1.2,1.8,.680,0.0,0.0,,1.2,1.8,.680,.680,0.0,0.0,,1.4,3.4,4.9,0.8,0.1,0.6,0.9,1.4,2.4,
Vlatko ÄanÄar,27,DEN,PF,8,0,8.4,0.8,1.5,.500,0.3,0.6,.400,0.5,0.9,.571,.583,0.0,0.0,,0.8,1.5,2.3,0.3,0.1,0.1,0.8,0.8,1.8,
Tyler Kolek,23,NYK,PG,31,0,5.0,0.6,1.6,.380,0.4,1.0,.367,0.3,0.6,.400,.490,0.2,0.2,1.000,0.1,0.4,0.5,0.7,0.2,0.0,0.3,0.4,1.8,
Leonard Miller,21,MIN,SF,10,0,2.7,0.5,1.4,.357,0.0,0.5,.000,0.5,0.9,.556,.357,0.8,0.8,1.000,0.3,0.8,1.1,0.0,0.2,0.1,0.2,0.2,1.8,
Pacome Dadiet,19,NYK,SG,15,0,6.5,0.6,1.9,.321,0.4,1.2,.333,0.2,0.7,.300,.429,0.1,0.2,.667,0.0,0.9,0.9,0.3,0.2,0.1,0.1,0.4,1.7,
Enrique Freeman,24,IND,PF,20,1,7.0,0.6,1.3,.480,0.1,0.3,.167,0.6,1.0,.579,.500,0.5,0.8,.600,0.3,0.7,1.0,0.4,0.1,0.1,0.3,0.9,1.7,
Bronny James,20,LAL,SG,20,0,4.7,0.5,1.9,.263,0.3,1.1,.227,0.3,0.8,.313,.329,0.4,0.6,.727,0.2,0.4,0.5,0.4,0.3,0.1,0.3,0.3,1.7,
Baylor Scheierman,24,BOS,SG,18,0,7.9,0.6,2.1,.270,0.3,1.4,.200,0.3,0.7,.417,.338,0.3,0.3,.833,0.3,1.1,1.4,0.7,0.3,0.0,0.1,0.6,1.7,
Cam Christie,19,LAC,SG,8,0,5.1,0.6,1.9,.333,0.3,1.3,.200,0.4,0.6,.600,.400,0.1,0.3,.500,0.1,0.8,0.9,0.6,0.4,0.0,0.3,0.3,1.6,
Johnny Furphy,20,IND,SG,41,0,6.7,0.6,1.5,.365,0.3,0.9,.306,0.3,0.7,.444,.452,0.2,0.2,1.000,0.4,0.8,1.2,0.2,0.3,0.2,0.2,0.7,1.6,
Keshad Johnson,23,MIA,SF,10,0,5.7,0.7,1.2,.583,0.1,0.4,.250,0.6,0.8,.750,.625,0.1,0.6,.167,0.2,1.5,1.7,0.3,0.1,0.4,0.3,0.5,1.6,
Armel TraorÃ©,22,LAL,SF,9,0,7.4,0.7,2.1,.316,0.0,0.8,.000,0.7,1.3,.500,.316,0.2,0.8,.286,0.2,1.4,1.7,0.1,0.4,0.2,0.3,0.7,1.6,
Jordan Walsh,20,BOS,PF,43,1,8.1,0.6,1.5,.369,0.3,1.0,.295,0.3,0.5,.524,.469,0.2,0.3,.583,0.4,0.8,1.3,0.4,0.2,0.2,0.3,0.6,1.6,
Jazian Gortman,21,DAL,PG,16,0,3.6,0.6,1.4,.391,0.3,0.7,.364,0.3,0.8,.417,.478,0.1,0.3,.500,0.1,0.3,0.3,0.4,0.1,0.1,0.3,0.6,1.5,
Quincy Olivari,23,LAL,PG,2,0,5.0,0.5,2.5,.200,0.5,2.5,.200,0.0,0.0,,.300,0.0,0.0,,0.0,0.0,0.0,0.5,0.0,0.0,0.5,0.0,1.5,
Matt Ryan,27,NYK,SF,19,0,3.6,0.5,1.6,.323,0.3,1.0,.316,0.2,0.6,.333,.419,0.1,0.1,1.000,0.0,0.4,0.4,0.2,0.1,0.0,0.2,0.1,1.5,
Tristan Thompson,33,CLE,C,35,0,7.2,0.7,1.5,.426,0.0,0.1,.000,0.7,1.5,.451,.426,0.1,0.6,.227,0.7,2.1,2.7,0.6,0.0,0.2,0.3,0.9,1.5,
Alex Ducas,24,OKC,SG,17,0,4.5,0.5,1.3,.364,0.4,0.9,.438,0.1,0.4,.167,.523,0.0,0.0,,0.3,0.6,0.9,0.1,0.1,0.0,0.2,0.4,1.4,
Alex Len,31,2TM,C,43,6,8.0,0.6,1.2,.500,0.0,0.1,.167,0.6,1.1,.543,.510,0.2,0.3,.538,0.8,1.1,1.9,0.8,0.2,0.5,0.3,1.1,1.4,
Alex Len,31,SAC,C,36,3,7.2,0.6,1.1,.537,0.0,0.2,.167,0.6,1.0,.600,.549,0.2,0.4,.538,0.7,1.1,1.8,0.8,0.2,0.5,0.3,1.0,1.4,
Alex Len,31,LAL,C,7,3,12.1,0.6,1.6,.364,0.0,0.0,,0.6,1.6,.364,.364,0.0,0.0,,1.3,1.4,2.7,0.9,0.0,0.3,0.3,1.6,1.1,
Garrett Temple,38,TOR,SG,23,0,7.6,0.4,1.8,.220,0.2,0.9,.250,0.2,0.9,.190,.280,0.4,0.4,.900,0.2,0.8,1.0,1.1,0.6,0.1,0.4,1.0,1.4,
JD Davison,22,BOS,PG,9,0,4.3,0.3,1.0,.333,0.2,0.7,.333,0.1,0.3,.333,.444,0.4,0.6,.800,0.0,0.3,0.3,0.3,0.2,0.0,0.7,0.1,1.3,
David Duke Jr.,25,SAS,SG,4,0,4.5,0.5,1.8,.286,0.0,0.3,.000,0.5,1.5,.333,.286,0.3,0.5,.500,0.0,0.8,0.8,0.8,0.0,0.0,0.3,0.3,1.3,
Adam Flagler,25,OKC,SG,27,0,3.9,0.5,2.1,.224,0.3,1.7,.170,0.2,0.4,.455,.293,0.0,0.0,,0.1,0.3,0.4,0.0,0.2,0.1,0.0,0.4,1.3,
Skal LabissiÃ¨re,28,SAC,PF,4,0,3.0,0.5,1.0,.500,0.3,0.3,1.000,0.3,0.8,.333,.625,0.0,0.0,,0.3,0.5,0.8,0.3,0.0,0.0,0.0,0.3,1.3,
Isaiah Crawford,23,SAC,SF,11,0,3.4,0.5,0.8,.556,0.1,0.4,.250,0.4,0.5,.800,.611,0.2,0.4,.500,0.1,0.6,0.7,0.0,0.1,0.1,0.1,0.2,1.2,
Yuki Kawamura,23,MEM,PG,20,0,3.2,0.4,1.1,.364,0.2,0.8,.250,0.2,0.3,.667,.455,0.2,0.3,.667,0.0,0.4,0.4,0.7,0.1,0.0,0.2,0.4,1.2,
Bryce McGowens,22,POR,SG,11,0,2.5,0.4,1.1,.333,0.0,0.4,.000,0.4,0.7,.500,.333,0.5,0.5,.833,0.1,0.1,0.2,0.1,0.1,0.0,0.3,0.2,1.2,
Sidy Cissoko,20,2TM,SF,20,0,3.0,0.5,0.9,.500,0.2,0.4,.429,0.3,0.6,.545,.583,0.1,0.3,.167,0.2,0.4,0.6,0.3,0.1,0.0,0.2,0.4,1.1,
Sidy Cissoko,20,SAS,SF,17,0,3.2,0.5,1.1,.500,0.2,0.4,.429,0.4,0.6,.545,.583,0.1,0.4,.167,0.2,0.4,0.6,0.4,0.1,0.0,0.1,0.4,1.3,
Sidy Cissoko,20,POR,SF,3,0,2.0,0.0,0.0,,0.0,0.0,,0.0,0.0,,,0.0,0.0,,0.3,0.0,0.3,0.0,0.0,0.0,0.3,0.3,0.0,
PJ Hall,22,DEN,C,16,0,3.1,0.4,0.9,.467,0.0,0.3,.000,0.4,0.6,.700,.467,0.2,0.3,.750,0.3,0.8,1.1,0.2,0.0,0.1,0.1,0.4,1.1,
Colby Jones,22,2TM,SG,26,0,6.0,0.5,1.2,.400,0.2,0.5,.333,0.3,0.7,.444,.467,0.0,0.0,,0.4,0.7,1.0,0.4,0.2,0.3,0.3,0.6,1.1,
Colby Jones,22,SAC,SG,24,0,5.4,0.5,1.1,.423,0.2,0.4,.400,0.3,0.7,.438,.500,0.0,0.0,,0.3,0.6,1.0,0.3,0.3,0.3,0.3,0.5,1.1,
Colby Jones,22,WAS,SG,2,0,13.5,0.5,2.0,.250,0.0,1.0,.000,0.5,1.0,.500,.250,0.0,0.0,,1.0,1.0,2.0,1.5,0.0,0.5,0.5,1.0,1.0,
Chris Livingston,21,MIL,SF,16,1,4.6,0.4,1.1,.333,0.0,0.4,.000,0.4,0.8,.500,.333,0.3,0.5,.625,0.4,1.0,1.4,0.1,0.3,0.0,0.3,0.3,1.1,
Trey Alexander,21,DEN,SG,20,0,4.3,0.4,1.3,.269,0.1,0.5,.200,0.3,0.8,.313,.308,0.2,0.2,.750,0.0,0.5,0.5,0.4,0.1,0.1,0.2,0.4,1.0,
Yuri Collins,23,GSW,PG,2,0,8.0,0.5,1.5,.333,0.0,0.0,,0.5,1.5,.333,.333,0.0,0.0,,1.0,0.5,1.5,2.0,1.0,0.0,0.0,2.5,1.0,
Xavier Tillman Sr.,26,BOS,C,29,1,7.1,0.4,1.6,.261,0.2,0.9,.185,0.2,0.7,.368,.315,0.0,0.1,.500,0.3,1.0,1.3,0.2,0.3,0.2,0.4,0.6,1.0,
Anton Watson,24,NYK,SF,2,0,3.5,0.5,2.0,.250,0.0,0.0,,0.5,2.0,.250,.250,0.0,0.0,,0.0,0.0,0.0,1.0,0.0,0.0,0.5,0.0,1.0,
Emoni Bates,21,CLE,SF,7,0,3.9,0.3,2.0,.143,0.3,1.6,.182,0.0,0.4,.000,.214,0.0,0.0,,0.0,0.0,0.0,0.6,0.1,0.0,0.0,0.3,0.9,
RayJ Dennis,23,IND,PG,8,0,2.9,0.3,1.3,.200,0.1,0.9,.143,0.1,0.4,.333,.250,0.3,0.3,1.000,0.3,0.5,0.8,0.6,0.4,0.0,0.5,0.4,0.9,
Luke Travers,23,CLE,SG,9,0,6.1,0.3,1.2,.273,0.0,0.4,.000,0.3,0.8,.429,.273,0.2,0.2,1.000,0.6,0.8,1.3,0.6,0.1,0.1,0.6,0.4,0.9,
Jalen Bridges,23,PHO,SF,5,0,5.0,0.2,0.8,.250,0.2,0.8,.250,0.0,0.0,,.375,0.2,0.4,.500,0.0,0.6,0.6,0.0,0.0,0.0,0.8,0.0,0.8,
D.J. Carton,24,TOR,SG,4,0,8.3,0.3,1.8,.143,0.0,0.8,.000,0.3,1.0,.250,.143,0.3,0.3,1.000,0.0,1.0,1.0,0.8,0.5,0.0,1.0,0.3,0.8,
Josh Christopher,23,MIA,SG,8,0,3.5,0.3,0.9,.286,0.0,0.1,.000,0.3,0.8,.333,.286,0.3,0.5,.500,0.0,0.4,0.4,0.5,0.0,0.1,0.5,0.1,0.8,
PJ Dozier,28,MIN,SG,9,0,3.9,0.2,0.3,.667,0.2,0.3,.667,0.0,0.0,,1.000,0.1,0.7,.167,0.1,0.4,0.6,0.6,0.1,0.0,0.1,0.3,0.8,
Joe Ingles,37,MIN,SF,18,0,6.0,0.3,1.1,.300,0.2,0.7,.231,0.2,0.4,.429,.375,0.0,0.0,,0.1,0.5,0.6,1.2,0.1,0.0,0.4,0.6,0.8,
Ulrich Chomche,19,TOR,PF,7,0,4.6,0.3,0.7,.400,0.0,0.0,,0.3,0.7,.400,.400,0.1,0.3,.500,0.6,0.6,1.1,0.3,0.0,0.1,0.3,0.7,0.7,
Harrison Ingram,22,SAS,SF,3,0,5.7,0.3,1.0,.333,0.0,0.3,.000,0.3,0.7,.500,.333,0.0,0.0,,0.3,1.3,1.7,0.3,0.3,0.0,0.0,0.7,0.7,
James Johnson,37,IND,PF,12,0,3.1,0.3,0.9,.364,0.0,0.3,.000,0.3,0.7,.500,.364,0.0,0.1,.000,0.0,0.5,0.5,0.3,0.0,0.2,0.3,0.4,0.7,
Spencer Jones,23,DEN,SF,15,0,3.9,0.3,1.0,.333,0.1,0.5,.125,0.3,0.5,.571,.367,0.0,0.0,,0.2,0.3,0.5,0.1,0.3,0.1,0.1,0.6,0.7,
Liam Robbins,25,MIL,C,13,0,4.4,0.2,0.6,.250,0.0,0.2,.000,0.2,0.5,.333,.250,0.4,0.8,.500,0.5,0.4,0.9,0.2,0.2,0.2,0.5,0.7,0.7,
Cui Yongxi,21,BRK,SG,5,0,2.0,0.2,1.4,.143,0.0,0.6,.000,0.2,0.8,.250,.143,0.2,0.4,.500,0.0,0.4,0.4,0.0,0.0,0.0,0.0,0.0,0.6,
Stanley Umude,25,MIL,SG,20,0,3.3,0.2,1.2,.174,0.1,0.7,.154,0.1,0.5,.200,.217,0.1,0.2,.500,0.2,0.6,0.8,0.2,0.2,0.2,0.1,0.3,0.6,
Tristen Newton,23,2TM,SG,8,0,2.0,0.1,1.0,.125,0.0,0.4,.000,0.1,0.6,.200,.125,0.1,0.1,1.000,0.3,0.3,0.5,0.3,0.1,0.0,0.3,0.5,0.4,
Tristen Newton,23,IND,SG,5,0,1.6,0.2,1.2,.167,0.0,0.6,.000,0.2,0.6,.333,.167,0.2,0.2,1.000,0.0,0.0,0.0,0.2,0.0,0.0,0.2,0.4,0.6,
Tristen Newton,23,MIN,SG,3,0,2.7,0.0,0.7,.000,0.0,0.0,,0.0,0.7,.000,.000,0.0,0.0,,0.7,0.7,1.3,0.3,0.3,0.0,0.3,0.7,0.0,
Jacob Toppin,24,NYK,SF,16,0,3.1,0.2,0.6,.300,0.0,0.1,.000,0.2,0.5,.375,.300,0.0,0.0,,0.1,0.6,0.7,0.3,0.1,0.0,0.1,0.2,0.4,
Malevy Leons,25,OKC,SF,6,0,3.5,0.0,0.3,.000,0.0,0.2,.000,0.0,0.2,.000,.000,0.3,0.7,.500,0.2,0.3,0.5,0.2,0.0,0.0,0.2,0.7,0.3,
Daishen Nix,22,MIN,PG,3,0,4.3,0.0,0.3,.000,0.0,0.3,.000,0.0,0.0,,.000,0.3,0.7,.500,0.0,1.3,1.3,1.0,0.0,0.0,1.3,0.3,0.3,
Jesse Edwards,24,MIN,C,2,0,2.5,0.0,0.0,,0.0,0.0,,0.0,0.0,,,0.0,0.0,,0.0,0.0,0.0,0.5,0.0,0.0,0.0,1.0,0.0,
Daniss Jenkins,23,DET,PG,5,0,2.0,0.0,0.8,.000,0.0,0.8,.000,0.0,0.0,,.000,0.0,0.0,,0.0,0.0,0.0,0.0,0.0,0.0,0.2,0.4,0.0,
Bobi Klintman,21,DET,SF,6,0,2.8,0.0,0.3,.000,0.0,0.2,.000,0.0,0.2,.000,.000,0.0,0.0,,0.0,0.7,0.7,0.2,0.0,0.2,0.2,0.3,0.0,
Mac McClung,26,ORL,SG,1,0,5.0,0.0,0.0,,0.0,0.0,,0.0,0.0,,,0.0,0.0,,0.0,1.0,1.0,2.0,0.0,0.0,0.0,0.0,0.0,
Jalen McDaniels,27,WAS,SF,4,0,1.8,0.0,0.0,,0.0,0.0,,0.0,0.0,,,0.0,0.0,,0.0,0.0,0.0,0.3,0.3,0.0,0.0,0.0,0.0,
Emanuel Miller,24,CHI,PF,1,0,2.0,0.0,0.0,,0.0,0.0,,0.0,0.0,,,0.0,0.0,,0.0,0.0,0.0,0.0,0.0,0.0,0.0,0.0,0.0,
Justin Minaya,25,POR,SF,8,0,2.5,0.0,0.3,.000,0.0,0.1,.000,0.0,0.1,.000,.000,0.0,0.0,,0.3,0.1,0.4,0.3,0.1,0.0,0.0,0.4,0.0,
Riley Minix,24,SAS,SF,1,0,7.0,0.0,1.0,.000,0.0,1.0,.000,0.0,0.0,,.000,0.0,0.0,,0.0,2.0,2.0,0.0,0.0,0.0,0.0,0.0,0.0,
Miles Norris,24,BOS,PF,1,0,4.0,0.0,0.0,,0.0,0.0,,0.0,0.0,,,0.0,0.0,,0.0,2.0,2.0,0.0,0.0,0.0,0.0,0.0,0.0,
Jahlil Okafor,29,IND,C,1,0,3.0,0.0,0.0,,0.0,0.0,,0.0,0.0,,,0.0,0.0,,0.0,1.0,1.0,1.0,0.0,0.0,0.0,0.0,0.0,
Zyon Pullin,23,MEM,SG,3,0,1.0,0.0,0.3,.000,0.0,0.0,,0.0,0.3,.000,.000,0.0,0.0,,0.0,0.0,0.0,0.0,0.0,0.0,0.0,0.0,0.0,
Cole Swider,25,DET,SF,2,0,6.5,0.0,2.5,.000,0.0,2.5,.000,0.0,0.0,,.000,0.0,0.0,,0.0,1.0,1.0,0.5,0.0,0.0,0.0,0.5,0.0,
Jahmir Young,24,CHI,PG,1,0,2.0,0.0,0.0,,0.0,0.0,,0.0,0.0,,,0.0,0.0,,0.0,1.0,1.0,1.0,0.0,0.0,0.0,0.0,0.0,
League Average,,,,,,,,,.466,,,.359,,,.544,.541,,,.781,,,,,,,,,,
