Rk,Player,Age,Team,Pos,G,GS,MP,FG,FGA,FG%,3P,3PA,3P%,2P,2PA,2P%,eFG%,FT,FTA,FT%,ORB,DRB,TRB,AST,STL,BLK,TOV,PF,PTS,Awards,Player-additional
9.0,Tyrese Maxey,24.0,PHI,PG,52.0,52.0,37.7,9.2,21.0,0.437,3.1,9.2,0.337,6.1,11.8,0.515,0.511,4.9,5.6,0.879,0.3,3.1,3.3,6.1,1.8,0.4,2.4,2.2,26.3,,maxeyty01
12.0,Cade Cunningham,23.0,DET,PG,64.0,64.0,35.1,9.5,20.5,0.461,2.1,6.1,0.35,7.3,14.4,0.508,0.513,4.6,5.3,0.861,0.8,5.3,6.0,9.3,1.0,0.7,4.5,2.8,25.6,,cunnica01
14.0,Paolo Banchero,22.0,ORL,PF,35.0,35.0,34.1,8.6,19.4,0.444,1.9,5.9,0.325,6.7,13.5,0.496,0.493,6.0,8.4,0.713,1.1,6.1,7.2,4.7,0.8,0.7,2.8,2.1,25.1,,banchpa01
17.0,Kyrie Irving,32.0,DAL,SG,50.0,50.0,36.1,8.9,18.9,0.473,2.9,7.2,0.401,6.1,11.7,0.517,0.549,3.9,4.3,0.916,1.2,3.6,4.8,4.6,1.3,0.5,2.2,2.0,24.7,,irvinky01
18.0,Zion Williamson,24.0,NOP,PF,29.0,29.0,28.5,9.5,17.0,0.561,0.1,0.4,0.231,9.4,16.5,0.57,0.564,5.3,8.0,0.659,2.6,4.7,7.3,5.2,1.2,0.9,3.0,2.7,24.4,,willizi01
21.0,Franz Wagner,23.0,ORL,SF,49.0,49.0,33.7,9.0,19.3,0.463,1.7,5.7,0.299,7.2,13.6,0.532,0.507,4.7,5.5,0.858,1.0,4.6,5.6,4.7,1.3,0.4,2.4,2.6,24.3,,wagnefr01
24.0,Trae Young,26.0,ATL,PG,64.0,64.0,36.1,7.4,18.2,0.406,2.8,8.5,0.328,4.6,9.8,0.474,0.482,6.5,7.4,0.873,0.5,2.7,3.2,11.4,1.2,0.2,4.8,2.0,24.1,,youngtr01
25.0,Cam Thomas,23.0,BRK,SG,25.0,23.0,31.2,8.0,18.2,0.438,2.7,7.8,0.349,5.2,10.4,0.506,0.513,5.3,6.0,0.881,0.6,2.7,3.3,3.8,0.6,0.1,2.5,1.8,24.0,,thomaca02
29.0,Tyler Herro,25.0,MIA,SG,65.0,65.0,35.5,8.3,18.1,0.46,3.4,9.3,0.367,4.9,8.8,0.559,0.554,3.5,4.1,0.86,0.4,4.9,5.3,5.7,0.9,0.2,2.6,1.2,23.5,,herroty01
30.0,Norman Powell,31.0,LAC,SG,48.0,48.0,32.5,8.0,16.4,0.49,3.2,7.5,0.423,4.9,8.9,0.547,0.587,3.9,4.7,0.824,0.4,3.0,3.4,2.1,1.3,0.2,2.0,1.9,23.2,,powelno01
32.0,James Harden,35.0,LAC,PG,66.0,66.0,35.1,6.5,16.5,0.396,3.0,8.7,0.343,3.5,7.8,0.455,0.486,6.5,7.4,0.873,0.7,5.2,5.9,8.7,1.5,0.6,4.4,2.0,22.5,,hardeja01
33.0,Jaren Jackson Jr.,25.0,MEM,C,62.0,62.0,29.4,8.1,16.3,0.5,1.9,5.1,0.365,6.3,11.2,0.561,0.557,4.4,5.6,0.777,1.3,4.5,5.8,2.1,1.3,1.6,2.1,3.4,22.5,,jacksja02
34.0,Ja Morant,25.0,MEM,PG,43.0,43.0,30.0,7.7,17.0,0.449,1.5,5.3,0.291,6.1,11.8,0.52,0.494,5.5,6.6,0.834,0.6,3.5,4.1,7.4,1.2,0.3,3.7,2.2,22.3,,moranja01
35.0,DeMar DeRozan,35.0,SAC,SF,62.0,62.0,35.8,8.1,16.6,0.486,1.1,3.1,0.356,7.0,13.5,0.517,0.52,4.9,5.6,0.873,0.6,3.4,4.0,4.1,0.9,0.4,1.4,1.9,22.2,,derozde01
37.0,RJ Barrett,24.0,TOR,SF,52.0,52.0,32.9,8.0,17.0,0.472,1.9,5.3,0.359,6.2,11.8,0.523,0.528,3.5,5.4,0.649,1.0,5.4,6.5,5.7,0.8,0.3,3.0,2.5,21.5,,barrerj01
38.0,Jamal Murray,27.0,DEN,PG,61.0,61.0,36.4,7.9,16.7,0.474,2.4,6.0,0.397,5.5,10.7,0.518,0.546,3.3,3.7,0.889,0.7,3.1,3.8,6.1,1.4,0.5,2.1,1.9,21.5,,murraja01
39.0,Jalen Green,22.0,HOU,SG,69.0,69.0,33.4,7.6,17.8,0.425,3.0,8.4,0.357,4.6,9.4,0.485,0.509,3.3,3.9,0.83,0.6,4.0,4.6,3.4,0.9,0.3,2.6,1.6,21.4,,greenja05
40.0,Jalen Williams,23.0,OKC,SG,61.0,61.0,32.6,8.1,16.9,0.478,1.8,5.0,0.362,6.3,11.9,0.528,0.532,3.3,4.2,0.791,0.9,4.6,5.5,5.3,1.7,0.7,2.2,2.4,21.3,,willija06
41.0,Trey Murphy III,24.0,NOP,SF,53.0,51.0,35.0,7.2,15.8,0.454,3.0,8.3,0.361,4.2,7.6,0.556,0.548,3.8,4.3,0.887,0.9,4.2,5.1,3.5,1.1,0.7,1.9,2.1,21.2,,murphtr02
42.0,Miles Bridges,26.0,CHO,PF,53.0,53.0,32.3,7.6,17.2,0.441,2.3,7.1,0.328,5.3,10.2,0.519,0.508,3.6,4.1,0.867,1.1,6.7,7.8,3.9,0.8,0.8,2.1,1.6,21.1,,bridgmi02
43.0,Brandon Miller,22.0,CHO,SF,27.0,27.0,34.2,7.3,18.2,0.403,3.9,10.9,0.355,3.5,7.3,0.475,0.509,2.5,2.9,0.861,0.9,3.9,4.9,3.6,1.1,0.7,2.8,2.7,21.0,,millebr02
44.0,Darius Garland,25.0,CLE,PG,64.0,64.0,30.5,7.5,15.7,0.476,2.9,7.1,0.407,4.6,8.5,0.534,0.568,3.1,3.5,0.881,0.6,2.1,2.7,6.7,1.2,0.2,2.5,2.0,20.9,,garlada01
45.0,CJ McCollum,33.0,NOP,PG,53.0,53.0,32.7,7.8,17.7,0.442,3.1,8.1,0.376,4.8,9.6,0.498,0.528,2.2,3.1,0.72,0.8,3.0,3.8,4.0,0.8,0.5,1.8,2.2,20.9,,mccolcj01
46.0,Pascal Siakam,30.0,IND,PF,66.0,66.0,32.9,8.1,15.4,0.526,1.7,4.4,0.396,6.4,11.0,0.577,0.582,3.0,4.1,0.743,1.7,5.5,7.2,3.3,0.9,0.5,1.4,2.5,20.9,,siakapa01
47.0,Jordan Poole,25.0,WAS,SG,57.0,57.0,30.5,6.8,16.0,0.424,3.5,9.3,0.377,3.3,6.7,0.49,0.534,3.7,4.2,0.876,0.5,2.7,3.2,4.6,1.4,0.5,3.2,3.1,20.8,,poolejo01
49.0,Austin Reaves,26.0,LAL,SG,60.0,60.0,34.6,6.3,14.1,0.446,2.6,7.2,0.366,3.7,6.9,0.53,0.54,4.3,5.0,0.872,0.8,3.7,4.5,6.0,1.2,0.3,2.4,2.0,19.6,,reaveau01
50.0,Scottie Barnes,23.0,TOR,PF,54.0,54.0,33.7,7.3,16.5,0.442,1.2,4.5,0.266,6.1,12.1,0.507,0.478,3.7,4.9,0.771,1.7,6.1,7.8,5.9,1.5,1.0,2.9,1.9,19.5,,barnesc01
51.0,Anfernee Simons,25.0,POR,SG,65.0,65.0,32.7,6.9,16.0,0.433,3.2,8.4,0.373,3.8,7.5,0.5,0.532,2.5,2.8,0.906,0.3,2.4,2.7,4.8,0.9,0.1,2.1,1.7,19.5,,simonan01
52.0,Coby White,24.0,CHI,SG,61.0,60.0,33.1,6.6,15.2,0.436,3.0,8.3,0.356,3.7,6.9,0.532,0.533,3.3,3.6,0.905,0.3,3.2,3.6,4.5,1.0,0.2,2.3,2.1,19.5,,whiteco01
53.0,Kristaps Porziņģis,29.0,BOS,C,34.0,34.0,29.0,6.6,13.6,0.483,2.3,5.9,0.391,4.3,7.7,0.553,0.568,3.8,4.6,0.81,1.5,5.3,6.8,1.9,0.8,1.6,1.2,2.7,19.3,,porzikr01
54.0,Domantas Sabonis,28.0,SAC,C,58.0,58.0,34.8,7.5,12.7,0.593,1.0,2.3,0.425,6.6,10.4,0.63,0.632,3.1,4.2,0.748,3.8,10.0,13.9,6.2,0.6,0.4,2.9,3.3,19.2,,sabondo01
55.0,Desmond Bane,26.0,MEM,SG,57.0,56.0,31.6,7.1,14.5,0.487,2.3,5.8,0.393,4.8,8.7,0.55,0.566,2.6,3.0,0.882,0.9,5.3,6.3,5.5,1.2,0.4,2.6,2.4,19.1,,banede01
56.0,Alperen Şengün,22.0,HOU,C,65.0,65.0,31.3,7.5,14.9,0.502,0.3,1.3,0.241,7.2,13.7,0.526,0.512,3.8,5.6,0.693,3.5,7.0,10.5,4.9,1.1,0.8,2.7,2.9,19.1,,sengual01
57.0,John Collins,27.0,UTA,PF,40.0,31.0,30.5,7.0,13.3,0.527,1.5,3.7,0.399,5.5,9.6,0.577,0.583,3.5,4.1,0.848,2.2,6.0,8.2,2.0,1.0,1.0,2.6,2.9,19.0,,collijo01
58.0,Lauri Markkanen,27.0,UTA,PF,47.0,47.0,31.4,6.3,14.9,0.423,2.9,8.5,0.346,3.4,6.4,0.525,0.521,3.4,3.9,0.876,1.5,4.4,5.9,1.5,0.7,0.4,1.4,1.7,19.0,,markkla01
59.0,Cameron Johnson,28.0,BRK,PF,53.0,53.0,31.9,6.3,13.2,0.476,2.9,7.2,0.398,3.4,5.9,0.571,0.586,3.5,3.9,0.885,0.9,3.3,4.3,3.2,1.0,0.5,1.7,1.9,18.9,,johnsca02
60.0,Jalen Johnson,23.0,ATL,SF,36.0,36.0,35.7,7.5,15.1,0.5,1.2,3.9,0.312,6.3,11.1,0.566,0.541,2.6,3.5,0.746,1.7,8.3,10.0,5.0,1.6,1.0,2.9,1.9,18.9,,johnsja05
61.0,Julius Randle,30.0,MIN,PF,57.0,57.0,32.3,6.5,13.7,0.474,1.5,4.5,0.325,5.1,9.2,0.546,0.527,4.3,5.3,0.807,2.2,4.9,7.1,4.7,0.7,0.2,2.8,2.5,18.7,,randlju01
62.0,Evan Mobley,23.0,CLE,PF,60.0,60.0,30.3,7.2,12.6,0.568,1.1,3.0,0.365,6.1,9.7,0.63,0.611,3.2,4.3,0.736,2.3,7.0,9.2,3.1,0.9,1.5,2.0,2.0,18.6,,mobleev01
63.0,Nikola Vučević,34.0,CHI,C,60.0,59.0,31.8,7.6,14.3,0.529,1.8,4.5,0.39,5.8,9.8,0.592,0.59,1.7,2.1,0.815,2.3,7.9,10.1,3.4,0.8,0.6,1.7,2.4,18.6,,vucevni01
65.0,Michael Porter Jr.,26.0,DEN,SF,66.0,66.0,33.8,6.9,13.8,0.502,2.5,6.3,0.398,4.4,7.5,0.59,0.593,1.9,2.5,0.754,1.8,5.2,7.0,2.1,0.6,0.4,1.3,2.0,18.3,,portemi01
66.0,Collin Sexton,26.0,UTA,SG,53.0,51.0,28.1,6.4,13.7,0.47,1.8,4.4,0.397,4.7,9.3,0.504,0.534,3.5,4.0,0.871,1.1,1.8,2.9,4.2,0.7,0.1,2.6,2.2,18.1,,sextoco01
69.0,Malik Monk,26.0,SAC,SG,56.0,43.0,32.6,6.6,14.9,0.44,2.2,6.8,0.318,4.4,8.1,0.543,0.513,2.4,2.8,0.866,0.4,3.4,3.8,5.9,1.0,0.7,2.4,2.6,17.7,,monkma01
70.0,De'Andre Hunter,27.0,2TM,SF,52.0,8.0,27.6,5.6,12.0,0.469,2.5,6.1,0.414,3.1,5.9,0.526,0.574,3.8,4.5,0.854,0.7,3.3,4.0,1.4,0.7,0.2,1.3,2.5,17.6,,huntede01
70.0,De'Andre Hunter,27.0,ATL,SF,37.0,4.0,28.8,6.1,13.3,0.461,2.6,6.7,0.393,3.5,6.6,0.531,0.56,4.1,4.8,0.858,0.7,3.2,3.9,1.5,0.8,0.1,1.6,2.4,19.0,,huntede01
70.0,De'Andre Hunter,27.0,CLE,SF,15.0,4.0,24.7,4.4,8.9,0.496,2.3,4.8,0.486,2.1,4.1,0.508,0.628,3.2,3.8,0.842,0.7,3.5,4.2,1.1,0.3,0.3,0.7,2.7,14.3,,huntede01
71.0,Jaden Ivey,22.0,DET,SG,30.0,30.0,29.9,6.3,13.8,0.46,2.1,5.1,0.409,4.2,8.6,0.49,0.536,2.8,3.9,0.733,1.3,2.8,4.1,4.0,0.9,0.4,3.0,2.2,17.6,,iveyja01
72.0,Dejounte Murray,28.0,NOP,PG,31.0,31.0,32.6,6.3,15.9,0.393,1.7,5.6,0.299,4.6,10.3,0.444,0.445,3.3,4.0,0.823,0.5,5.9,6.5,7.4,2.0,0.4,3.4,2.0,17.5,,murrade01
73.0,Shaedon Sharpe,21.0,POR,SG,61.0,41.0,30.5,6.5,14.6,0.449,2.0,6.2,0.313,4.6,8.3,0.55,0.516,2.4,3.0,0.796,0.9,3.2,4.1,2.6,0.8,0.2,2.0,1.7,17.5,,sharpsh01
74.0,Bam Adebayo,27.0,MIA,C,66.0,66.0,34.4,6.7,13.8,0.486,0.8,2.6,0.31,5.9,11.2,0.528,0.516,3.2,4.2,0.76,2.5,7.4,9.9,4.3,1.3,0.7,2.2,2.2,17.4,,adebaba01
76.0,Immanuel Quickley,25.0,TOR,PG,27.0,27.0,28.4,5.6,13.1,0.424,2.5,6.7,0.37,3.1,6.4,0.48,0.518,3.6,4.2,0.858,0.4,3.2,3.6,5.5,0.6,0.1,1.7,1.9,17.2,,quickim01
78.0,Keyonte George,21.0,UTA,PG,54.0,32.0,31.4,5.4,13.6,0.395,2.6,7.6,0.343,2.8,6.0,0.462,0.491,3.4,4.3,0.802,0.4,3.4,3.8,5.8,0.7,0.2,2.8,1.7,16.8,,georgke01
80.0,OG Anunoby,27.0,NYK,PF,61.0,61.0,36.7,6.1,13.2,0.465,2.2,6.0,0.364,3.9,7.2,0.549,0.548,2.2,2.7,0.795,1.4,3.4,4.8,2.2,1.4,0.9,1.4,2.3,16.6,,anunoog01
81.0,Jordan Clarkson,32.0,UTA,SG,35.0,9.0,26.3,5.5,13.5,0.41,2.3,6.3,0.367,3.2,7.1,0.448,0.496,3.1,3.9,0.796,0.7,2.5,3.2,3.8,0.9,0.2,2.2,1.5,16.5,,clarkjo01
82.0,Ivica Zubac,27.0,LAC,C,67.0,67.0,32.6,7.3,11.7,0.625,0.0,0.0,,7.3,11.7,0.625,0.625,1.8,2.9,0.632,3.8,8.8,12.6,2.6,0.7,1.2,1.7,2.2,16.4,,zubaciv01
83.0,Jonathan Kuminga,22.0,GSW,PF,36.0,10.0,25.7,5.8,12.8,0.455,1.1,3.4,0.331,4.7,9.5,0.499,0.498,3.5,5.4,0.651,1.3,3.4,4.8,2.3,0.9,0.5,1.6,2.0,16.3,,kuminjo01
84.0,Malik Beasley,28.0,DET,SG,69.0,14.0,27.4,5.7,12.9,0.439,3.9,9.3,0.418,1.8,3.6,0.494,0.589,1.0,1.6,0.649,0.6,2.2,2.7,1.7,1.0,0.1,1.1,1.5,16.2,,beaslma01
85.0,Paul George,34.0,PHI,PF,41.0,41.0,32.5,6.0,13.9,0.43,2.3,6.5,0.358,3.6,7.4,0.493,0.514,1.9,2.4,0.814,0.6,4.8,5.3,4.3,1.8,0.5,2.6,2.5,16.2,,georgpa01
86.0,Jalen Suggs,23.0,ORL,PG,35.0,35.0,28.6,5.6,13.7,0.41,2.2,6.9,0.314,3.5,6.8,0.506,0.489,2.8,3.1,0.882,0.7,3.4,4.0,3.7,1.5,0.9,2.9,2.8,16.2,,suggsja01
87.0,Devin Vassell,24.0,SAS,SG,52.0,41.0,30.8,6.1,14.0,0.437,2.3,6.5,0.353,3.8,7.5,0.51,0.519,1.6,2.0,0.796,0.6,3.3,3.9,2.9,1.3,0.5,1.3,1.6,16.1,,vassede01
88.0,Bennedict Mathurin,22.0,IND,SF,61.0,46.0,30.2,5.5,11.9,0.465,1.5,4.1,0.363,4.1,7.9,0.518,0.527,3.4,4.1,0.832,1.2,4.1,5.2,1.9,0.6,0.4,1.9,2.3,16.0,,mathube01
89.0,Myles Turner,28.0,IND,C,59.0,59.0,30.6,5.4,11.5,0.473,2.2,5.5,0.393,3.3,6.0,0.545,0.566,2.5,3.2,0.78,1.2,5.2,6.4,1.6,0.8,1.8,1.7,2.6,15.5,,turnemy01
91.0,Deni Avdija,24.0,POR,SF,63.0,45.0,29.0,5.0,10.7,0.467,1.6,4.4,0.353,3.4,6.3,0.547,0.539,3.8,4.9,0.773,1.3,5.4,6.7,3.6,0.9,0.5,2.6,2.3,15.3,,avdijde01
92.0,Jared McCain,20.0,PHI,SG,23.0,8.0,25.7,5.5,11.9,0.46,2.2,5.8,0.383,3.3,6.1,0.532,0.553,2.1,2.4,0.875,0.6,1.9,2.4,2.6,0.7,0.0,1.6,1.6,15.3,,mccaija01
93.0,Christian Braun,23.0,DEN,SG,67.0,65.0,33.5,5.9,10.3,0.572,1.1,2.8,0.39,4.8,7.5,0.64,0.625,2.3,2.7,0.826,1.2,3.8,5.0,2.4,1.1,0.5,1.0,2.1,15.2,,braunch01
94.0,Kelly Oubre Jr.,29.0,PHI,SF,60.0,57.0,34.6,5.8,12.4,0.47,1.2,4.0,0.293,4.6,8.3,0.555,0.518,2.3,3.1,0.751,1.6,4.5,6.1,1.8,1.5,0.5,1.3,3.0,15.1,,oubreke01
95.0,Chet Holmgren,22.0,OKC,C,22.0,22.0,27.2,5.3,10.6,0.5,1.3,3.7,0.358,4.0,7.0,0.575,0.562,3.1,4.2,0.731,1.8,6.8,8.5,1.9,0.8,2.5,1.8,2.1,15.0,,holmgch01
96.0,Naz Reid,25.0,MIN,C,69.0,17.0,27.9,5.5,11.8,0.462,2.3,5.9,0.387,3.2,5.9,0.537,0.559,1.4,1.9,0.775,1.2,5.0,6.1,2.2,0.8,1.0,1.4,2.5,14.7,,reidna01
98.0,Deandre Ayton,26.0,POR,C,40.0,40.0,30.2,6.6,11.7,0.566,0.2,0.8,0.188,6.5,10.9,0.594,0.573,1.0,1.5,0.667,3.1,7.1,10.2,1.6,0.8,1.0,1.7,2.2,14.4,,aytonde01
99.0,Gradey Dick,21.0,TOR,SG,54.0,54.0,29.4,4.9,12.0,0.41,2.1,6.0,0.35,2.8,5.9,0.47,0.498,2.5,2.9,0.858,0.8,2.8,3.6,1.8,0.9,0.2,1.5,2.2,14.4,,dickgr01
100.0,Jerami Grant,30.0,POR,PF,47.0,47.0,32.4,4.6,12.2,0.373,2.3,6.3,0.365,2.3,5.9,0.381,0.467,3.0,3.5,0.849,0.6,2.9,3.5,2.1,0.9,1.0,1.4,2.3,14.4,,grantje01
101.0,Klay Thompson,34.0,DAL,SF,61.0,61.0,27.7,5.2,12.5,0.415,3.1,7.8,0.398,2.1,4.7,0.443,0.539,0.9,1.0,0.905,0.7,2.9,3.6,2.1,0.8,0.5,1.3,1.2,14.4,,thompkl01
102.0,P.J. Washington,26.0,DAL,PF,48.0,47.0,32.2,5.1,11.7,0.439,1.5,4.2,0.368,3.6,7.5,0.478,0.504,2.5,3.3,0.742,1.6,6.6,8.2,2.3,1.2,1.0,1.9,2.4,14.3,,washipj01
103.0,Josh Hart,29.0,NYK,SG,64.0,64.0,37.8,5.4,10.2,0.534,1.1,3.3,0.335,4.3,6.9,0.63,0.588,2.2,2.8,0.792,2.1,7.6,9.8,5.7,1.5,0.4,2.1,2.5,14.2,,hartjo01
104.0,Jakob Poeltl,29.0,TOR,C,52.0,51.0,29.8,6.2,10.1,0.616,0.0,0.1,0.333,6.2,10.0,0.618,0.617,1.8,2.6,0.672,3.3,6.3,9.6,2.8,1.2,1.2,1.9,3.2,14.2,,poeltja01
105.0,Dyson Daniels,21.0,ATL,SG,64.0,64.0,33.8,5.9,12.2,0.485,1.1,3.1,0.345,4.9,9.1,0.532,0.528,1.2,2.0,0.587,1.6,4.0,5.6,4.3,3.0,0.7,1.9,2.5,14.1,,daniedy01
106.0,Tre Mann,23.0,CHO,PG,13.0,0.0,24.5,5.4,12.4,0.435,1.8,4.6,0.4,3.5,7.8,0.455,0.509,1.5,1.6,0.905,0.9,2.0,2.9,3.0,0.5,0.3,1.9,1.8,14.1,,manntr01
107.0,Payton Pritchard,27.0,BOS,PG,68.0,0.0,28.1,4.9,10.5,0.469,3.3,7.8,0.418,1.6,2.7,0.619,0.625,0.9,1.1,0.853,1.3,2.4,3.7,3.4,0.9,0.2,0.9,1.5,14.1,,pritcpa01
108.0,Fred VanVleet,30.0,HOU,PG,50.0,50.0,35.1,4.9,12.8,0.382,2.6,7.7,0.34,2.3,5.1,0.447,0.485,1.7,2.1,0.811,0.6,3.4,4.0,5.7,1.6,0.5,1.5,2.4,14.1,,vanvlfr01
109.0,Dillon Brooks,29.0,HOU,SF,65.0,65.0,32.3,5.1,12.1,0.42,2.5,6.3,0.393,2.6,5.8,0.45,0.522,1.4,1.7,0.817,1.1,2.8,3.9,1.8,0.8,0.2,1.0,3.4,14.0,,brookdi01
110.0,Amen Thompson,22.0,HOU,SF,60.0,33.0,32.5,5.5,10.0,0.553,0.3,1.3,0.256,5.2,8.7,0.597,0.569,2.6,3.8,0.693,2.8,5.6,8.3,3.6,1.3,1.3,2.1,2.3,14.0,,thompam01
111.0,Tobias Harris,32.0,DET,PF,65.0,65.0,32.1,5.3,11.2,0.473,1.2,3.7,0.339,4.1,7.6,0.538,0.528,2.0,2.3,0.868,0.9,5.2,6.1,2.2,0.9,0.8,1.1,1.9,13.9,,harrito02
112.0,Stephon Castle,20.0,SAS,PG,66.0,32.0,25.8,5.0,11.7,0.427,1.2,4.1,0.286,3.8,7.6,0.502,0.477,2.7,3.8,0.718,1.0,2.2,3.2,3.5,0.9,0.2,2.0,2.0,13.8,,castlst01
113.0,Josh Giddey,22.0,CHI,PG,60.0,60.0,29.7,5.1,11.0,0.462,1.5,4.0,0.376,3.6,7.0,0.511,0.53,2.2,2.8,0.789,1.7,6.0,7.7,6.7,1.1,0.6,2.8,1.7,13.8,,giddejo01
114.0,Aaron Gordon,29.0,DEN,PF,40.0,31.0,27.2,4.9,9.4,0.521,1.5,3.2,0.457,3.4,6.2,0.555,0.599,2.6,3.2,0.811,1.6,3.2,4.9,3.0,0.5,0.3,1.3,1.5,13.8,,gordoaa01
115.0,Bobby Portis,29.0,MIL,PF,46.0,7.0,25.2,5.6,12.1,0.463,1.3,3.6,0.364,4.3,8.5,0.505,0.517,1.2,1.5,0.821,1.8,6.5,8.3,2.2,0.7,0.5,1.2,1.9,13.7,,portibo01
118.0,Rui Hachimura,26.0,LAL,PF,50.0,50.0,32.1,5.1,10.0,0.506,1.7,4.1,0.41,3.4,5.9,0.573,0.59,1.5,2.0,0.765,1.5,3.8,5.2,1.5,0.8,0.5,0.9,1.8,13.3,,hachiru01
120.0,Russell Westbrook,36.0,DEN,PG,62.0,33.0,28.2,5.0,10.9,0.46,1.3,3.9,0.342,3.7,7.0,0.525,0.521,1.8,2.8,0.64,1.5,3.6,5.1,6.2,1.4,0.5,3.1,2.5,13.1,,westbru01
121.0,D'Angelo Russell,28.0,2TM,PG,53.0,31.0,25.7,4.4,11.0,0.398,2.0,6.2,0.318,2.4,4.9,0.5,0.487,2.1,2.5,0.836,0.3,2.5,2.8,5.2,1.0,0.4,1.9,2.0,12.9,,russeda01
121.0,D'Angelo Russell,28.0,LAL,PG,29.0,10.0,26.3,4.4,10.7,0.415,1.9,5.8,0.333,2.5,4.9,0.51,0.505,1.6,1.8,0.849,0.3,2.5,2.8,4.7,0.8,0.1,1.7,1.8,12.4,,russeda01
121.0,D'Angelo Russell,28.0,BRK,PG,24.0,21.0,24.9,4.3,11.4,0.38,2.0,6.6,0.302,2.3,4.8,0.487,0.467,2.8,3.4,0.827,0.4,2.5,2.9,5.8,1.2,0.8,2.0,2.2,13.5,,russeda01
122.0,Onyeka Okongwu,24.0,ATL,C,62.0,28.0,26.7,5.1,8.9,0.572,0.5,1.7,0.311,4.5,7.2,0.634,0.602,2.2,2.9,0.749,3.0,5.5,8.6,2.2,0.9,1.0,1.0,2.5,12.9,,okongon01
123.0,Moritz Wagner,27.0,ORL,C,30.0,1.0,18.8,4.7,8.3,0.562,0.9,2.5,0.36,3.8,5.8,0.649,0.616,2.6,3.7,0.718,1.3,3.6,4.9,1.4,0.8,0.4,1.6,1.8,12.9,,wagnemo01
124.0,Scoot Henderson,20.0,POR,PG,61.0,9.0,26.9,4.4,10.4,0.426,1.6,4.3,0.362,2.8,6.0,0.471,0.502,2.4,3.2,0.772,0.8,2.3,3.1,5.0,1.1,0.2,2.7,2.8,12.8,,hendesc01
125.0,Santi Aldama,24.0,MEM,PF,53.0,13.0,25.0,5.0,10.2,0.487,1.8,4.8,0.375,3.2,5.4,0.588,0.576,0.9,1.3,0.7,1.6,5.1,6.7,2.8,0.8,0.5,1.0,1.1,12.7,,aldamsa01
126.0,Oshae Brissett,26.0,PHI,SF,3.0,1.0,30.3,5.0,8.7,0.577,1.7,4.0,0.417,3.3,4.7,0.714,0.673,1.0,2.7,0.375,2.0,1.7,3.7,1.0,1.0,1.0,2.7,2.3,12.7,,brissos01
127.0,Malcolm Brogdon,32.0,WAS,PG,24.0,13.0,23.5,4.3,10.0,0.433,0.7,2.3,0.286,3.7,7.7,0.478,0.467,3.4,3.8,0.88,0.9,2.9,3.8,4.1,0.5,0.2,1.6,1.3,12.7,,brogdma01
128.0,Naji Marshall,27.0,DAL,SF,56.0,22.0,26.6,4.9,10.0,0.495,0.9,3.4,0.277,4.0,6.6,0.605,0.541,1.8,2.2,0.844,1.1,3.6,4.7,2.9,1.1,0.1,1.6,1.5,12.7,,marshna01
129.0,Jaden McDaniels,24.0,MIN,PF,70.0,70.0,32.4,5.0,10.4,0.482,1.3,3.9,0.338,3.7,6.5,0.569,0.546,1.3,1.6,0.83,1.7,4.4,6.1,2.1,1.5,0.9,1.1,2.9,12.7,,mcdanja02
130.0,Keldon Johnson,25.0,SAS,SF,64.0,0.0,23.7,4.7,9.8,0.486,1.2,3.5,0.332,3.6,6.2,0.573,0.546,2.0,2.6,0.768,1.4,3.2,4.5,1.5,0.6,0.2,1.0,1.5,12.6,,johnske04
131.0,Brook Lopez,36.0,MIL,C,67.0,67.0,31.7,4.7,9.5,0.496,1.8,4.8,0.371,2.9,4.7,0.624,0.59,1.4,1.7,0.848,1.3,3.6,5.0,1.7,0.7,1.9,1.0,2.2,12.6,,lopezbr01
132.0,Alex Sarr,19.0,WAS,C,52.0,52.0,26.9,4.7,11.8,0.393,1.6,4.9,0.323,3.1,6.9,0.444,0.461,1.6,2.4,0.653,1.9,4.7,6.6,2.3,0.7,1.6,1.4,2.3,12.5,,sarral01
133.0,Tari Eason,23.0,HOU,PF,46.0,12.0,25.3,4.9,10.0,0.486,1.2,3.3,0.351,3.7,6.7,0.554,0.544,1.5,2.0,0.769,2.3,4.1,6.3,1.3,1.8,0.9,1.1,2.5,12.4,,easonta01
134.0,Bilal Coulibaly,20.0,WAS,SF,59.0,59.0,33.0,4.5,10.6,0.421,1.1,3.8,0.281,3.4,6.8,0.5,0.472,2.3,3.1,0.746,1.5,3.4,5.0,3.4,1.3,0.7,2.1,2.4,12.3,,coulibi01
135.0,Ayo Dosunmu,25.0,CHI,SG,46.0,26.0,30.3,4.8,9.8,0.492,1.3,4.1,0.328,3.5,5.7,0.612,0.561,1.3,1.7,0.785,0.6,2.9,3.5,4.5,0.9,0.4,1.5,2.3,12.3,,dosunay01
136.0,Daniel Gafford,26.0,DAL,C,51.0,28.0,21.9,5.0,7.1,0.699,0.0,0.0,,5.0,7.1,0.699,0.699,2.4,3.4,0.699,2.7,4.1,6.9,1.4,0.4,1.9,1.2,2.7,12.3,,gaffoda01
137.0,Keegan Murray,24.0,SAC,PF,64.0,64.0,34.6,4.8,10.8,0.44,1.9,5.8,0.333,2.8,5.0,0.564,0.53,0.9,1.0,0.833,2.0,4.8,6.8,1.4,0.8,0.8,0.8,2.5,12.3,,murrake02
139.0,Jabari Smith Jr.,21.0,HOU,PF,47.0,39.0,30.9,4.3,10.0,0.431,1.7,4.9,0.349,2.6,5.1,0.51,0.517,1.9,2.3,0.813,1.9,4.8,6.7,1.0,0.4,0.8,1.0,2.3,12.2,,smithja05
140.0,Daeqwon Plowden,26.0,ATL,SG,2.0,0.0,16.5,4.0,5.0,0.8,3.0,4.0,0.75,1.0,1.0,1.0,1.1,1.0,1.0,1.0,1.5,1.0,2.5,0.0,0.0,0.0,0.5,2.5,12.0,,plowdda01
142.0,Ty Jerome,27.0,CLE,SG,63.0,2.0,19.6,4.3,8.5,0.504,1.5,3.5,0.427,2.8,5.0,0.557,0.592,1.9,2.1,0.867,0.7,1.8,2.5,3.3,1.2,0.0,1.3,1.5,11.9,,jeromty01
143.0,Zaccharie Risacher,19.0,ATL,SF,62.0,60.0,24.5,4.5,10.1,0.443,1.5,4.4,0.35,2.9,5.7,0.516,0.52,1.4,2.0,0.719,1.2,2.5,3.7,1.2,0.8,0.5,1.3,1.9,11.9,,risacza01
144.0,Harrison Barnes,32.0,SAS,PF,67.0,67.0,27.3,4.1,8.0,0.507,1.7,4.0,0.432,2.3,4.0,0.584,0.616,1.9,2.4,0.779,1.4,2.5,3.9,1.7,0.4,0.2,0.6,0.9,11.8,,barneha02
145.0,Donte DiVincenzo,28.0,MIN,SG,51.0,10.0,26.6,4.0,9.6,0.418,2.8,7.2,0.395,1.2,2.4,0.484,0.565,0.9,1.1,0.786,0.5,3.2,3.7,3.8,1.3,0.2,1.5,1.8,11.7,,divindo01
146.0,Corey Kispert,25.0,WAS,SF,61.0,0.0,26.3,4.2,9.3,0.451,2.0,5.4,0.364,2.2,3.9,0.574,0.558,1.2,1.4,0.852,0.6,2.4,3.0,1.7,0.4,0.2,1.0,1.6,11.6,,kispeco01
147.0,Walker Kessler,23.0,UTA,C,52.0,52.0,30.4,5.0,7.1,0.698,0.1,0.3,0.176,4.9,6.8,0.723,0.702,1.5,2.8,0.545,4.7,7.8,12.5,1.6,0.6,2.4,1.5,2.2,11.5,,kesslwa01
148.0,Jeremy Sochan,21.0,SAS,PF,47.0,19.0,25.2,4.7,8.5,0.555,0.6,1.6,0.342,4.1,6.9,0.606,0.588,1.5,2.3,0.679,2.4,4.3,6.7,2.4,0.8,0.5,1.6,2.4,11.5,,sochaje01
149.0,Jalen Duren,21.0,DET,C,66.0,66.0,25.9,4.7,6.8,0.696,0.0,0.0,,4.7,6.8,0.696,0.696,2.0,2.9,0.683,3.4,6.8,10.3,2.6,0.7,1.2,1.8,3.2,11.4,,durenja01
150.0,Isaiah Hartenstein,26.0,OKC,C,47.0,44.0,28.3,5.0,8.6,0.578,0.0,0.3,0.0,5.0,8.3,0.601,0.578,1.4,2.2,0.667,2.9,8.2,11.1,3.9,0.8,1.0,1.7,3.0,11.4,,harteis01
151.0,Aaron Wiggins,26.0,OKC,SG,67.0,21.0,22.5,4.5,9.1,0.49,1.6,4.2,0.387,2.8,4.9,0.58,0.58,0.8,1.0,0.833,1.1,2.7,3.8,1.7,0.8,0.3,0.9,1.3,11.4,,wiggiaa01
152.0,Buddy Hield,32.0,GSW,SG,69.0,22.0,23.1,4.1,9.9,0.418,2.5,6.8,0.369,1.6,3.0,0.529,0.546,0.6,0.8,0.788,0.6,2.7,3.2,1.7,0.9,0.3,1.2,1.6,11.3,,hieldbu01
153.0,Aaron Nesmith,25.0,IND,SF,31.0,23.0,24.6,4.0,8.1,0.5,1.7,4.1,0.414,2.3,3.9,0.59,0.606,1.4,1.6,0.898,0.7,3.0,3.7,1.4,0.7,0.4,0.8,2.5,11.2,,nesmiaa01
154.0,Terry Rozier,30.0,MIA,PG,59.0,23.0,26.6,4.1,10.3,0.396,1.5,5.0,0.3,2.6,5.3,0.486,0.469,1.5,1.8,0.857,0.7,3.1,3.8,2.7,0.6,0.2,1.3,1.2,11.2,,roziete01
156.0,Duncan Robinson,30.0,MIA,SF,65.0,33.0,24.5,4.0,9.1,0.436,2.6,6.6,0.388,1.4,2.5,0.563,0.577,0.7,0.7,0.896,0.2,2.1,2.3,2.5,0.6,0.1,1.2,1.9,11.1,,robindu01
159.0,Rudy Gobert,32.0,MIN,C,60.0,60.0,32.7,4.3,6.5,0.654,0.0,0.0,,4.3,6.5,0.654,0.654,2.4,3.5,0.678,3.5,6.8,10.3,1.8,0.7,1.5,1.3,2.4,10.9,,goberru01
160.0,Toumani Camara,24.0,POR,PF,66.0,66.0,32.8,4.0,8.8,0.454,1.6,4.3,0.369,2.4,4.5,0.535,0.544,1.2,1.6,0.745,2.3,3.6,5.9,2.2,1.5,0.7,1.5,3.1,10.8,,camarto01
161.0,Jaylen Wells,21.0,MEM,SG,69.0,64.0,26.0,3.8,8.8,0.432,1.8,5.1,0.36,2.0,3.8,0.529,0.535,1.4,1.7,0.81,1.1,2.2,3.3,1.7,0.6,0.1,0.9,1.9,10.8,,wellsja01
162.0,Grayson Allen,29.0,PHO,SG,53.0,3.0,24.8,3.4,7.6,0.45,2.4,5.6,0.434,1.0,2.0,0.495,0.611,1.5,1.8,0.811,0.5,2.6,3.1,2.2,0.9,0.4,1.1,1.5,10.7,,allengr01
163.0,Brandon Boston Jr.,23.0,NOP,SG,42.0,10.0,23.6,4.0,9.1,0.436,1.2,3.3,0.35,2.8,5.7,0.485,0.5,1.6,2.0,0.788,0.7,2.5,3.2,2.2,1.3,0.2,1.2,1.7,10.7,,bostobr01
164.0,Nikola Jović,21.0,MIA,PF,46.0,10.0,25.1,3.7,8.2,0.456,1.7,4.6,0.371,2.0,3.6,0.563,0.56,1.6,1.9,0.828,0.6,3.3,3.9,2.8,0.8,0.3,1.3,1.8,10.7,,jovicni01
165.0,Spencer Dinwiddie,31.0,DAL,PG,67.0,20.0,26.0,3.4,8.3,0.414,1.4,4.0,0.336,2.1,4.3,0.488,0.496,2.3,2.9,0.809,0.2,2.2,2.4,3.8,0.8,0.2,1.2,1.5,10.6,,dinwisp01
166.0,Jordan Hawkins,22.0,NOP,SG,51.0,7.0,23.3,3.6,9.8,0.371,1.9,5.8,0.332,1.7,4.1,0.425,0.468,1.4,1.6,0.831,0.5,2.2,2.6,1.1,0.6,0.4,1.0,0.8,10.6,,hawkijo01
167.0,Gary Trent Jr.,26.0,MIL,SG,61.0,7.0,24.9,3.7,8.6,0.435,2.3,5.5,0.415,1.4,3.1,0.471,0.569,0.9,1.0,0.839,0.3,2.0,2.3,1.1,1.0,0.1,0.6,1.8,10.6,,trentga02
168.0,Derrick Jones Jr.,27.0,LAC,SF,64.0,52.0,24.8,4.2,7.9,0.528,1.0,2.8,0.363,3.1,5.1,0.62,0.593,1.1,1.6,0.71,1.3,2.2,3.5,0.8,1.1,0.4,0.9,2.0,10.5,,jonesde02
169.0,Guerschon Yabusele,29.0,PHI,C,62.0,35.0,26.6,3.8,7.7,0.497,1.5,3.8,0.391,2.3,3.9,0.599,0.593,1.4,1.9,0.739,1.9,3.7,5.6,2.0,0.8,0.4,1.3,2.4,10.5,,yabusgu01
170.0,Tim Hardaway Jr.,32.0,DET,SG,65.0,65.0,28.1,3.4,8.6,0.4,2.1,5.8,0.361,1.3,2.8,0.483,0.522,1.5,1.8,0.826,0.2,2.2,2.4,1.6,0.5,0.1,0.7,1.2,10.4,,hardati02
171.0,Tyus Jones,28.0,PHO,PG,68.0,57.0,28.1,3.8,8.5,0.447,2.1,4.9,0.426,1.7,3.6,0.477,0.571,0.7,0.8,0.891,0.5,1.9,2.4,5.7,0.8,0.1,1.3,0.9,10.4,,jonesty01
172.0,Grant Williams,26.0,CHO,PF,16.0,7.0,29.9,3.4,7.7,0.439,1.7,4.6,0.365,1.7,3.1,0.551,0.549,1.9,2.3,0.838,1.1,4.0,5.1,2.3,1.1,0.8,1.8,2.9,10.4,,willigr01
173.0,Herbert Jones,26.0,NOP,SF,20.0,20.0,32.4,3.8,8.6,0.436,1.1,3.6,0.306,2.7,5.0,0.53,0.5,1.7,2.0,0.825,1.1,2.8,3.9,3.3,1.9,0.5,1.8,3.3,10.3,,joneshe01
174.0,De'Anthony Melton,26.0,GSW,SG,6.0,2.0,20.2,3.7,9.0,0.407,2.2,5.8,0.371,1.5,3.2,0.474,0.528,0.8,1.3,0.625,1.0,2.3,3.3,2.8,1.2,0.3,1.7,3.0,10.3,,meltode01
175.0,Brandin Podziemski,21.0,GSW,SG,51.0,20.0,25.5,3.9,9.0,0.431,1.4,4.3,0.327,2.5,4.6,0.527,0.51,1.1,1.5,0.75,1.0,3.9,4.9,3.4,1.1,0.2,1.1,1.5,10.3,,podzibr01
176.0,Obi Toppin,26.0,IND,PF,64.0,1.0,19.5,3.9,7.4,0.533,1.3,3.6,0.351,2.7,3.8,0.704,0.618,1.2,1.5,0.792,0.7,3.3,4.1,1.6,0.6,0.3,0.9,1.4,10.3,,toppiob01
177.0,Keon Johnson,22.0,BRK,SG,67.0,44.0,23.9,3.7,9.8,0.379,1.5,5.0,0.307,2.2,4.8,0.453,0.457,1.3,1.6,0.778,0.9,2.9,3.7,2.0,1.0,0.4,1.3,2.6,10.2,,johnske07
178.0,Andrew Nembhard,25.0,IND,SG,51.0,51.0,28.8,3.8,8.2,0.469,0.8,2.6,0.311,3.0,5.6,0.542,0.518,1.7,2.2,0.793,0.5,2.6,3.1,5.0,1.3,0.2,1.8,2.4,10.2,,nembhan01
179.0,Ochai Agbaji,24.0,TOR,SG,55.0,39.0,26.9,4.0,8.0,0.503,1.5,3.8,0.399,2.5,4.2,0.597,0.598,0.6,0.8,0.689,0.9,2.8,3.7,1.5,0.8,0.5,0.8,1.8,10.1,,agbajoc01
180.0,Nic Claxton,25.0,BRK,C,60.0,52.0,27.3,4.5,8.1,0.548,0.0,0.3,0.063,4.4,7.9,0.565,0.549,1.2,2.3,0.522,2.2,5.3,7.5,2.3,0.9,1.5,1.2,2.2,10.1,,claxtni01
181.0,Amir Coffey,27.0,LAC,SG,67.0,13.0,25.3,3.5,7.4,0.471,1.5,3.6,0.413,2.0,3.8,0.525,0.57,1.6,1.8,0.908,0.5,1.8,2.3,1.1,0.6,0.1,0.6,1.7,10.1,,coffeam01
182.0,Ziaire Williams,23.0,BRK,SF,54.0,36.0,24.7,3.4,8.3,0.412,1.6,4.7,0.34,1.8,3.6,0.505,0.508,1.6,2.0,0.832,1.1,3.7,4.8,1.4,1.0,0.4,1.0,2.5,10.1,,willizi02
183.0,Chris Boucher,32.0,TOR,PF,50.0,0.0,17.2,3.6,7.4,0.492,1.4,3.9,0.363,2.2,3.5,0.633,0.586,1.4,1.7,0.782,1.4,3.1,4.5,0.7,0.5,0.5,0.6,1.4,10.0,,bouchch01
184.0,N'Faly Dante,23.0,HOU,C,1.0,0.0,19.0,4.0,6.0,0.667,0.0,0.0,,4.0,6.0,0.667,0.667,2.0,3.0,0.667,4.0,5.0,9.0,1.0,0.0,2.0,1.0,4.0,10.0,,nfalyda01
185.0,Moses Moody,22.0,GSW,SG,61.0,21.0,21.5,3.4,7.6,0.444,1.8,4.5,0.388,1.6,3.1,0.527,0.559,1.4,1.8,0.786,0.7,1.8,2.5,1.2,0.7,0.4,0.6,1.5,10.0,,moodymo01
186.0,Brice Sensabaugh,21.0,UTA,SF,58.0,8.0,18.8,3.6,7.9,0.455,1.9,4.8,0.402,1.7,3.2,0.536,0.576,0.8,0.9,0.907,0.6,2.2,2.7,1.4,0.6,0.1,1.5,1.4,10.0,,sensabr01
187.0,Luguentz Dort,25.0,OKC,SF,62.0,62.0,29.1,3.5,8.3,0.424,2.3,5.7,0.396,1.3,2.6,0.488,0.561,0.5,0.7,0.75,1.4,2.8,4.2,1.6,1.1,0.6,0.7,2.9,9.9,,dortlu01
188.0,A.J. Lawson,24.0,TOR,SG,14.0,2.0,19.0,3.3,8.1,0.404,1.6,4.6,0.359,1.6,3.6,0.46,0.504,1.5,2.3,0.656,0.9,2.4,3.3,1.0,0.3,0.1,0.6,1.9,9.7,,lawsoaj01
190.0,Jose Alvarado,26.0,NOP,PG,45.0,12.0,23.9,3.4,8.5,0.399,2.0,5.3,0.374,1.4,3.2,0.441,0.516,0.9,1.1,0.8,0.4,1.9,2.3,4.6,1.4,0.2,1.1,1.7,9.6,,alvarjo01
191.0,Cole Anthony,24.0,ORL,PG,61.0,22.0,18.6,3.5,8.3,0.423,1.1,3.2,0.349,2.4,5.1,0.47,0.49,1.4,1.7,0.821,0.7,2.3,3.0,2.9,0.7,0.4,1.6,2.3,9.6,,anthoco01
192.0,Julian Champagnie,23.0,SAS,SF,67.0,26.0,23.2,3.3,7.9,0.415,2.1,5.7,0.361,1.2,2.2,0.559,0.546,0.9,1.0,0.899,0.8,3.0,3.8,1.3,0.8,0.4,0.9,1.3,9.6,,champju02
195.0,Isaiah Joe,25.0,OKC,SG,61.0,12.0,21.0,3.3,7.7,0.426,2.4,6.1,0.396,0.9,1.7,0.535,0.582,0.5,0.7,0.786,0.5,2.1,2.6,1.5,0.6,0.1,0.5,1.6,9.5,,joeis01
196.0,Luke Kennard,28.0,MEM,SG,54.0,10.0,22.6,3.4,7.0,0.482,1.9,4.3,0.446,1.5,2.8,0.537,0.617,0.9,1.0,0.885,0.6,2.2,2.8,3.4,0.7,0.1,1.1,0.9,9.5,,kennalu01
198.0,Ausar Thompson,22.0,DET,SF,47.0,36.0,21.5,4.0,7.2,0.55,0.2,0.8,0.243,3.8,6.4,0.587,0.563,1.3,2.2,0.6,1.9,3.1,4.9,2.2,1.7,0.6,1.4,2.8,9.5,,thompau01
201.0,Tosan Evbuomwan,23.0,BRK,SF,21.0,0.0,23.9,3.4,7.8,0.433,0.8,2.6,0.291,2.6,5.2,0.505,0.482,1.9,2.5,0.755,1.2,2.9,4.0,1.6,0.8,0.3,1.5,1.9,9.4,,evbuoto01
202.0,Miles McBride,24.0,NYK,PG,57.0,6.0,24.6,3.4,8.3,0.411,1.8,4.7,0.376,1.6,3.6,0.456,0.517,0.9,1.1,0.817,0.8,1.8,2.5,2.8,1.0,0.3,0.7,1.6,9.4,,mcbrimi01
203.0,T.J. McConnell,32.0,IND,PG,64.0,0.0,18.1,4.2,8.1,0.52,0.2,0.7,0.302,4.0,7.4,0.54,0.533,0.8,1.0,0.738,0.5,1.8,2.4,4.5,1.1,0.3,1.5,1.0,9.4,,mccontj01
204.0,Royce O'Neale,31.0,PHO,SF,63.0,19.0,25.3,3.3,7.7,0.433,2.4,5.8,0.417,0.9,1.9,0.483,0.591,0.3,0.4,0.731,0.8,4.1,4.9,2.2,1.0,0.5,0.9,2.0,9.4,,onealro01
205.0,Julian Strawther,22.0,DEN,SG,61.0,4.0,22.1,3.4,7.7,0.434,1.5,4.3,0.357,1.8,3.4,0.531,0.534,1.1,1.3,0.829,0.3,1.9,2.2,1.3,0.6,0.2,0.9,2.4,9.4,,strawju01
206.0,Max Strus,28.0,CLE,SF,39.0,26.0,25.1,3.2,7.5,0.429,2.3,6.0,0.385,0.9,1.5,0.6,0.582,0.6,0.7,0.893,1.0,3.4,4.4,3.1,0.6,0.3,0.9,2.1,9.4,,strusma01
207.0,Nickeil Alexander-Walker,26.0,MIN,SG,70.0,10.0,25.2,3.3,7.5,0.444,1.8,4.5,0.393,1.6,3.0,0.522,0.562,0.9,1.2,0.765,0.6,2.6,3.2,2.5,0.6,0.4,1.2,1.7,9.3,,alexani01
208.0,Noah Clowney,20.0,BRK,PF,41.0,18.0,22.6,3.0,8.0,0.37,2.0,5.6,0.346,1.0,2.3,0.427,0.492,1.4,1.7,0.831,0.9,2.9,3.8,0.8,0.5,0.5,0.9,2.2,9.3,,clownno01
209.0,Svi Mykhailiuk,27.0,UTA,SF,28.0,12.0,20.1,3.3,8.5,0.389,2.0,5.8,0.344,1.3,2.7,0.487,0.506,0.7,0.9,0.792,0.5,1.9,2.4,1.9,0.6,0.2,1.5,1.3,9.3,,mykhasv01
210.0,Bub Carrington,19.0,WAS,PG,67.0,43.0,29.2,3.4,8.5,0.399,1.6,4.7,0.336,1.8,3.8,0.476,0.492,0.8,1.0,0.831,0.4,3.6,4.0,4.1,0.7,0.2,1.6,2.3,9.2,,carrica01
211.0,Zach Edey,22.0,MEM,C,54.0,46.0,20.9,3.9,6.7,0.575,0.3,0.8,0.356,3.6,5.9,0.606,0.597,1.2,1.8,0.705,3.6,4.2,7.8,0.9,0.5,1.3,1.3,2.6,9.2,,edeyza01
212.0,Nick Smith Jr.,20.0,CHO,SG,49.0,24.0,22.1,3.6,9.1,0.391,1.5,4.9,0.315,2.0,4.2,0.478,0.475,0.6,0.6,0.9,0.2,1.8,2.0,2.1,0.3,0.1,1.3,1.3,9.2,,smithni01
213.0,Dante Exum,29.0,DAL,PG,18.0,12.0,19.1,3.3,6.9,0.48,1.2,2.6,0.447,2.2,4.3,0.5,0.564,1.3,1.7,0.742,0.2,1.4,1.7,2.8,0.7,0.2,1.1,1.7,9.1,,exumda01
214.0,Draymond Green,34.0,GSW,PF,55.0,53.0,29.1,3.2,7.4,0.432,1.1,3.4,0.326,2.1,4.0,0.523,0.507,1.6,2.4,0.677,1.1,5.1,6.1,5.7,1.4,1.1,2.5,3.1,9.1,,greendr01
215.0,Dereck Lively II,20.0,DAL,C,32.0,25.0,24.0,3.9,5.5,0.701,0.0,0.0,,3.9,5.5,0.701,0.701,1.4,2.2,0.638,3.1,4.8,7.8,2.6,0.5,1.7,1.2,2.9,9.1,,livelde01
216.0,Scotty Pippen Jr.,24.0,MEM,PG,67.0,17.0,20.4,3.4,7.1,0.47,1.0,2.7,0.369,2.4,4.5,0.53,0.539,1.4,2.0,0.708,0.8,2.4,3.2,4.3,1.3,0.4,1.7,2.4,9.1,,pippesc02
217.0,Jalen Wilson,24.0,BRK,PF,68.0,16.0,25.7,3.0,7.6,0.396,1.4,4.4,0.321,1.6,3.3,0.495,0.487,1.6,2.0,0.83,1.0,2.2,3.2,1.8,0.5,0.0,1.1,2.1,9.1,,wilsoja03
218.0,Anthony Black,21.0,ORL,PG,65.0,9.0,23.7,3.1,7.5,0.415,0.7,2.3,0.316,2.4,5.2,0.46,0.464,2.0,2.7,0.746,0.6,2.1,2.7,3.0,1.0,0.5,1.7,2.1,9.0,,blackan01
219.0,Killian Hayes,23.0,BRK,PG,6.0,5.0,27.0,3.0,7.2,0.419,1.3,3.5,0.381,1.7,3.7,0.455,0.512,1.7,2.0,0.833,0.8,2.2,3.0,5.2,0.7,0.7,1.5,2.2,9.0,,hayeski01
220.0,Trendon Watford,24.0,BRK,PF,31.0,0.0,18.6,3.3,7.3,0.449,0.6,2.0,0.295,2.7,5.3,0.506,0.489,1.9,2.5,0.789,0.7,2.5,3.2,2.4,0.7,0.3,1.7,2.2,9.0,,watfotr01
221.0,Cam Whitmore,20.0,HOU,SF,44.0,1.0,16.2,3.3,8.0,0.42,1.2,3.7,0.329,2.1,4.3,0.497,0.496,1.1,1.5,0.738,0.7,2.3,3.0,0.9,0.6,0.3,0.8,0.9,9.0,,whitmca01
222.0,Clint Capela,30.0,ATL,C,55.0,41.0,21.4,4.0,7.1,0.559,0.0,0.0,0.0,4.0,7.1,0.56,0.559,0.9,1.8,0.536,3.2,5.4,8.5,1.1,0.6,1.0,0.9,1.9,8.9,,capelca01
223.0,Wendell Carter Jr.,25.0,ORL,C,56.0,39.0,25.9,3.2,7.1,0.455,0.5,2.2,0.216,2.8,4.9,0.564,0.489,2.0,2.7,0.737,2.2,5.3,7.4,2.1,0.7,0.5,1.1,2.9,8.9,,cartewe01
224.0,Patrick Williams,23.0,CHI,PF,49.0,35.0,25.7,3.2,8.4,0.378,1.5,4.4,0.346,1.7,4.1,0.412,0.467,1.1,1.4,0.732,0.8,3.2,4.0,2.0,0.8,0.6,1.3,1.4,8.9,,willipa01
226.0,Yves Missi,20.0,NOP,C,64.0,58.0,26.9,3.6,6.6,0.544,0.0,0.0,0.0,3.6,6.6,0.545,0.544,1.7,2.6,0.637,3.5,4.5,8.0,1.3,0.5,1.4,1.2,2.0,8.8,,missiyv01
227.0,Kentavious Caldwell-Pope,31.0,ORL,SG,65.0,65.0,30.2,3.1,7.3,0.428,1.4,4.3,0.319,1.8,3.0,0.585,0.522,1.1,1.3,0.869,0.4,1.7,2.1,1.8,1.3,0.5,0.8,2.0,8.7,,caldwke01
228.0,Kyshawn George,21.0,WAS,SG,61.0,31.0,27.2,3.0,8.0,0.369,1.7,5.3,0.324,1.2,2.7,0.455,0.476,1.0,1.3,0.768,0.7,3.5,4.2,2.4,1.0,0.8,1.5,3.0,8.7,,georgky01
229.0,Jaime Jaquez Jr.,23.0,MIA,SF,56.0,14.0,21.8,3.2,7.1,0.445,0.6,1.9,0.298,2.6,5.3,0.497,0.484,1.8,2.4,0.759,1.2,3.3,4.6,2.6,1.0,0.2,1.5,1.4,8.7,,jaqueja01
230.0,Chris Paul,39.0,SAS,PG,67.0,67.0,28.1,2.9,7.0,0.418,1.7,4.6,0.376,1.2,2.4,0.497,0.541,1.2,1.2,0.94,0.4,3.2,3.6,7.8,1.3,0.2,1.5,1.7,8.7,,paulch01
231.0,Justin Edwards,21.0,PHI,SF,34.0,16.0,24.6,3.3,7.4,0.45,1.4,4.1,0.348,1.9,3.3,0.575,0.546,0.6,0.8,0.704,1.0,2.1,3.1,1.4,0.9,0.3,0.9,2.3,8.6,,edwarju01
232.0,Tyrese Martin,25.0,BRK,SG,51.0,7.0,21.3,3.1,7.6,0.41,1.6,4.6,0.353,1.5,3.0,0.497,0.517,0.7,0.9,0.771,1.0,2.6,3.6,1.8,0.5,0.2,1.1,1.2,8.6,,martity01
233.0,Kel'el Ware,20.0,MIA,C,50.0,22.0,20.6,3.7,6.7,0.546,0.6,1.8,0.319,3.1,4.9,0.631,0.59,0.7,1.1,0.698,1.6,4.9,6.5,0.9,0.6,1.0,0.9,1.6,8.6,,wareke01
234.0,Brandon Clarke,28.0,MEM,PF,63.0,18.0,19.1,3.7,6.0,0.623,0.0,0.3,0.059,3.7,5.7,0.649,0.624,1.0,1.4,0.701,2.0,3.1,5.2,1.0,0.8,0.6,0.7,2.3,8.5,,clarkbr01
235.0,Kyle Filipowski,21.0,UTA,C,59.0,15.0,19.6,3.2,6.2,0.514,1.0,2.5,0.383,2.2,3.6,0.605,0.592,1.2,1.9,0.64,1.4,4.1,5.4,2.0,0.6,0.2,1.3,2.2,8.5,,filipky01
236.0,Larry Nance Jr.,32.0,ATL,PF,24.0,3.0,19.3,3.3,6.5,0.516,1.4,3.2,0.447,1.9,3.3,0.582,0.626,0.4,0.5,0.692,1.0,3.3,4.3,1.6,0.8,0.5,0.7,1.5,8.5,,nancela02
239.0,Al Horford,38.0,BOS,C,53.0,37.0,27.5,3.0,7.3,0.416,1.8,5.0,0.36,1.2,2.3,0.542,0.54,0.5,0.6,0.875,1.2,4.7,5.9,2.1,0.6,0.9,0.8,1.4,8.4,,horfoal01
240.0,Jaylen Nowell,25.0,NOP,SG,8.0,0.0,21.0,3.3,9.1,0.356,1.0,3.4,0.296,2.3,5.8,0.391,0.411,0.9,1.4,0.636,0.8,1.8,2.5,2.3,0.1,0.5,1.0,1.1,8.4,,nowelja01
241.0,Damion Baugh,24.0,CHO,SG,11.0,2.0,26.1,3.2,9.1,0.35,0.9,4.0,0.227,2.3,5.1,0.446,0.4,1.0,1.2,0.846,0.7,2.4,3.1,3.9,1.3,0.1,1.9,1.6,8.3,,baughda01
242.0,Mike Conley,37.0,MIN,PG,59.0,53.0,24.9,2.6,6.6,0.395,1.8,4.5,0.413,0.8,2.2,0.359,0.534,1.2,1.3,0.911,0.5,2.1,2.6,4.5,1.2,0.2,1.1,1.6,8.3,,conlemi01
243.0,Quinten Post,24.0,GSW,PF,31.0,13.0,16.4,3.1,6.6,0.461,1.7,4.1,0.414,1.4,2.5,0.538,0.59,0.5,0.6,0.789,1.0,2.9,3.9,1.5,0.5,0.5,0.8,2.1,8.3,,postqu01
246.0,Keon Ellis,25.0,SAC,SG,65.0,14.0,23.0,2.8,5.8,0.484,1.7,4.0,0.43,1.1,1.8,0.6,0.631,0.9,1.1,0.855,0.7,1.7,2.5,1.4,1.4,0.8,0.8,2.0,8.2,,elliske01
247.0,Jalen Smith,24.0,CHI,C,57.0,1.0,15.2,2.9,6.4,0.463,1.2,3.6,0.332,1.8,2.8,0.633,0.556,1.1,1.4,0.823,1.4,4.2,5.6,1.0,0.3,0.7,0.6,1.6,8.2,,smithja04
248.0,Lonnie Walker IV,26.0,PHI,SG,10.0,1.0,19.2,2.8,8.0,0.35,1.6,4.9,0.327,1.2,3.1,0.387,0.45,1.0,1.2,0.833,0.4,2.9,3.3,1.9,0.4,0.3,1.1,0.7,8.2,,walkelo01
249.0,Cason Wallace,21.0,OKC,SG,59.0,39.0,27.5,3.3,7.1,0.467,1.1,3.1,0.348,2.2,4.0,0.559,0.543,0.4,0.5,0.833,1.0,2.4,3.5,2.5,1.7,0.5,0.8,2.3,8.2,,wallaca01
250.0,Johnny Juzang,23.0,UTA,SG,51.0,12.0,18.5,2.8,6.7,0.421,1.7,4.6,0.365,1.2,2.1,0.541,0.545,0.7,0.9,0.826,0.6,2.2,2.8,0.9,0.5,0.1,0.5,2.0,8.1,,juzanjo01
251.0,Taurean Prince,30.0,MIL,SF,67.0,60.0,26.8,2.9,6.4,0.452,1.9,4.2,0.446,1.0,2.2,0.463,0.598,0.4,0.5,0.833,0.5,3.3,3.8,2.0,0.9,0.1,1.1,2.1,8.1,,princta02
252.0,Day'Ron Sharpe,23.0,BRK,C,47.0,2.0,18.0,3.3,6.3,0.523,0.2,0.9,0.275,3.1,5.5,0.562,0.542,1.2,1.6,0.757,3.0,3.6,6.6,1.8,0.8,0.9,1.3,2.3,8.1,,sharpda01
254.0,Jaden Hardy,22.0,DAL,SG,46.0,3.0,15.2,2.9,6.8,0.428,1.3,3.3,0.384,1.7,3.5,0.469,0.521,0.9,1.3,0.672,0.2,1.4,1.5,1.4,0.5,0.1,1.4,1.5,8.0,,hardyja02
255.0,Justin Champagnie,23.0,WAS,SF,48.0,18.0,19.3,2.9,6.0,0.491,1.1,2.9,0.377,1.9,3.1,0.597,0.582,0.8,1.1,0.736,1.6,3.4,5.0,1.0,1.0,0.6,0.8,1.8,7.8,,champju01
256.0,Isaiah Collier,20.0,UTA,PG,61.0,36.0,25.1,3.0,7.3,0.412,0.5,2.2,0.235,2.5,5.2,0.486,0.446,1.3,1.9,0.67,0.4,2.8,3.3,6.2,0.8,0.2,3.0,2.1,7.8,,colliis01
257.0,GG Jackson II,20.0,MEM,PF,25.0,2.0,16.2,2.8,7.0,0.392,1.2,3.6,0.337,1.6,3.5,0.448,0.477,1.1,1.5,0.737,1.0,2.3,3.2,1.0,0.4,0.2,1.1,1.1,7.8,,jacksgg01
258.0,Ja'Kobe Walter,20.0,TOR,SG,44.0,11.0,20.0,2.8,7.0,0.405,1.0,3.2,0.312,1.8,3.8,0.482,0.476,1.1,1.5,0.746,1.0,1.9,2.9,1.3,0.7,0.2,0.9,1.8,7.8,,walteja01
259.0,Peyton Watson,22.0,DEN,SF,56.0,13.0,23.6,2.8,6.0,0.47,0.7,2.0,0.364,2.1,4.0,0.522,0.53,1.4,2.0,0.708,0.7,2.6,3.3,1.4,0.8,1.3,0.9,1.8,7.8,,watsope01
261.0,Dalano Banton,25.0,POR,PG,54.0,0.0,15.0,2.7,6.6,0.413,1.0,2.9,0.359,1.7,3.7,0.455,0.492,1.2,1.7,0.71,0.4,1.5,1.9,2.1,0.7,0.4,1.2,0.8,7.7,,bantoda01
262.0,Sam Hauser,27.0,BOS,PF,59.0,15.0,20.9,2.7,6.2,0.44,2.1,5.3,0.4,0.6,0.9,0.679,0.611,0.1,0.1,1.0,0.7,2.5,3.1,0.9,0.6,0.2,0.3,1.2,7.7,,hausesa01
263.0,Richaun Holmes,31.0,WAS,PF,27.0,7.0,18.0,3.0,4.6,0.659,0.0,0.1,0.0,3.0,4.4,0.675,0.659,1.7,2.0,0.833,2.0,3.9,5.9,1.4,0.3,0.8,0.8,1.6,7.7,,holmeri01
265.0,Lonzo Ball,27.0,CHI,PG,35.0,14.0,22.2,2.5,6.9,0.366,1.9,5.6,0.344,0.6,1.4,0.458,0.504,0.6,0.8,0.815,0.7,2.7,3.4,3.3,1.3,0.5,1.2,1.6,7.6,,balllo01
266.0,Garrison Mathews,28.0,ATL,SG,45.0,2.0,17.5,2.2,5.4,0.4,1.8,4.6,0.394,0.4,0.8,0.432,0.567,1.4,1.7,0.818,0.3,1.6,1.8,1.3,0.6,0.3,0.6,1.7,7.6,,mathega01
267.0,Goga Bitadze,25.0,ORL,C,58.0,41.0,21.3,3.1,5.0,0.624,0.1,0.4,0.13,3.1,4.6,0.667,0.629,1.2,1.9,0.637,2.4,4.5,6.9,2.0,0.7,1.5,1.1,2.2,7.5,,bitadgo01
269.0,Matas Buzelis,20.0,CHI,SF,66.0,17.0,17.1,2.8,6.3,0.435,1.0,3.0,0.327,1.8,3.3,0.534,0.513,0.9,1.1,0.845,0.7,2.5,3.2,0.8,0.3,0.9,0.8,1.6,7.4,,buzelma01
270.0,Tristan Da Silva,23.0,ORL,SF,65.0,36.0,22.8,2.8,6.6,0.417,1.1,3.4,0.335,1.6,3.2,0.502,0.502,0.8,0.9,0.864,1.0,2.4,3.4,1.5,0.4,0.2,0.8,1.3,7.4,,dasiltr01
271.0,A.J. Green,25.0,MIL,SG,61.0,6.0,22.4,2.5,5.9,0.425,2.1,5.0,0.417,0.4,0.8,0.471,0.603,0.3,0.4,0.833,0.2,2.0,2.2,1.4,0.6,0.1,0.5,2.2,7.4,,greenaj01
272.0,Andre Drummond,31.0,PHI,C,40.0,23.0,18.8,2.9,5.9,0.5,0.1,0.5,0.15,2.9,5.4,0.533,0.506,1.4,2.3,0.622,2.7,5.0,7.8,0.9,1.0,0.5,1.4,2.4,7.3,,drumman01
273.0,Josh Green,24.0,CHO,SG,62.0,61.0,28.5,2.6,6.2,0.421,1.4,3.7,0.383,1.2,2.5,0.475,0.534,0.7,1.0,0.672,0.9,1.8,2.7,1.6,1.1,0.2,1.0,2.5,7.3,,greenjo02
275.0,Bol Bol,25.0,PHO,PF,32.0,10.0,13.3,2.8,5.5,0.514,0.9,2.8,0.33,1.9,2.7,0.701,0.597,0.6,0.8,0.769,0.6,2.6,3.2,0.6,0.3,0.8,0.6,0.6,7.2,,bolbo01
276.0,Sam Merrill,28.0,CLE,SG,59.0,2.0,19.3,2.4,5.9,0.405,1.9,5.1,0.371,0.5,0.8,0.63,0.566,0.5,0.5,0.966,0.5,1.5,2.0,1.4,0.6,0.2,0.5,1.8,7.2,,merrisa01
277.0,Brandon Williams,25.0,DAL,PG,26.0,2.0,13.5,2.6,5.0,0.515,0.7,1.9,0.38,1.8,3.1,0.6,0.588,1.3,1.6,0.854,0.2,1.3,1.5,2.0,0.6,0.1,0.9,0.8,7.2,,willibr03
278.0,Jared Rhoden,25.0,2TM,SG,10.0,2.0,15.9,2.4,6.0,0.4,0.8,2.8,0.286,1.6,3.2,0.5,0.467,1.5,1.8,0.833,1.1,1.9,3.0,0.8,0.7,0.2,0.7,1.3,7.1,,rhodeja01
278.0,Jared Rhoden,25.0,CHO,SG,4.0,0.0,3.0,0.5,2.0,0.25,0.0,0.5,0.0,0.5,1.5,0.333,0.25,0.0,0.0,,0.5,0.5,1.0,0.5,0.3,0.0,0.3,0.3,1.0,,rhodeja01
278.0,Jared Rhoden,25.0,TOR,SG,6.0,2.0,24.5,3.7,8.7,0.423,1.3,4.3,0.308,2.3,4.3,0.538,0.5,2.5,3.0,0.833,1.5,2.8,4.3,1.0,1.0,0.3,1.0,2.0,11.2,,rhodeja01
280.0,Jordan Goodwin,26.0,LAL,PG,14.0,3.0,21.1,2.9,5.6,0.513,1.2,2.7,0.447,1.6,2.9,0.575,0.622,0.1,0.2,0.667,1.6,2.6,4.1,1.2,1.1,0.5,0.7,1.9,7.1,,goodwjo01
281.0,KJ Simpson,22.0,CHO,PG,23.0,4.0,20.4,2.6,7.7,0.335,0.7,3.2,0.216,1.9,4.4,0.422,0.381,1.3,1.6,0.811,1.2,1.7,2.9,2.6,0.8,0.2,1.4,1.5,7.1,,simpskj01
284.0,Marcus Garrett,26.0,CHO,SG,4.0,0.0,19.8,2.8,6.8,0.407,0.8,2.0,0.375,2.0,4.8,0.421,0.463,0.8,1.0,0.75,0.3,1.3,1.5,3.3,0.8,0.5,1.5,2.5,7.0,,garrema01
285.0,Isaiah Jackson,23.0,IND,C,5.0,1.0,16.8,2.8,4.6,0.609,0.0,0.0,,2.8,4.6,0.609,0.609,1.4,2.8,0.5,2.2,3.4,5.6,1.0,0.6,1.6,1.0,2.8,7.0,,jacksis01
286.0,Vit Krejci,24.0,ATL,PG,44.0,15.0,20.8,2.5,5.4,0.452,1.5,3.8,0.395,1.0,1.6,0.583,0.59,0.5,0.8,0.686,0.4,2.3,2.6,2.6,0.7,0.5,0.9,1.9,7.0,,krejcvi01
289.0,Jay Huff,26.0,MEM,C,54.0,2.0,11.8,2.4,4.7,0.512,1.3,3.2,0.413,1.1,1.6,0.714,0.65,0.7,0.9,0.771,0.4,1.6,2.1,0.6,0.2,0.9,0.5,1.2,6.9,,huffja01
290.0,Trayce Jackson-Davis,24.0,GSW,C,54.0,37.0,17.1,3.0,5.2,0.571,0.0,0.0,0.0,3.0,5.2,0.573,0.571,1.0,1.7,0.589,2.1,3.4,5.4,1.8,0.4,0.7,0.8,1.3,6.9,,jackstr02
293.0,Eric Gordon,36.0,PHI,SG,39.0,13.0,19.7,2.2,5.2,0.426,1.4,3.5,0.409,0.8,1.7,0.463,0.564,0.9,1.2,0.75,0.2,1.0,1.2,1.7,0.7,0.3,0.7,0.8,6.8,,gordoer01
294.0,Jaxson Hayes,24.0,LAL,C,42.0,21.0,19.6,2.8,3.9,0.716,0.0,0.0,0.0,2.8,3.8,0.725,0.716,1.3,1.8,0.707,1.4,3.3,4.7,1.1,0.6,1.0,0.8,2.3,6.8,,hayesja02
295.0,Cameron Payne,30.0,NYK,PG,61.0,1.0,14.3,2.4,6.0,0.408,1.3,3.5,0.363,1.2,2.5,0.47,0.514,0.7,0.8,0.891,0.2,1.2,1.4,2.7,0.5,0.2,0.7,1.5,6.8,,payneca01
296.0,Vince Williams Jr.,24.0,MEM,SG,17.0,2.0,18.4,2.5,6.4,0.394,0.9,3.5,0.254,1.6,2.9,0.56,0.463,0.9,1.2,0.75,0.9,2.7,3.6,1.9,0.6,0.2,1.4,1.9,6.8,,willivi01
297.0,Ricky Council IV,23.0,PHI,SF,59.0,7.0,15.5,2.3,5.6,0.402,0.8,2.6,0.292,1.5,3.0,0.497,0.47,1.4,1.7,0.837,0.6,1.7,2.4,1.2,0.5,0.2,0.6,0.9,6.7,,councri01
298.0,Tristan Vukcevic,21.0,WAS,C,22.0,0.0,10.7,2.4,5.0,0.473,0.8,2.5,0.327,1.5,2.5,0.618,0.555,1.0,1.3,0.793,0.7,2.4,3.1,0.9,0.3,0.5,0.9,1.4,6.6,,vukcetr01
299.0,Precious Achiuwa,25.0,NYK,C,44.0,8.0,21.1,2.8,5.3,0.519,0.2,0.7,0.3,2.6,4.7,0.551,0.538,0.7,1.2,0.627,2.0,3.8,5.7,1.0,0.8,0.7,0.7,1.5,6.5,,achiupr01
300.0,Alex Caruso,30.0,OKC,SG,44.0,1.0,19.2,2.5,5.6,0.437,1.1,3.1,0.348,1.4,2.5,0.55,0.534,0.5,0.7,0.8,0.7,2.0,2.6,2.5,1.7,0.5,0.7,1.8,6.5,,carusal01
302.0,Gary Payton II,32.0,GSW,SG,56.0,10.0,14.8,2.8,4.8,0.578,0.5,1.6,0.322,2.3,3.2,0.702,0.631,0.5,0.7,0.711,0.8,2.1,2.9,1.3,0.8,0.3,0.6,1.7,6.5,,paytoga02
303.0,Alec Burks,33.0,MIA,SG,36.0,4.0,17.7,2.0,4.9,0.407,1.5,3.6,0.419,0.5,1.3,0.375,0.559,0.9,1.1,0.756,0.4,2.3,2.7,1.1,0.6,0.2,0.4,0.7,6.4,,burksal01
304.0,Karlo Matković,23.0,NOP,PF,31.0,5.0,18.0,2.6,4.6,0.556,0.4,1.3,0.333,2.2,3.4,0.638,0.601,0.8,1.0,0.8,1.6,3.2,4.8,0.9,0.5,1.0,1.0,2.3,6.4,,matkoka01
305.0,Ajay Mitchell,22.0,OKC,SG,34.0,1.0,16.5,2.5,4.9,0.506,0.6,1.5,0.431,1.8,3.4,0.539,0.572,0.8,1.0,0.848,0.5,1.5,2.0,1.7,0.7,0.1,0.8,1.7,6.4,,mitchaj01
307.0,Simone Fontecchio,29.0,DET,SF,62.0,0.0,17.0,2.1,5.2,0.408,1.1,3.1,0.34,1.0,2.0,0.512,0.511,1.0,1.2,0.818,0.7,2.4,3.1,0.9,0.4,0.2,0.8,1.3,6.3,,fontesi01
308.0,Haywood Highsmith,28.0,MIA,SF,60.0,40.0,24.1,2.4,5.1,0.466,1.2,3.0,0.388,1.2,2.1,0.575,0.579,0.5,0.6,0.75,0.8,2.3,3.1,1.4,0.9,0.6,0.7,2.2,6.3,,highsha01
309.0,Jamal Shead,22.0,TOR,PG,63.0,4.0,18.2,2.4,5.9,0.415,0.9,2.6,0.335,1.6,3.3,0.478,0.489,0.5,0.7,0.75,0.3,1.0,1.3,3.8,0.6,0.1,1.5,2.0,6.3,,sheadja01
310.0,Ryan Dunn,22.0,PHO,SF,61.0,31.0,17.4,2.5,5.9,0.427,1.0,3.1,0.302,1.6,2.7,0.572,0.508,0.2,0.5,0.484,0.9,2.2,3.1,0.8,0.5,0.6,0.4,2.1,6.2,,dunnry01
311.0,Ron Holland,19.0,DET,SF,69.0,1.0,15.4,2.3,5.1,0.457,0.4,1.9,0.218,1.9,3.1,0.604,0.499,1.1,1.4,0.786,0.5,2.1,2.6,0.9,0.6,0.1,0.8,1.8,6.2,,hollaro01
312.0,Dru Smith,27.0,MIA,SG,14.0,1.0,19.1,2.2,4.4,0.508,1.1,2.1,0.533,1.1,2.2,0.484,0.639,0.6,0.9,0.75,0.9,1.7,2.6,1.6,1.5,0.4,1.2,2.1,6.2,,smithdr01
313.0,Jamison Battle,23.0,TOR,SF,46.0,4.0,14.7,2.2,5.0,0.437,1.5,3.7,0.407,0.7,1.2,0.526,0.59,0.3,0.3,0.857,0.6,1.6,2.2,0.8,0.1,0.2,0.3,1.3,6.1,,battlja01
314.0,Donovan Clingan,20.0,POR,C,55.0,25.0,18.2,2.5,4.6,0.545,0.1,0.6,0.258,2.4,4.1,0.585,0.561,0.9,1.4,0.595,3.0,4.4,7.4,1.0,0.5,1.6,1.2,2.7,6.1,,clingdo01
315.0,Seth Curry,34.0,CHO,SG,57.0,10.0,14.7,2.2,4.8,0.464,1.2,2.6,0.453,1.0,2.2,0.476,0.588,0.4,0.5,0.821,0.4,1.2,1.6,0.7,0.4,0.1,0.4,0.9,6.1,,curryse01
316.0,Trey Lyles,29.0,SAC,PF,55.0,2.0,18.2,2.1,5.2,0.409,1.1,3.3,0.342,1.0,1.9,0.529,0.519,0.7,1.0,0.679,1.1,3.4,4.5,1.1,0.6,0.4,0.6,1.2,6.1,,lylestr01
317.0,Gabe Vincent,28.0,LAL,PG,58.0,10.0,21.2,2.3,5.7,0.399,1.4,4.0,0.345,0.9,1.7,0.531,0.521,0.2,0.3,0.688,0.2,0.9,1.2,1.4,0.7,0.2,0.6,2.1,6.1,,vincega01
318.0,Orlando Robinson,24.0,2TM,C,34.0,4.0,15.9,2.2,5.2,0.432,0.2,0.9,0.258,2.0,4.3,0.469,0.455,1.3,1.6,0.796,1.8,2.6,4.4,1.6,0.4,0.4,1.0,1.9,6.0,,robinor01
318.0,Orlando Robinson,24.0,SAC,C,9.0,0.0,6.3,0.8,1.9,0.412,0.1,0.6,0.2,0.7,1.3,0.5,0.441,0.4,0.8,0.571,0.3,1.2,1.6,1.0,0.3,0.1,0.4,0.7,2.1,,robinor01
318.0,Orlando Robinson,24.0,TOR,C,25.0,4.0,19.3,2.8,6.4,0.434,0.3,1.0,0.269,2.5,5.3,0.466,0.456,1.6,1.9,0.83,2.3,3.2,5.5,1.9,0.4,0.5,1.2,2.3,7.4,,robinor01
319.0,Kris Dunn,30.0,LAC,PG,61.0,45.0,23.9,2.5,5.8,0.425,0.9,2.9,0.299,1.6,2.9,0.551,0.5,0.2,0.3,0.611,0.8,2.7,3.5,3.0,1.8,0.4,1.0,2.6,6.0,,dunnkr01
320.0,Mouhamed Gueye,22.0,ATL,PF,21.0,17.0,16.3,2.3,5.5,0.417,0.7,2.9,0.25,1.6,2.6,0.6,0.483,0.8,1.0,0.762,0.9,2.4,3.3,0.8,1.0,1.1,0.4,1.6,6.0,,gueyemo02
321.0,DaQuan Jeffries,27.0,CHO,SG,33.0,9.0,21.3,2.3,5.6,0.403,1.0,3.2,0.308,1.3,2.4,0.532,0.492,0.4,0.5,0.824,0.9,1.9,2.8,1.1,0.5,0.6,0.7,2.2,6.0,,jeffrda01
323.0,Isaiah Wong,24.0,CHO,SG,20.0,0.0,13.3,2.1,5.3,0.39,0.7,1.7,0.394,1.4,3.6,0.389,0.452,1.3,1.7,0.735,0.7,0.9,1.6,1.4,0.6,0.0,0.9,1.1,6.0,,wongis01
324.0,Ben Simmons,28.0,2TM,PG,41.0,24.0,23.8,2.6,4.9,0.535,0.0,0.0,,2.6,4.9,0.535,0.535,0.6,0.8,0.727,1.0,4.0,5.0,6.4,0.9,0.5,2.2,2.3,5.9,,simmobe01
324.0,Ben Simmons,28.0,BRK,PG,33.0,24.0,25.0,2.8,5.2,0.547,0.0,0.0,,2.8,5.2,0.547,0.547,0.5,0.8,0.692,0.9,4.3,5.2,6.9,0.8,0.5,2.7,2.5,6.2,,simmobe01
324.0,Ben Simmons,28.0,LAC,PG,8.0,0.0,18.9,1.9,4.0,0.469,0.0,0.0,,1.9,4.0,0.469,0.469,0.8,0.9,0.857,1.1,2.9,4.0,4.3,1.3,0.5,0.4,1.6,4.5,,simmobe01
325.0,Jeff Dowtin,27.0,PHI,PG,36.0,1.0,13.5,2.4,4.9,0.486,0.6,1.5,0.415,1.8,3.4,0.516,0.549,0.6,0.8,0.7,0.3,1.2,1.5,1.8,0.4,0.2,0.3,0.6,5.9,,dowtije01
326.0,Isaiah Stewart,23.0,DET,C,63.0,3.0,19.7,2.4,4.3,0.552,0.2,0.7,0.295,2.2,3.6,0.602,0.576,0.9,1.2,0.756,1.9,3.7,5.6,1.7,0.4,1.4,0.9,2.5,5.9,,stewais01
327.0,Moses Brown,25.0,2TM,C,13.0,2.0,9.2,2.6,3.8,0.694,0.0,0.0,,2.6,3.8,0.694,0.694,0.6,0.8,0.727,0.9,2.5,3.4,0.2,0.5,0.3,0.8,1.3,5.8,,brownmo01
327.0,Moses Brown,25.0,IND,C,9.0,0.0,5.1,1.4,2.2,0.65,0.0,0.0,,1.4,2.2,0.65,0.65,0.3,0.6,0.6,0.4,1.0,1.4,0.0,0.2,0.1,0.7,0.7,3.2,,brownmo01
327.0,Moses Brown,25.0,DAL,C,4.0,2.0,18.3,5.3,7.3,0.724,0.0,0.0,,5.3,7.3,0.724,0.724,1.3,1.5,0.833,2.0,5.8,7.8,0.5,1.0,0.8,1.3,2.8,11.8,,brownmo01
329.0,Robert Williams,27.0,POR,C,20.0,3.0,17.6,2.5,3.9,0.641,0.1,0.2,0.333,2.5,3.8,0.653,0.647,0.8,0.9,0.882,1.8,4.2,5.9,1.1,0.7,1.7,0.9,1.6,5.8,,williro04
330.0,Javonte Green,31.0,2TM,SG,56.0,18.0,20.4,2.0,4.4,0.451,0.8,2.2,0.361,1.2,2.2,0.54,0.541,0.9,1.3,0.746,0.9,2.5,3.4,0.9,1.0,0.5,0.5,1.4,5.7,,greenja02
330.0,Javonte Green,31.0,NOP,SG,50.0,18.0,21.8,2.0,4.5,0.446,0.8,2.2,0.352,1.2,2.3,0.534,0.531,1.0,1.3,0.758,1.0,2.6,3.6,0.9,1.1,0.6,0.6,1.5,5.8,,greenja02
330.0,Javonte Green,31.0,CLE,SG,6.0,0.0,8.3,1.8,3.7,0.5,1.0,2.3,0.429,0.8,1.3,0.625,0.636,0.5,0.8,0.6,0.5,1.8,2.3,0.7,0.2,0.0,0.2,0.7,5.2,,greenja02
331.0,Jeremiah Robinson-Earl,24.0,NOP,PF,53.0,6.0,17.4,2.2,4.7,0.458,0.7,2.2,0.336,1.4,2.5,0.564,0.536,0.7,0.8,0.841,1.5,2.9,4.4,1.2,0.6,0.1,0.6,1.2,5.7,,robinje02
332.0,Marcus Sasser,24.0,DET,PG,49.0,0.0,13.2,2.1,4.6,0.462,0.9,2.4,0.367,1.2,2.1,0.571,0.56,0.5,0.6,0.839,0.3,0.8,1.1,2.2,0.6,0.1,0.8,1.2,5.7,,sassema01
333.0,Ben Sheppard,23.0,IND,SG,53.0,9.0,20.1,2.1,4.8,0.433,1.2,3.3,0.358,0.9,1.5,0.593,0.555,0.4,0.4,0.913,0.7,2.1,2.8,1.3,0.6,0.2,0.3,2.2,5.7,,sheppbe01
334.0,Jonathan Isaac,27.0,ORL,PF,60.0,0.0,15.8,2.0,4.8,0.415,0.6,2.4,0.27,1.4,2.4,0.555,0.481,1.0,1.5,0.67,1.7,2.9,4.6,0.5,0.9,1.1,0.4,1.4,5.6,,isaacjo01
335.0,Oscar Tshiebwe,25.0,UTA,C,7.0,0.0,14.3,2.1,3.3,0.652,0.0,0.0,,2.1,3.3,0.652,0.652,1.3,1.7,0.75,2.3,5.1,7.4,0.4,0.9,0.0,0.3,2.0,5.6,,tshieos01
336.0,Jarace Walker,21.0,IND,PF,60.0,3.0,15.7,2.1,4.5,0.454,0.8,2.3,0.365,1.2,2.2,0.545,0.546,0.7,1.0,0.639,0.4,2.6,2.9,1.4,0.8,0.4,1.1,1.6,5.6,,walkeja02
337.0,Kenrich Williams,30.0,OKC,PF,55.0,4.0,15.1,2.2,4.6,0.48,0.9,2.3,0.367,1.3,2.3,0.597,0.573,0.4,0.5,0.808,0.9,2.4,3.3,1.2,0.6,0.1,0.5,1.6,5.6,,willike04
338.0,Talen Horton-Tucker,24.0,CHI,SG,49.0,0.0,11.2,2.0,4.5,0.441,0.7,2.0,0.365,1.3,2.6,0.5,0.52,0.8,1.2,0.684,0.3,1.4,1.7,1.3,0.3,0.2,0.7,1.0,5.5,,hortota01
339.0,Quenton Jackson,26.0,IND,PG,22.0,7.0,13.7,2.1,4.3,0.489,0.5,1.3,0.379,1.6,3.0,0.538,0.548,0.9,1.1,0.76,0.5,1.0,1.5,1.8,0.6,0.2,0.6,1.7,5.5,,jacksqu01
340.0,Kevin Love,36.0,MIA,PF,22.0,9.0,11.2,1.9,5.2,0.357,1.1,3.0,0.358,0.8,2.2,0.354,0.461,0.7,1.0,0.696,1.0,3.3,4.3,1.0,0.7,0.2,0.6,0.9,5.5,,loveke01
341.0,Isaac Okoro,24.0,CLE,SG,42.0,20.0,18.9,2.0,4.6,0.44,1.0,2.7,0.372,1.0,1.9,0.538,0.549,0.5,0.7,0.677,0.9,1.4,2.2,1.4,0.6,0.4,0.5,2.0,5.5,,okorois01
342.0,Aaron Holiday,28.0,HOU,PG,52.0,3.0,12.8,1.8,4.2,0.432,1.1,2.8,0.389,0.8,1.5,0.513,0.559,0.6,0.8,0.825,0.2,1.1,1.3,1.3,0.3,0.1,0.6,1.1,5.4,,holidaa01
343.0,Keaton Wallace,25.0,ATL,PG,28.0,4.0,16.2,2.0,4.9,0.413,0.9,2.6,0.356,1.1,2.3,0.477,0.507,0.4,0.4,1.0,0.3,1.1,1.4,2.2,0.8,0.3,1.0,1.3,5.4,,wallake01
344.0,Kobe Bufkin,21.0,ATL,SG,10.0,0.0,12.4,1.8,4.7,0.383,0.4,1.9,0.211,1.4,2.8,0.5,0.426,1.3,1.8,0.722,0.5,1.6,2.1,1.7,0.3,0.2,0.8,0.9,5.3,,bufkiko01
345.0,Jonathan Mogbo,23.0,TOR,PF,50.0,12.0,18.1,2.0,4.6,0.442,0.3,0.9,0.298,1.8,3.7,0.478,0.472,0.9,1.3,0.703,1.6,2.6,4.2,1.6,0.8,0.5,0.9,2.0,5.3,,mogbojo01
346.0,Tidjane Salaün,19.0,CHO,PF,48.0,8.0,19.1,1.7,5.3,0.319,0.9,3.2,0.289,0.8,2.1,0.363,0.406,1.0,1.3,0.719,1.2,3.0,4.2,1.1,0.5,0.3,0.9,1.2,5.3,,salauti01
347.0,Dean Wade,28.0,CLE,PF,48.0,26.0,21.5,1.9,4.6,0.407,1.3,3.8,0.343,0.6,0.8,0.7,0.548,0.3,0.5,0.52,1.0,3.6,4.6,1.4,0.8,0.4,0.4,1.9,5.3,,wadede01
348.0,Torrey Craig,34.0,2TM,SF,18.0,2.0,11.1,1.8,3.8,0.464,1.2,2.9,0.404,0.6,0.9,0.647,0.616,0.4,0.6,0.8,1.0,1.3,2.3,0.4,0.2,0.3,0.1,1.4,5.2,,craigto01
348.0,Torrey Craig,34.0,CHI,SF,9.0,1.0,12.6,2.4,5.0,0.489,1.7,3.9,0.429,0.8,1.1,0.7,0.656,0.3,0.4,0.75,0.9,1.9,2.8,0.6,0.2,0.1,0.0,1.7,6.9,,craigto01
348.0,Torrey Craig,34.0,BOS,SF,9.0,1.0,9.6,1.1,2.7,0.417,0.7,1.9,0.353,0.4,0.8,0.571,0.542,0.6,0.7,0.833,1.1,0.8,1.9,0.3,0.1,0.6,0.2,1.1,3.4,,craigto01
350.0,Bismack Biyombo,32.0,SAS,C,16.0,15.0,17.7,2.4,3.5,0.679,0.0,0.0,,2.4,3.5,0.679,0.679,0.4,1.1,0.412,1.4,3.5,4.9,1.2,0.7,0.8,0.9,1.9,5.2,,biyombi01
351.0,Moussa Diabaté,23.0,CHO,C,59.0,8.0,18.0,2.2,3.7,0.582,0.0,0.1,0.0,2.2,3.7,0.59,0.582,0.9,1.5,0.584,2.8,3.5,6.4,0.9,0.7,0.6,0.9,1.6,5.2,,diabamo01
352.0,Luke Kornet,29.0,BOS,C,61.0,12.0,18.0,2.2,3.2,0.667,0.0,0.0,0.0,2.2,3.2,0.673,0.667,0.9,1.3,0.7,2.4,2.6,5.0,1.6,0.5,1.0,0.4,1.6,5.2,,kornelu01
354.0,Rob Dillingham,20.0,MIN,PG,42.0,1.0,11.8,2.1,4.8,0.443,0.6,1.7,0.347,1.5,3.1,0.496,0.505,0.2,0.4,0.533,0.3,0.9,1.2,2.2,0.4,0.0,1.2,0.9,5.1,,dilliro01
355.0,Neemias Queta,25.0,BOS,C,53.0,6.0,14.4,2.2,3.3,0.644,0.0,0.1,0.0,2.2,3.3,0.655,0.644,0.8,1.0,0.745,1.5,2.5,3.9,0.6,0.3,0.7,0.7,1.8,5.1,,quetane01
356.0,Jaylin Williams,22.0,OKC,PF,38.0,6.0,16.3,1.8,4.6,0.399,1.1,3.2,0.341,0.7,1.3,0.54,0.52,0.4,0.5,0.737,1.1,4.3,5.3,2.3,0.4,0.7,0.7,1.7,5.1,,willija07
357.0,Jeff Green,38.0,HOU,PF,26.0,2.0,12.3,1.8,3.7,0.505,0.8,2.2,0.345,1.1,1.4,0.757,0.611,0.6,0.7,0.833,0.3,1.4,1.8,0.5,0.2,0.2,0.3,1.0,5.0,,greenje02
358.0,Sandro Mamukelashvili,25.0,SAS,PF,46.0,0.0,8.9,1.8,3.6,0.506,0.8,2.1,0.388,1.0,1.4,0.682,0.622,0.6,0.8,0.73,0.7,1.7,2.4,0.6,0.4,0.3,0.3,0.8,5.0,,mamuksa01
359.0,Monte Morris,29.0,PHO,PG,41.0,0.0,12.9,1.8,4.3,0.415,0.6,1.9,0.338,1.1,2.4,0.475,0.489,0.8,1.0,0.85,0.2,1.2,1.4,1.6,0.4,0.1,0.4,0.5,5.0,,morrimo01
360.0,Alondes Williams,25.0,DET,SG,1.0,0.0,4.0,2.0,2.0,1.0,1.0,1.0,1.0,1.0,1.0,1.0,1.25,0.0,0.0,,0.0,0.0,0.0,1.0,0.0,0.0,0.0,0.0,5.0,,willial06
362.0,Terrence Shannon Jr.,24.0,MIN,SG,28.0,1.0,11.5,2.0,4.0,0.491,0.4,1.1,0.367,1.6,2.9,0.537,0.54,0.6,0.8,0.81,0.4,1.3,1.6,1.0,0.3,0.2,0.5,0.9,4.9,,shannte01
363.0,Kevon Looney,28.0,GSW,C,63.0,6.0,15.4,2.0,4.0,0.514,0.0,0.0,0.0,2.0,3.9,0.52,0.514,0.7,1.3,0.553,2.6,3.8,6.4,1.6,0.7,0.5,0.6,2.2,4.8,,looneke01
364.0,Mitchell Robinson,26.0,NYK,C,8.0,1.0,16.1,2.1,3.3,0.654,0.0,0.0,,2.1,3.3,0.654,0.654,0.5,0.6,0.8,2.8,2.1,4.9,0.5,1.1,0.8,0.6,1.6,4.8,,robinmi01
365.0,Ryan Rollins,22.0,MIL,PG,43.0,8.0,11.7,1.9,4.0,0.465,0.6,1.7,0.365,1.2,2.3,0.541,0.544,0.5,0.6,0.84,0.4,1.2,1.6,1.2,0.7,0.3,0.8,1.3,4.8,,rolliry01
366.0,David Roddy,23.0,2TM,PF,30.0,3.0,12.5,1.7,3.7,0.464,0.6,1.8,0.333,1.1,1.9,0.586,0.545,0.6,0.7,0.818,0.4,2.2,2.6,1.1,0.5,0.3,0.7,0.6,4.7,,roddyda01
366.0,David Roddy,23.0,ATL,PF,27.0,3.0,12.8,1.6,3.4,0.473,0.6,1.6,0.372,1.0,1.9,0.56,0.559,0.7,0.8,0.818,0.4,2.2,2.6,1.1,0.4,0.3,0.7,0.7,4.5,,roddyda01
366.0,David Roddy,23.0,PHI,PF,3.0,0.0,9.7,2.7,6.3,0.421,0.7,3.7,0.182,2.0,2.7,0.75,0.474,0.0,0.0,,0.7,2.3,3.0,1.0,0.7,0.0,0.3,0.3,6.0,,roddyda01
367.0,Taylor Hendricks,21.0,UTA,PF,3.0,3.0,25.0,1.3,6.0,0.222,1.0,4.0,0.25,0.3,2.0,0.167,0.306,1.0,1.3,0.75,1.7,3.3,5.0,0.7,1.7,1.3,0.7,2.7,4.7,,hendrta01
368.0,Jabari Walker,22.0,POR,SF,50.0,1.0,11.8,1.8,3.5,0.506,0.5,1.2,0.383,1.3,2.3,0.569,0.571,0.7,1.0,0.654,1.0,2.5,3.5,0.6,0.6,0.1,0.5,1.5,4.7,,walkeja01
369.0,Cody Williams,20.0,UTA,SG,44.0,15.0,20.8,1.7,4.9,0.341,0.7,2.5,0.291,0.9,2.4,0.394,0.416,0.7,0.9,0.725,0.6,1.8,2.4,1.2,0.5,0.3,0.9,1.8,4.7,,willico04
370.0,Charles Bassey,24.0,SAS,C,34.0,1.0,10.7,2.0,3.4,0.586,0.0,0.0,,2.0,3.4,0.586,0.586,0.6,1.0,0.636,1.6,2.8,4.4,0.5,0.4,0.9,0.7,1.4,4.6,,bassech01
371.0,Julian Phillips,21.0,CHI,SF,66.0,3.0,14.0,1.6,3.6,0.443,0.6,1.9,0.333,1.0,1.7,0.568,0.532,0.8,1.1,0.771,0.9,1.2,2.1,0.5,0.5,0.3,0.4,1.4,4.6,,phillju01
372.0,Cam Spencer,24.0,MEM,SG,16.0,0.0,11.7,1.4,3.4,0.426,0.8,2.1,0.382,0.6,1.3,0.5,0.546,0.9,0.9,1.0,0.6,1.0,1.6,1.5,0.4,0.1,0.3,1.1,4.6,,spencca01
373.0,Trentyn Flowers,19.0,LAC,SF,2.0,0.0,8.0,2.0,4.5,0.444,0.0,1.0,0.0,2.0,3.5,0.571,0.444,0.5,0.5,1.0,0.5,1.5,2.0,0.0,0.0,0.0,0.5,1.5,4.5,,flowetr01
374.0,Mason Plumlee,34.0,PHO,C,68.0,20.0,17.7,1.7,2.8,0.614,0.0,0.0,0.0,1.7,2.7,0.624,0.614,1.1,1.7,0.646,1.6,4.6,6.3,1.8,0.4,0.6,0.8,2.1,4.5,,plumlma01
375.0,Matisse Thybulle,27.0,POR,SG,2.0,0.0,14.0,2.0,4.5,0.444,0.5,2.5,0.2,1.5,2.0,0.75,0.5,0.0,0.0,,0.5,2.5,3.0,1.5,3.5,1.0,0.0,0.0,4.5,,thybuma01
378.0,Jordan Miller,25.0,LAC,SF,34.0,0.0,12.1,1.7,3.9,0.435,0.2,1.1,0.216,1.4,2.8,0.521,0.466,0.8,1.0,0.788,0.7,1.0,1.7,1.0,0.5,0.1,0.7,0.7,4.4,,millejo02
379.0,Gui Santos,22.0,GSW,PF,44.0,2.0,13.9,1.6,3.3,0.483,0.7,1.8,0.37,0.9,1.4,0.629,0.587,0.5,0.8,0.706,1.2,2.0,3.2,1.4,0.4,0.2,0.8,1.7,4.4,,santogu01
381.0,Jaylen Clark,23.0,MIN,SG,28.0,4.0,14.3,1.5,3.3,0.446,0.6,1.5,0.405,0.9,1.8,0.48,0.538,0.7,0.9,0.769,0.8,0.5,1.3,0.7,1.1,0.0,0.1,1.6,4.3,,clarkja02
382.0,Micah Potter,26.0,UTA,C,31.0,10.0,17.6,1.5,3.4,0.425,0.9,2.5,0.354,0.5,0.9,0.63,0.557,0.5,0.5,0.875,1.1,3.1,4.2,0.8,0.3,0.4,0.8,1.3,4.3,,pottemi01
383.0,Trevelin Queen,27.0,ORL,SG,28.0,2.0,13.8,1.6,4.6,0.352,0.6,2.4,0.242,1.0,2.2,0.468,0.414,0.5,0.6,0.882,0.8,0.8,1.6,1.2,1.0,0.4,0.8,1.3,4.3,,queentr01
384.0,Antonio Reeves,24.0,NOP,SG,32.0,0.0,10.6,1.6,3.8,0.415,0.8,2.1,0.358,0.8,1.8,0.482,0.512,0.3,0.4,0.846,0.4,0.7,1.1,0.7,0.3,0.1,0.5,0.5,4.3,,reevean01
386.0,Alex Reese,25.0,2TM,PF,9.0,0.0,12.9,1.6,3.1,0.5,0.8,2.2,0.35,0.8,0.9,0.875,0.625,0.3,0.6,0.6,0.7,2.1,2.8,0.2,0.8,0.9,0.4,1.4,4.2,,reeseal01
386.0,Alex Reese,25.0,OKC,PF,1.0,0.0,2.0,1.0,1.0,1.0,0.0,0.0,,1.0,1.0,1.0,1.0,0.0,0.0,,1.0,0.0,1.0,0.0,0.0,0.0,0.0,0.0,2.0,,reeseal01
386.0,Alex Reese,25.0,PHI,PF,8.0,0.0,14.3,1.6,3.4,0.481,0.9,2.5,0.35,0.8,0.9,0.857,0.611,0.4,0.6,0.6,0.6,2.4,3.0,0.3,0.9,1.0,0.5,1.6,4.5,,reeseal01
387.0,Pat Connaughton,32.0,MIL,SG,32.0,0.0,14.5,1.6,3.7,0.427,0.6,1.9,0.323,0.9,1.7,0.545,0.513,0.5,0.6,0.789,0.5,2.0,2.6,1.6,0.2,0.3,0.6,1.1,4.2,,connapa01
388.0,Kessler Edwards,24.0,DAL,SF,38.0,16.0,15.0,1.7,3.4,0.492,0.5,1.3,0.38,1.2,2.1,0.563,0.565,0.3,0.3,0.923,0.6,2.3,2.9,1.1,0.5,0.5,0.4,1.5,4.2,,edwarke02
389.0,Lamar Stevens,27.0,MEM,PF,9.0,0.0,10.8,1.4,3.6,0.406,0.6,1.7,0.333,0.9,1.9,0.471,0.484,0.8,1.0,0.778,0.3,2.9,3.2,0.6,0.4,0.3,0.7,1.1,4.2,,stevela01
390.0,Dalen Terry,22.0,CHI,SG,61.0,3.0,12.5,1.5,3.3,0.47,0.4,1.2,0.338,1.1,2.1,0.548,0.533,0.7,1.0,0.689,0.5,0.9,1.4,1.2,0.5,0.2,0.6,1.4,4.2,,terryda01
391.0,Jarred Vanderbilt,25.0,LAL,PF,23.0,2.0,16.9,1.7,3.3,0.5,0.4,1.2,0.333,1.3,2.1,0.592,0.559,0.5,1.0,0.478,1.7,3.5,5.2,1.3,1.0,0.3,0.7,1.8,4.2,,vandeja01
392.0,Elfrid Payton,30.0,2TM,PG,13.0,5.0,20.5,2.0,5.2,0.388,0.0,0.1,0.0,2.0,5.1,0.394,0.388,0.1,0.2,0.5,0.5,2.4,2.8,5.2,1.2,0.5,2.1,1.7,4.1,,paytoel01
392.0,Elfrid Payton,30.0,NOP,PG,7.0,3.0,20.6,3.3,6.6,0.5,0.0,0.1,0.0,3.3,6.4,0.511,0.5,0.1,0.3,0.5,0.7,2.7,3.4,6.9,1.4,0.4,2.9,1.4,6.7,,paytoel01
392.0,Elfrid Payton,30.0,CHO,PG,6.0,2.0,20.5,0.5,3.5,0.143,0.0,0.0,,0.5,3.5,0.143,0.143,0.0,0.0,,0.2,2.0,2.2,3.3,1.0,0.5,1.2,2.0,1.0,,paytoel01
393.0,Jett Howard,21.0,ORL,SF,55.0,0.0,11.2,1.5,4.2,0.357,0.9,3.0,0.295,0.6,1.2,0.516,0.463,0.3,0.4,0.75,0.4,0.8,1.2,0.7,0.2,0.2,0.5,1.0,4.1,,howarje01
394.0,Kris Murray,24.0,POR,SF,57.0,3.0,14.2,1.7,3.8,0.442,0.4,1.6,0.247,1.3,2.2,0.578,0.493,0.3,0.8,0.413,1.1,1.4,2.5,0.9,0.5,0.2,0.6,0.9,4.1,,murrakr01
395.0,Paul Reed,25.0,DET,C,38.0,0.0,9.2,1.6,3.0,0.535,0.2,0.6,0.318,1.4,2.4,0.587,0.566,0.7,0.9,0.794,0.9,1.7,2.6,0.9,0.9,0.5,0.5,1.5,4.1,,reedpa01
396.0,Landry Shamet,27.0,NYK,SG,35.0,0.0,12.6,1.6,3.4,0.467,0.7,1.9,0.368,0.9,1.5,0.596,0.571,0.1,0.3,0.556,0.2,0.9,1.0,0.5,0.5,0.1,0.4,0.9,4.1,,shamela01
397.0,Adem Bona,21.0,PHI,C,47.0,2.0,12.4,1.5,2.2,0.683,0.0,0.0,,1.5,2.2,0.683,0.683,1.0,1.4,0.682,1.3,2.0,3.3,0.3,0.3,0.9,0.7,1.9,4.0,,bonaad01
398.0,Malachi Flynn,26.0,CHO,PG,4.0,0.0,11.0,1.3,3.3,0.385,0.3,1.0,0.25,1.0,2.3,0.444,0.423,1.3,1.5,0.833,0.8,1.0,1.8,1.8,0.8,0.0,1.0,1.0,4.0,,flynnma01
399.0,Kevin Knox,25.0,GSW,SF,7.0,0.0,7.3,1.6,3.4,0.458,0.4,1.6,0.273,1.1,1.9,0.615,0.521,0.4,0.6,0.75,0.9,0.7,1.6,0.6,0.1,0.6,0.1,0.7,4.0,,knoxke01
400.0,Jock Landale,29.0,HOU,C,36.0,1.0,10.6,1.6,3.2,0.483,0.2,0.5,0.412,1.4,2.8,0.495,0.513,0.7,1.0,0.686,1.3,1.8,3.1,0.8,0.2,0.3,0.4,1.1,4.0,,landajo01
401.0,Pelle Larsson,23.0,MIA,SG,45.0,2.0,13.1,1.4,3.2,0.441,0.5,1.6,0.319,0.9,1.6,0.562,0.521,0.6,1.0,0.674,0.4,1.1,1.5,0.9,0.4,0.1,0.4,1.7,4.0,,larsspe01
402.0,Kyle Lowry,38.0,PHI,PG,33.0,12.0,18.9,1.2,3.4,0.351,0.8,2.5,0.337,0.3,0.8,0.393,0.477,0.8,1.0,0.818,0.3,1.6,2.0,2.8,0.9,0.3,0.6,1.8,4.0,,lowryky01
404.0,Colin Castleton,24.0,2TM,C,17.0,3.0,14.3,1.4,3.0,0.451,0.1,0.5,0.125,1.3,2.5,0.512,0.461,1.2,1.4,0.833,1.8,2.3,4.1,0.8,0.2,0.5,1.0,1.6,3.9,,castlco01
404.0,Colin Castleton,24.0,MEM,C,10.0,0.0,4.6,0.2,1.0,0.2,0.0,0.4,0.0,0.2,0.6,0.333,0.2,1.0,1.1,0.909,0.3,0.6,0.9,0.0,0.1,0.1,0.1,0.6,1.4,,castlco01
404.0,Colin Castleton,24.0,TOR,C,7.0,3.0,28.1,3.0,5.9,0.512,0.1,0.6,0.25,2.9,5.3,0.541,0.524,1.4,1.9,0.769,4.0,4.7,8.7,2.0,0.3,1.0,2.3,3.0,7.6,,castlco01
405.0,Wendell Moore Jr.,23.0,2TM,SG,30.0,1.0,12.6,1.5,3.2,0.469,0.3,0.9,0.321,1.2,2.3,0.529,0.516,0.6,0.7,0.818,0.8,1.8,2.6,1.1,0.5,0.1,0.6,0.8,3.9,,moorewe01
405.0,Wendell Moore Jr.,23.0,DET,SG,20.0,1.0,11.0,1.2,2.5,0.46,0.2,0.7,0.286,1.0,1.8,0.528,0.5,0.7,0.7,0.929,0.6,1.7,2.2,1.2,0.5,0.2,0.5,0.8,3.2,,moorewe01
405.0,Wendell Moore Jr.,23.0,CHO,SG,10.0,0.0,15.8,2.2,4.6,0.478,0.5,1.4,0.357,1.7,3.2,0.531,0.533,0.5,0.8,0.625,1.4,2.0,3.4,1.1,0.4,0.1,0.8,1.0,5.4,,moorewe01
406.0,Dominick Barlow,21.0,ATL,SF,23.0,3.0,9.7,1.6,3.3,0.493,0.2,0.8,0.278,1.4,2.5,0.561,0.527,0.5,0.7,0.647,0.6,1.3,1.9,0.4,0.3,0.6,0.1,1.0,3.9,,barlodo01
407.0,Nicolas Batum,36.0,LAC,PF,67.0,8.0,18.0,1.3,3.1,0.413,1.1,2.6,0.411,0.2,0.5,0.424,0.587,0.2,0.3,0.833,0.7,2.2,2.9,1.2,0.7,0.5,0.4,1.5,3.9,,batumni01
408.0,Malaki Branham,21.0,SAS,SG,38.0,0.0,8.2,1.4,3.2,0.438,0.6,1.6,0.407,0.8,1.6,0.468,0.537,0.5,0.6,0.818,0.1,0.9,1.0,0.7,0.2,0.1,0.8,0.4,3.9,,branhma01
409.0,Devin Carter,22.0,SAC,PG,24.0,0.0,9.6,1.3,3.3,0.38,0.5,1.6,0.308,0.8,1.7,0.45,0.456,0.9,1.5,0.611,0.5,1.7,2.2,1.2,0.4,0.1,0.5,0.9,3.9,,cartede02
410.0,Dariq Whitehead,20.0,BRK,SF,10.0,0.0,5.9,1.3,2.7,0.481,1.2,2.3,0.522,0.1,0.4,0.25,0.704,0.1,0.3,0.333,0.1,0.5,0.6,0.1,0.3,0.1,0.6,0.2,3.9,,whiteda01
411.0,Olivier-Maxence Prosper,22.0,DAL,PF,52.0,4.0,11.2,1.3,3.3,0.402,0.2,1.0,0.235,1.1,2.4,0.472,0.437,0.9,1.5,0.645,0.8,1.6,2.4,0.8,0.5,0.1,0.3,0.5,3.9,,prospol01
412.0,Reed Sheppard,20.0,HOU,PG,45.0,1.0,11.9,1.4,4.4,0.332,0.7,2.5,0.279,0.8,1.9,0.4,0.411,0.3,0.4,0.813,0.4,1.0,1.4,1.2,0.6,0.3,0.6,0.9,3.9,,sheppre01
413.0,Ousmane Dieng,21.0,OKC,C,37.0,1.0,10.9,1.5,3.4,0.432,0.6,1.9,0.324,0.8,1.5,0.574,0.524,0.3,0.4,0.688,0.5,1.7,2.2,0.8,0.5,0.2,0.5,0.9,3.8,,diengou01
414.0,Isaac Jones,24.0,SAC,PF,30.0,0.0,8.4,1.5,2.2,0.672,0.1,0.2,0.333,1.4,2.0,0.705,0.687,0.7,1.1,0.618,0.6,0.9,1.5,0.3,0.1,0.3,0.4,0.9,3.8,,jonesis01
415.0,Jevon Carter,29.0,CHI,PG,30.0,0.0,7.6,1.3,3.2,0.402,0.8,2.3,0.357,0.5,0.9,0.519,0.531,0.3,0.3,0.8,0.1,0.9,0.9,1.0,0.3,0.1,0.3,0.4,3.7,,carteje01
418.0,Luka Garza,26.0,MIN,C,33.0,0.0,6.1,1.4,3.0,0.459,0.3,1.1,0.257,1.1,1.9,0.571,0.505,0.6,0.9,0.677,0.9,0.6,1.5,0.3,0.2,0.1,0.3,0.8,3.6,,garzalu01
419.0,Oso Ighodaro,22.0,PHO,PF,48.0,2.0,15.0,1.6,2.6,0.603,0.0,0.0,0.0,1.6,2.6,0.613,0.603,0.5,0.9,0.561,0.9,2.5,3.3,1.0,0.4,0.4,0.6,1.6,3.6,,ighodos01
420.0,Andre Jackson Jr.,23.0,MIL,SG,59.0,43.0,15.4,1.5,3.1,0.467,0.5,1.3,0.392,1.0,1.9,0.518,0.546,0.2,0.3,0.556,1.0,1.9,2.9,1.3,0.5,0.2,0.9,1.8,3.6,,jacksan01
421.0,Duop Reath,28.0,POR,C,37.0,0.0,8.6,1.2,3.2,0.393,0.7,2.2,0.305,0.6,0.9,0.6,0.5,0.4,0.5,0.889,0.6,1.0,1.6,0.5,0.2,0.3,0.3,0.7,3.6,,reathdu01
422.0,Jae'Sean Tate,29.0,HOU,SF,47.0,2.0,11.3,1.3,2.9,0.459,0.3,0.8,0.316,1.1,2.1,0.515,0.504,0.7,1.0,0.689,1.0,1.3,2.3,0.9,0.5,0.1,0.4,1.6,3.6,,tateja01
423.0,Steven Adams,31.0,HOU,C,49.0,2.0,12.6,1.4,2.7,0.522,0.0,0.0,0.0,1.4,2.7,0.526,0.522,0.7,1.6,0.423,2.7,2.6,5.3,1.2,0.3,0.4,0.9,0.9,3.5,,adamsst01
424.0,Dario Šarić,30.0,DEN,C,15.0,4.0,13.5,1.3,3.7,0.339,0.5,1.7,0.269,0.8,2.0,0.4,0.402,0.5,0.7,0.7,0.9,2.3,3.3,1.5,0.5,0.1,0.9,1.2,3.5,,saricda01
425.0,Bruno Fernando,26.0,TOR,C,17.0,2.0,8.6,1.5,2.9,0.531,0.0,0.0,,1.5,2.9,0.531,0.531,0.4,0.5,0.75,1.2,1.8,3.0,1.1,0.2,0.5,0.8,1.6,3.4,,fernabr01
426.0,Collin Gillespie,25.0,PHO,PG,20.0,1.0,8.0,1.2,2.7,0.434,0.6,1.4,0.407,0.6,1.3,0.462,0.538,0.5,0.6,0.909,0.6,0.9,1.5,1.5,0.2,0.2,0.3,0.9,3.4,,gilleco01
427.0,Jamal Cain,25.0,NOP,SF,27.0,0.0,11.4,1.1,2.9,0.39,0.5,1.7,0.311,0.6,1.2,0.5,0.481,0.6,0.9,0.625,0.7,1.3,2.0,0.6,0.5,0.3,0.4,1.0,3.3,,cainja01
428.0,DeAndre Jordan,36.0,DEN,C,46.0,2.0,11.5,1.5,2.3,0.651,0.0,0.0,,1.5,2.3,0.651,0.651,0.3,0.8,0.405,1.4,3.3,4.7,0.8,0.3,0.4,0.7,1.2,3.3,,jordade01
429.0,Damion Lee,32.0,PHO,SG,18.0,0.0,6.1,1.1,3.0,0.352,0.3,1.5,0.222,0.7,1.5,0.481,0.407,0.9,0.9,0.941,0.1,0.7,0.8,0.5,0.2,0.0,0.4,0.3,3.3,,leeda03
430.0,Zeke Nnaji,24.0,DEN,PF,48.0,3.0,10.4,1.3,2.4,0.526,0.3,0.8,0.325,1.0,1.6,0.632,0.582,0.4,0.7,0.618,0.6,1.0,1.6,0.3,0.4,0.6,0.3,1.1,3.3,,nnajize01
431.0,Jalen Pickett,25.0,DEN,SG,36.0,0.0,11.1,1.3,3.1,0.423,0.6,1.7,0.377,0.7,1.4,0.48,0.527,0.1,0.1,1.0,0.2,0.9,1.1,1.8,0.3,0.1,0.5,0.7,3.3,,pickeja02
432.0,Nae'Qwan Tomlin,24.0,CLE,PF,3.0,0.0,4.7,1.3,2.7,0.5,0.0,0.7,0.0,1.3,2.0,0.667,0.5,0.7,1.0,0.667,0.3,1.7,2.0,0.0,0.0,0.0,0.3,0.7,3.3,,tomlina01
433.0,Elijah Harkless,24.0,UTA,SG,10.0,0.0,13.8,1.1,3.5,0.314,0.7,2.5,0.28,0.4,1.0,0.4,0.414,0.3,0.6,0.5,0.9,1.2,2.1,0.8,1.0,0.1,0.3,1.8,3.2,,harklej01
434.0,Caleb Houstan,22.0,ORL,SF,45.0,5.0,11.6,1.0,2.8,0.367,0.9,2.4,0.355,0.2,0.4,0.444,0.52,0.3,0.3,0.929,0.3,0.6,0.9,0.4,0.3,0.1,0.1,1.0,3.2,,houstca01
436.0,Jackson Rowe,28.0,GSW,PF,5.0,0.0,8.6,1.2,3.0,0.4,0.4,1.8,0.222,0.8,1.2,0.667,0.467,0.4,0.8,0.5,0.0,1.6,1.6,0.6,0.6,0.0,0.2,0.8,3.2,,roweja01
437.0,Doug McDermott,33.0,SAC,SF,36.0,3.0,7.9,1.1,2.5,0.418,0.9,2.2,0.423,0.1,0.4,0.385,0.599,0.1,0.1,0.6,0.1,0.4,0.5,0.1,0.1,0.1,0.2,0.8,3.1,,mcderdo01
438.0,JT Thor,22.0,2TM,PF,10.0,0.0,5.0,1.0,1.8,0.556,0.4,0.8,0.5,0.6,1.0,0.6,0.667,0.7,0.8,0.875,0.6,0.5,1.1,0.1,0.2,0.3,0.6,0.7,3.1,,thorjt01
438.0,JT Thor,22.0,CLE,PF,9.0,0.0,4.7,1.0,1.7,0.6,0.3,0.7,0.5,0.7,1.0,0.667,0.7,0.8,0.9,0.875,0.3,0.3,0.7,0.1,0.2,0.3,0.7,0.7,3.1,,thorjt01
438.0,JT Thor,22.0,WAS,PF,1.0,0.0,8.0,1.0,3.0,0.333,1.0,2.0,0.5,0.0,1.0,0.0,0.5,0.0,0.0,,3.0,2.0,5.0,0.0,0.0,0.0,0.0,1.0,3.0,,thorjt01
439.0,Tony Bradley,27.0,IND,C,6.0,0.0,5.2,1.5,1.8,0.818,0.0,0.0,,1.5,1.8,0.818,0.818,0.0,0.3,0.0,1.2,1.0,2.2,0.5,0.2,0.5,0.5,0.3,3.0,,bradlto01
440.0,Taj Gibson,39.0,CHO,C,27.0,11.0,11.3,1.3,2.6,0.486,0.0,0.1,0.5,1.2,2.5,0.485,0.493,0.4,0.6,0.688,1.5,2.0,3.6,0.6,0.3,0.4,0.7,1.6,3.0,,gibsota01
441.0,Gary Harris,30.0,ORL,SG,35.0,2.0,15.5,1.1,2.9,0.37,0.7,2.2,0.329,0.3,0.7,0.5,0.495,0.2,0.3,0.6,0.5,0.8,1.3,0.6,0.6,0.3,0.3,0.9,3.0,,harriga01
442.0,Kylor Kelley,27.0,DAL,C,8.0,1.0,8.4,1.3,1.6,0.769,0.0,0.0,,1.3,1.6,0.769,0.769,0.5,0.8,0.667,1.0,1.6,2.6,0.3,0.0,0.3,0.1,1.0,3.0,,kelleky01
444.0,Taze Moore,26.0,POR,SG,2.0,0.0,10.0,1.0,5.0,0.2,0.5,2.0,0.25,0.5,3.0,0.167,0.25,0.5,1.0,0.5,2.0,2.0,4.0,0.5,1.0,0.0,1.0,0.0,3.0,,mooreta02
445.0,Jaylon Tyson,22.0,CLE,SG,42.0,2.0,8.8,1.1,2.5,0.443,0.3,1.0,0.333,0.8,1.5,0.516,0.509,0.4,0.5,0.8,0.7,1.2,1.9,0.9,0.2,0.0,0.5,1.0,3.0,,tysonja01
446.0,Blake Wesley,21.0,SAS,SG,43.0,0.0,9.0,1.2,2.6,0.455,0.2,0.7,0.25,1.0,1.8,0.538,0.491,0.5,0.8,0.636,0.2,0.6,0.8,1.8,0.4,0.1,0.8,0.5,3.0,,weslebl01
447.0,Jae Crowder,34.0,SAC,PF,7.0,2.0,13.1,0.9,2.4,0.353,0.4,1.7,0.25,0.4,0.7,0.6,0.441,0.7,0.9,0.833,0.9,1.6,2.4,0.6,0.4,0.0,0.6,1.4,2.9,,crowdja01
448.0,Craig Porter Jr.,24.0,CLE,PG,43.0,0.0,8.6,1.2,2.1,0.543,0.3,0.8,0.455,0.8,1.4,0.593,0.625,0.3,0.3,0.733,0.3,0.9,1.1,1.3,0.3,0.3,0.6,0.4,2.9,,portecr01
449.0,Kai Jones,24.0,2TM,C,29.0,0.0,8.3,1.2,1.6,0.761,0.0,0.1,0.0,1.2,1.5,0.795,0.761,0.4,0.6,0.75,0.6,1.3,1.9,0.3,0.2,0.5,0.4,0.9,2.8,,joneska01
449.0,Kai Jones,24.0,LAC,C,28.0,0.0,7.4,0.9,1.3,0.722,0.0,0.1,0.0,0.9,1.2,0.765,0.722,0.3,0.4,0.75,0.5,1.1,1.6,0.4,0.2,0.5,0.4,0.8,2.2,,joneska01
449.0,Kai Jones,24.0,DAL,C,1.0,0.0,34.0,9.0,10.0,0.9,0.0,0.0,,9.0,10.0,0.9,0.9,3.0,4.0,0.75,2.0,6.0,8.0,0.0,0.0,1.0,1.0,2.0,21.0,,joneska01
451.0,Branden Carlson,25.0,OKC,C,20.0,0.0,6.1,1.0,2.2,0.442,0.7,1.7,0.412,0.3,0.5,0.556,0.605,0.2,0.2,1.0,0.3,1.2,1.5,0.4,0.1,0.4,0.2,0.7,2.8,,carlsbr01
452.0,Jeenathan Williams,25.0,HOU,SG,14.0,0.0,6.1,1.1,2.7,0.421,0.3,1.2,0.235,0.9,1.5,0.571,0.474,0.2,0.3,0.75,0.1,0.4,0.5,0.4,0.4,0.3,0.6,0.7,2.8,,willije02
453.0,Jaylen Martin,21.0,2TM,SF,7.0,0.0,6.6,1.1,2.9,0.4,0.4,0.9,0.5,0.7,2.0,0.357,0.475,0.0,0.0,,0.4,1.1,1.6,0.4,0.3,0.0,0.4,0.1,2.7,,martija02
453.0,Jaylen Martin,21.0,BRK,SF,3.0,0.0,1.7,0.3,0.7,0.5,0.3,0.3,1.0,0.0,0.3,0.0,0.75,0.0,0.0,,0.0,0.0,0.0,0.0,0.0,0.0,0.0,0.3,1.0,,martija02
453.0,Jaylen Martin,21.0,WAS,SF,4.0,0.0,10.3,1.8,4.5,0.389,0.5,1.3,0.4,1.3,3.3,0.385,0.444,0.0,0.0,,0.8,2.0,2.8,0.8,0.5,0.0,0.8,0.0,4.0,,martija02
454.0,Trey Jemison,25.0,2TM,C,31.0,0.0,10.9,1.2,2.2,0.537,0.0,0.0,,1.2,2.2,0.537,0.537,0.4,1.0,0.387,1.2,1.6,2.8,0.5,0.3,0.5,0.5,2.0,2.7,,jemistr01
454.0,Trey Jemison,25.0,NOP,C,16.0,0.0,10.4,0.9,2.0,0.469,0.0,0.0,,0.9,2.0,0.469,0.469,0.5,1.3,0.381,1.4,1.4,2.8,0.6,0.4,0.4,0.6,1.7,2.4,,jemistr01
454.0,Trey Jemison,25.0,LAL,C,15.0,0.0,11.4,1.4,2.3,0.6,0.0,0.0,,1.4,2.3,0.6,0.6,0.3,0.7,0.4,0.9,1.9,2.9,0.3,0.1,0.5,0.5,2.4,3.1,,jemistr01
455.0,Mason Jones,26.0,SAC,SG,9.0,0.0,4.8,1.0,2.0,0.5,0.1,0.9,0.125,0.9,1.1,0.8,0.528,0.4,0.6,0.8,0.2,0.7,0.9,1.1,0.0,0.1,0.1,0.3,2.6,,jonesma05
456.0,Cory Joseph,33.0,ORL,PG,38.0,4.0,9.5,0.9,2.4,0.385,0.6,1.6,0.35,0.4,0.8,0.452,0.5,0.2,0.2,0.667,0.2,0.8,1.0,1.1,0.4,0.1,0.3,0.8,2.6,,josepco01
457.0,Baylor Scheierman,24.0,BOS,SG,19.0,0.0,8.4,0.9,2.4,0.378,0.6,1.7,0.344,0.3,0.7,0.462,0.5,0.3,0.3,0.833,0.4,1.1,1.5,0.7,0.4,0.0,0.1,0.6,2.6,,scheiba01
458.0,Pat Spencer,28.0,GSW,PG,32.0,0.0,6.7,1.1,2.8,0.393,0.1,0.5,0.118,1.0,2.3,0.458,0.404,0.3,0.5,0.733,0.5,0.9,1.4,1.2,0.4,0.1,0.5,0.6,2.6,,spencpa01
459.0,John Konchar,28.0,MEM,SG,37.0,4.0,12.2,0.9,2.0,0.44,0.5,1.4,0.346,0.4,0.6,0.652,0.56,0.2,0.2,0.875,0.8,2.5,3.4,0.9,0.5,0.4,0.4,0.8,2.5,,konchjo01
463.0,Markelle Fultz,26.0,SAC,PG,11.0,0.0,7.4,1.1,2.8,0.387,0.1,0.4,0.25,1.0,2.5,0.407,0.403,0.1,0.1,1.0,0.2,0.5,0.6,0.8,0.5,0.1,0.9,0.5,2.4,,fultzma01
464.0,Christian Koloko,24.0,LAL,C,33.0,0.0,9.2,1.1,1.8,0.6,0.0,0.1,0.0,1.1,1.7,0.632,0.6,0.2,0.3,0.8,0.9,1.4,2.3,0.5,0.2,0.3,0.3,1.2,2.4,,kolokch01
465.0,Tyler Smith,20.0,MIL,PF,18.0,0.0,4.7,0.9,2.1,0.459,0.4,1.1,0.4,0.5,0.9,0.529,0.568,0.1,0.2,0.5,0.2,0.9,1.1,0.2,0.1,0.2,0.3,0.4,2.4,,smithty02
466.0,TyTy Washington Jr.,23.0,PHO,PG,13.0,0.0,7.9,0.9,3.0,0.308,0.3,1.5,0.2,0.6,1.5,0.421,0.359,0.2,0.3,0.75,0.3,0.6,0.9,1.2,0.2,0.0,0.2,0.3,2.4,,washity02
467.0,Josh Minott,22.0,MIN,SF,39.0,0.0,6.3,0.9,2.0,0.449,0.2,0.9,0.257,0.7,1.1,0.605,0.506,0.3,0.3,0.846,0.3,0.8,1.1,0.4,0.4,0.3,0.3,0.7,2.3,,minotjo01
468.0,Chuma Okeke,26.0,PHI,PF,3.0,0.0,11.7,1.0,2.0,0.5,0.3,1.3,0.25,0.7,0.7,1.0,0.583,0.0,0.0,,1.3,1.3,2.7,0.7,0.7,0.0,0.3,0.3,2.3,,okekech01
469.0,Drew Peterson,25.0,BOS,PF,18.0,1.0,8.3,0.7,1.6,0.448,0.5,1.3,0.391,0.2,0.3,0.667,0.603,0.3,0.4,0.857,0.3,1.4,1.7,0.7,0.2,0.1,0.3,0.7,2.3,,peterdr01
470.0,Lester Quiñones,24.0,PHI,SG,4.0,0.0,4.3,1.0,2.0,0.5,0.0,0.8,0.0,1.0,1.3,0.8,0.5,0.3,0.3,1.0,0.8,0.3,1.0,0.3,0.0,0.0,1.0,0.0,2.3,,quinole01
471.0,Hunter Tyson,24.0,DEN,PF,44.0,1.0,7.6,0.8,2.0,0.386,0.4,1.3,0.316,0.4,0.7,0.516,0.489,0.4,0.5,0.696,0.4,1.1,1.5,0.4,0.2,0.1,0.3,0.9,2.3,,tysonhu01
474.0,Rayan Rupert,20.0,POR,SG,41.0,0.0,7.5,0.8,2.0,0.39,0.2,0.9,0.27,0.5,1.1,0.489,0.451,0.4,0.5,0.75,0.5,0.6,1.1,0.4,0.2,0.0,0.5,0.6,2.2,,ruperra01
476.0,Kobe Brown,25.0,LAC,PF,32.0,0.0,7.1,0.9,2.0,0.476,0.1,0.7,0.19,0.8,1.3,0.619,0.508,0.1,0.2,0.8,0.6,1.2,1.8,0.6,0.2,0.1,0.3,0.6,2.1,,brownko01
477.0,Chris Duarte,27.0,CHI,SG,17.0,0.0,4.4,0.7,1.5,0.462,0.4,0.9,0.4,0.4,0.6,0.545,0.577,0.4,0.5,0.75,0.3,0.9,1.2,0.5,0.0,0.0,0.1,0.4,2.1,,duartch01
478.0,Dillon Jones,23.0,OKC,SF,41.0,0.0,8.9,0.8,2.3,0.337,0.2,1.2,0.204,0.5,1.1,0.478,0.389,0.3,0.5,0.55,0.6,1.4,2.0,1.0,0.2,0.1,0.4,1.0,2.1,,jonesdi01
479.0,E.J. Liddell,24.0,CHI,PF,7.0,0.0,4.7,0.7,1.4,0.5,0.4,1.1,0.375,0.3,0.3,1.0,0.65,0.3,0.3,1.0,0.1,0.6,0.7,0.4,0.1,0.1,0.3,1.1,2.1,,liddeej01
480.0,Dwight Powell,33.0,DAL,C,44.0,3.0,9.4,0.8,1.0,0.739,0.0,0.0,0.5,0.8,1.0,0.75,0.75,0.5,0.8,0.622,0.9,1.3,2.2,1.0,0.3,0.5,0.3,1.3,2.1,,poweldw01
482.0,Jamaree Bouyea,25.0,MIL,PG,1.0,0.0,5.0,1.0,1.0,1.0,0.0,0.0,,1.0,1.0,1.0,1.0,0.0,0.0,,0.0,0.0,0.0,1.0,1.0,0.0,1.0,0.0,2.0,,bouyeja01
483.0,Keion Brooks Jr.,24.0,NOP,SF,2.0,0.0,5.0,0.5,1.0,0.5,0.0,0.5,0.0,0.5,0.5,1.0,0.5,1.0,2.0,0.5,0.5,1.0,1.5,0.5,0.0,0.0,0.0,0.5,2.0,,brookke02
484.0,Jack McVeigh,28.0,HOU,PF,7.0,0.0,4.0,0.7,1.9,0.385,0.6,1.4,0.4,0.1,0.4,0.333,0.538,0.0,0.0,,0.1,0.4,0.6,0.1,0.0,0.1,0.1,0.1,2.0,,mcveija01
485.0,Adama Sanogo,22.0,CHI,C,4.0,0.0,5.3,1.0,1.8,0.571,0.0,0.0,,1.0,1.8,0.571,0.571,0.0,0.0,,1.3,0.3,1.5,0.3,0.0,0.0,0.3,0.3,2.0,,sanogad01
486.0,Pete Nance,24.0,2TM,PF,8.0,0.0,8.8,0.6,1.9,0.333,0.5,1.5,0.333,0.1,0.4,0.333,0.467,0.1,0.3,0.5,0.3,1.0,1.3,0.4,0.1,0.0,0.0,1.3,1.9,,nancepe01
486.0,Pete Nance,24.0,PHI,C,7.0,0.0,9.7,0.7,2.1,0.333,0.6,1.7,0.333,0.1,0.4,0.333,0.467,0.1,0.3,0.5,0.3,1.1,1.4,0.4,0.1,0.0,0.0,1.4,2.1,,nancepe01
486.0,Pete Nance,24.0,MIL,PF,1.0,0.0,2.0,0.0,0.0,,0.0,0.0,,0.0,0.0,,,0.0,0.0,,0.0,0.0,0.0,0.0,0.0,0.0,0.0,0.0,0.0,,nancepe01
488.0,Anthony Gill,32.0,WAS,PF,43.0,0.0,5.9,0.7,1.3,0.519,0.2,0.4,0.368,0.5,0.8,0.6,0.583,0.5,0.8,0.606,0.2,0.7,0.9,0.3,0.1,0.0,0.2,0.5,1.9,,gillan01
489.0,Ariel Hukporti,22.0,NYK,C,25.0,1.0,8.7,0.8,1.2,0.677,0.0,0.0,,0.8,1.2,0.677,0.677,0.2,0.5,0.462,0.6,1.5,2.0,0.4,0.0,0.6,0.8,1.3,1.9,,hukpoar01
491.0,Vlatko Čančar,27.0,DEN,PF,8.0,0.0,8.4,0.8,1.5,0.5,0.3,0.6,0.4,0.5,0.9,0.571,0.583,0.0,0.0,,0.8,1.5,2.3,0.3,0.1,0.1,0.8,0.8,1.8,,cancavl01
492.0,Tyler Kolek,23.0,NYK,PG,31.0,0.0,5.0,0.6,1.6,0.38,0.4,1.0,0.367,0.3,0.6,0.4,0.49,0.2,0.2,1.0,0.1,0.4,0.5,0.7,0.2,0.0,0.3,0.4,1.8,,kolekty01
493.0,Leonard Miller,21.0,MIN,SF,10.0,0.0,2.7,0.5,1.4,0.357,0.0,0.5,0.0,0.5,0.9,0.556,0.357,0.8,0.8,1.0,0.3,0.8,1.1,0.0,0.2,0.1,0.2,0.2,1.8,,millele01
494.0,Pacome Dadiet,19.0,NYK,SG,15.0,0.0,6.5,0.6,1.9,0.321,0.4,1.2,0.333,0.2,0.7,0.3,0.429,0.1,0.2,0.667,0.0,0.9,0.9,0.3,0.2,0.1,0.1,0.4,1.7,,dadiepa01
495.0,Enrique Freeman,24.0,IND,PF,20.0,1.0,7.0,0.6,1.3,0.48,0.1,0.3,0.167,0.6,1.0,0.579,0.5,0.5,0.8,0.6,0.3,0.7,1.0,0.4,0.1,0.1,0.3,0.9,1.7,,freemen01
496.0,Bronny James,20.0,LAL,SG,20.0,0.0,4.7,0.5,1.9,0.263,0.3,1.1,0.227,0.3,0.8,0.313,0.329,0.4,0.6,0.727,0.2,0.4,0.5,0.4,0.3,0.1,0.3,0.3,1.7,,jamesbr02
497.0,Cam Christie,19.0,LAC,SG,8.0,0.0,5.1,0.6,1.9,0.333,0.3,1.3,0.2,0.4,0.6,0.6,0.4,0.1,0.3,0.5,0.1,0.8,0.9,0.6,0.4,0.0,0.3,0.3,1.6,,chrisca02
498.0,Johnny Furphy,20.0,IND,SG,41.0,0.0,6.7,0.6,1.5,0.365,0.3,0.9,0.306,0.3,0.7,0.444,0.452,0.2,0.2,1.0,0.4,0.8,1.2,0.2,0.3,0.2,0.2,0.7,1.6,,furphjo01
499.0,Keshad Johnson,23.0,MIA,SF,10.0,0.0,5.7,0.7,1.2,0.583,0.1,0.4,0.25,0.6,0.8,0.75,0.625,0.1,0.6,0.167,0.2,1.5,1.7,0.3,0.1,0.4,0.3,0.5,1.6,,johnske10
500.0,Armel Traoré,22.0,LAL,SF,9.0,0.0,7.4,0.7,2.1,0.316,0.0,0.8,0.0,0.7,1.3,0.5,0.316,0.2,0.8,0.286,0.2,1.4,1.7,0.1,0.4,0.2,0.3,0.7,1.6,,armeltr01
501.0,Jordan Walsh,20.0,BOS,PF,43.0,1.0,8.1,0.6,1.5,0.369,0.3,1.0,0.295,0.3,0.5,0.524,0.469,0.2,0.3,0.583,0.4,0.8,1.3,0.4,0.2,0.2,0.3,0.6,1.6,,walshjo01
502.0,Jazian Gortman,21.0,DAL,PG,16.0,0.0,3.6,0.6,1.4,0.391,0.3,0.7,0.364,0.3,0.8,0.417,0.478,0.1,0.3,0.5,0.1,0.3,0.3,0.4,0.1,0.1,0.3,0.6,1.5,,gortmja01
503.0,Quincy Olivari,23.0,LAL,PG,2.0,0.0,5.0,0.5,2.5,0.2,0.5,2.5,0.2,0.0,0.0,,0.3,0.0,0.0,,0.0,0.0,0.0,0.5,0.0,0.0,0.5,0.0,1.5,,olivaqu01
504.0,Matt Ryan,27.0,NYK,SF,19.0,0.0,3.6,0.5,1.6,0.323,0.3,1.0,0.316,0.2,0.6,0.333,0.419,0.1,0.1,1.0,0.0,0.4,0.4,0.2,0.1,0.0,0.2,0.1,1.5,,ryanma01
505.0,Tristan Thompson,33.0,CLE,C,35.0,0.0,7.2,0.7,1.5,0.426,0.0,0.1,0.0,0.7,1.5,0.451,0.426,0.1,0.6,0.227,0.7,2.1,2.7,0.6,0.0,0.2,0.3,0.9,1.5,,thomptr01
506.0,Alex Ducas,24.0,OKC,SG,17.0,0.0,4.5,0.5,1.3,0.364,0.4,0.9,0.438,0.1,0.4,0.167,0.523,0.0,0.0,,0.3,0.6,0.9,0.1,0.1,0.0,0.2,0.4,1.4,,ducasal01
508.0,Garrett Temple,38.0,TOR,SG,23.0,0.0,7.6,0.4,1.8,0.22,0.2,0.9,0.25,0.2,0.9,0.19,0.28,0.4,0.4,0.9,0.2,0.8,1.0,1.1,0.6,0.1,0.4,1.0,1.4,,templga01
509.0,JD Davison,22.0,BOS,PG,9.0,0.0,4.3,0.3,1.0,0.333,0.2,0.7,0.333,0.1,0.3,0.333,0.444,0.4,0.6,0.8,0.0,0.3,0.3,0.3,0.2,0.0,0.7,0.1,1.3,,davisjd01
510.0,David Duke Jr.,25.0,SAS,SG,4.0,0.0,4.5,0.5,1.8,0.286,0.0,0.3,0.0,0.5,1.5,0.333,0.286,0.3,0.5,0.5,0.0,0.8,0.8,0.8,0.0,0.0,0.3,0.3,1.3,,dukeda01
511.0,Adam Flagler,25.0,OKC,SG,27.0,0.0,3.9,0.5,2.1,0.224,0.3,1.7,0.17,0.2,0.4,0.455,0.293,0.0,0.0,,0.1,0.3,0.4,0.0,0.2,0.1,0.0,0.4,1.3,,flaglad01
512.0,Skal Labissière,28.0,SAC,PF,4.0,0.0,3.0,0.5,1.0,0.5,0.3,0.3,1.0,0.3,0.8,0.333,0.625,0.0,0.0,,0.3,0.5,0.8,0.3,0.0,0.0,0.0,0.3,1.3,,labissk01
513.0,Isaiah Crawford,23.0,SAC,SF,11.0,0.0,3.4,0.5,0.8,0.556,0.1,0.4,0.25,0.4,0.5,0.8,0.611,0.2,0.4,0.5,0.1,0.6,0.7,0.0,0.1,0.1,0.1,0.2,1.2,,crawfis01
514.0,Yuki Kawamura,23.0,MEM,PG,20.0,0.0,3.2,0.4,1.1,0.364,0.2,0.8,0.25,0.2,0.3,0.667,0.455,0.2,0.3,0.667,0.0,0.4,0.4,0.7,0.1,0.0,0.2,0.4,1.2,,kawamyu01
515.0,Bryce McGowens,22.0,POR,SG,11.0,0.0,2.5,0.4,1.1,0.333,0.0,0.4,0.0,0.4,0.7,0.5,0.333,0.5,0.5,0.833,0.1,0.1,0.2,0.1,0.1,0.0,0.3,0.2,1.2,,mcgowbr01
517.0,PJ Hall,22.0,DEN,C,16.0,0.0,3.1,0.4,0.9,0.467,0.0,0.3,0.0,0.4,0.6,0.7,0.467,0.2,0.3,0.75,0.3,0.8,1.1,0.2,0.0,0.1,0.1,0.4,1.1,,hallpj01
519.0,Chris Livingston,21.0,MIL,SF,16.0,1.0,4.6,0.4,1.1,0.333,0.0,0.4,0.0,0.4,0.8,0.5,0.333,0.3,0.5,0.625,0.4,1.0,1.4,0.1,0.3,0.0,0.3,0.3,1.1,,livinch01
520.0,Trey Alexander,21.0,DEN,SG,20.0,0.0,4.3,0.4,1.3,0.269,0.1,0.5,0.2,0.3,0.8,0.313,0.308,0.2,0.2,0.75,0.0,0.5,0.5,0.4,0.1,0.1,0.2,0.4,1.0,,alexatr01
521.0,Yuri Collins,23.0,GSW,PG,2.0,0.0,8.0,0.5,1.5,0.333,0.0,0.0,,0.5,1.5,0.333,0.333,0.0,0.0,,1.0,0.5,1.5,2.0,1.0,0.0,0.0,2.5,1.0,,colliyu01
522.0,Xavier Tillman Sr.,26.0,BOS,C,29.0,1.0,7.1,0.4,1.6,0.261,0.2,0.9,0.185,0.2,0.7,0.368,0.315,0.0,0.1,0.5,0.3,1.0,1.3,0.2,0.3,0.2,0.4,0.6,1.0,,tillmxa01
523.0,Anton Watson,24.0,NYK,SF,2.0,0.0,3.5,0.5,2.0,0.25,0.0,0.0,,0.5,2.0,0.25,0.25,0.0,0.0,,0.0,0.0,0.0,1.0,0.0,0.0,0.5,0.0,1.0,,watsoan02
524.0,Emoni Bates,21.0,CLE,SF,7.0,0.0,3.9,0.3,2.0,0.143,0.3,1.6,0.182,0.0,0.4,0.0,0.214,0.0,0.0,,0.0,0.0,0.0,0.6,0.1,0.0,0.0,0.3,0.9,,batesem01
525.0,RayJ Dennis,23.0,IND,PG,8.0,0.0,2.9,0.3,1.3,0.2,0.1,0.9,0.143,0.1,0.4,0.333,0.25,0.3,0.3,1.0,0.3,0.5,0.8,0.6,0.4,0.0,0.5,0.4,0.9,,dennira01
526.0,Luke Travers,23.0,CLE,SG,9.0,0.0,6.1,0.3,1.2,0.273,0.0,0.4,0.0,0.3,0.8,0.429,0.273,0.2,0.2,1.0,0.6,0.8,1.3,0.6,0.1,0.1,0.6,0.4,0.9,,travelu01
527.0,Jalen Bridges,23.0,PHO,SF,5.0,0.0,5.0,0.2,0.8,0.25,0.2,0.8,0.25,0.0,0.0,,0.375,0.2,0.4,0.5,0.0,0.6,0.6,0.0,0.0,0.0,0.8,0.0,0.8,,bridgja01
528.0,D.J. Carton,24.0,TOR,SG,4.0,0.0,8.3,0.3,1.8,0.143,0.0,0.8,0.0,0.3,1.0,0.25,0.143,0.3,0.3,1.0,0.0,1.0,1.0,0.8,0.5,0.0,1.0,0.3,0.8,,cartodj01
529.0,Josh Christopher,23.0,MIA,SG,8.0,0.0,3.5,0.3,0.9,0.286,0.0,0.1,0.0,0.3,0.8,0.333,0.286,0.3,0.5,0.5,0.0,0.4,0.4,0.5,0.0,0.1,0.5,0.1,0.8,,chrisjo01
530.0,PJ Dozier,28.0,MIN,SG,9.0,0.0,3.9,0.2,0.3,0.667,0.2,0.3,0.667,0.0,0.0,,1.0,0.1,0.7,0.167,0.1,0.4,0.6,0.6,0.1,0.0,0.1,0.3,0.8,,doziepj01
531.0,Joe Ingles,37.0,MIN,SF,18.0,0.0,6.0,0.3,1.1,0.3,0.2,0.7,0.231,0.2,0.4,0.429,0.375,0.0,0.0,,0.1,0.5,0.6,1.2,0.1,0.0,0.4,0.6,0.8,,inglejo01
532.0,Ulrich Chomche,19.0,TOR,PF,7.0,0.0,4.6,0.3,0.7,0.4,0.0,0.0,,0.3,0.7,0.4,0.4,0.1,0.3,0.5,0.6,0.6,1.1,0.3,0.0,0.1,0.3,0.7,0.7,,chomcul01
533.0,Harrison Ingram,22.0,SAS,SF,3.0,0.0,5.7,0.3,1.0,0.333,0.0,0.3,0.0,0.3,0.7,0.5,0.333,0.0,0.0,,0.3,1.3,1.7,0.3,0.3,0.0,0.0,0.7,0.7,,ingraha01
534.0,James Johnson,37.0,IND,PF,12.0,0.0,3.1,0.3,0.9,0.364,0.0,0.3,0.0,0.3,0.7,0.5,0.364,0.0,0.1,0.0,0.0,0.5,0.5,0.3,0.0,0.2,0.3,0.4,0.7,,johnsja01
535.0,Spencer Jones,23.0,DEN,SF,15.0,0.0,3.9,0.3,1.0,0.333,0.1,0.5,0.125,0.3,0.5,0.571,0.367,0.0,0.0,,0.2,0.3,0.5,0.1,0.3,0.1,0.1,0.6,0.7,,jonessp01
536.0,Liam Robbins,25.0,MIL,C,13.0,0.0,4.4,0.2,0.6,0.25,0.0,0.2,0.0,0.2,0.5,0.333,0.25,0.4,0.8,0.5,0.5,0.4,0.9,0.2,0.2,0.2,0.5,0.7,0.7,,robbili01
537.0,Cui Yongxi,21.0,BRK,SG,5.0,0.0,2.0,0.2,1.4,0.143,0.0,0.6,0.0,0.2,0.8,0.25,0.143,0.2,0.4,0.5,0.0,0.4,0.4,0.0,0.0,0.0,0.0,0.0,0.6,,cuiyo01
538.0,Stanley Umude,25.0,MIL,SG,20.0,0.0,3.3,0.2,1.2,0.174,0.1,0.7,0.154,0.1,0.5,0.2,0.217,0.1,0.2,0.5,0.2,0.6,0.8,0.2,0.2,0.2,0.1,0.3,0.6,,umudest01
539.0,Tristen Newton,23.0,2TM,SG,8.0,0.0,2.0,0.1,1.0,0.125,0.0,0.4,0.0,0.1,0.6,0.2,0.125,0.1,0.1,1.0,0.3,0.3,0.5,0.3,0.1,0.0,0.3,0.5,0.4,,newtotr01
539.0,Tristen Newton,23.0,IND,SG,5.0,0.0,1.6,0.2,1.2,0.167,0.0,0.6,0.0,0.2,0.6,0.333,0.167,0.2,0.2,1.0,0.0,0.0,0.0,0.2,0.0,0.0,0.2,0.4,0.6,,newtotr01
539.0,Tristen Newton,23.0,MIN,SG,3.0,0.0,2.7,0.0,0.7,0.0,0.0,0.0,,0.0,0.7,0.0,0.0,0.0,0.0,,0.7,0.7,1.3,0.3,0.3,0.0,0.3,0.7,0.0,,newtotr01
540.0,Jacob Toppin,24.0,NYK,SF,16.0,0.0,3.1,0.2,0.6,0.3,0.0,0.1,0.0,0.2,0.5,0.375,0.3,0.0,0.0,,0.1,0.6,0.7,0.3,0.1,0.0,0.1,0.2,0.4,,toppija01
543.0,Jesse Edwards,24.0,MIN,C,2.0,0.0,2.5,0.0,0.0,,0.0,0.0,,0.0,0.0,,,0.0,0.0,,0.0,0.0,0.0,0.5,0.0,0.0,0.0,1.0,0.0,,edwarje01
544.0,Daniss Jenkins,23.0,DET,PG,5.0,0.0,2.0,0.0,0.8,0.0,0.0,0.8,0.0,0.0,0.0,,0.0,0.0,0.0,,0.0,0.0,0.0,0.0,0.0,0.0,0.2,0.4,0.0,,jenkida01
545.0,Bobi Klintman,21.0,DET,SF,6.0,0.0,2.8,0.0,0.3,0.0,0.0,0.2,0.0,0.0,0.2,0.0,0.0,0.0,0.0,,0.0,0.7,0.7,0.2,0.0,0.2,0.2,0.3,0.0,,klintbo01
546.0,Mac McClung,26.0,ORL,SG,1.0,0.0,5.0,0.0,0.0,,0.0,0.0,,0.0,0.0,,,0.0,0.0,,0.0,1.0,1.0,2.0,0.0,0.0,0.0,0.0,0.0,,mccluma01
547.0,Jalen McDaniels,27.0,WAS,SF,4.0,0.0,1.8,0.0,0.0,,0.0,0.0,,0.0,0.0,,,0.0,0.0,,0.0,0.0,0.0,0.3,0.3,0.0,0.0,0.0,0.0,,mcdanja01
548.0,Emanuel Miller,24.0,CHI,PF,1.0,0.0,2.0,0.0,0.0,,0.0,0.0,,0.0,0.0,,,0.0,0.0,,0.0,0.0,0.0,0.0,0.0,0.0,0.0,0.0,0.0,,milleem01
549.0,Justin Minaya,25.0,POR,SF,8.0,0.0,2.5,0.0,0.3,0.0,0.0,0.1,0.0,0.0,0.1,0.0,0.0,0.0,0.0,,0.3,0.1,0.4,0.3,0.1,0.0,0.0,0.4,0.0,,minayju01
550.0,Riley Minix,24.0,SAS,SF,1.0,0.0,7.0,0.0,1.0,0.0,0.0,1.0,0.0,0.0,0.0,,0.0,0.0,0.0,,0.0,2.0,2.0,0.0,0.0,0.0,0.0,0.0,0.0,,minixri01
551.0,Miles Norris,24.0,BOS,PF,1.0,0.0,4.0,0.0,0.0,,0.0,0.0,,0.0,0.0,,,0.0,0.0,,0.0,2.0,2.0,0.0,0.0,0.0,0.0,0.0,0.0,,norrimi01
553.0,Zyon Pullin,23.0,MEM,SG,3.0,0.0,1.0,0.0,0.3,0.0,0.0,0.0,,0.0,0.3,0.0,0.0,0.0,0.0,,0.0,0.0,0.0,0.0,0.0,0.0,0.0,0.0,0.0,,pullizy01
554.0,Cole Swider,25.0,DET,SF,2.0,0.0,6.5,0.0,2.5,0.0,0.0,2.5,0.0,0.0,0.0,,0.0,0.0,0.0,,0.0,1.0,1.0,0.5,0.0,0.0,0.0,0.5,0.0,,swideco01
555.0,Jahmir Young,24.0,CHI,PG,1.0,0.0,2.0,0.0,0.0,,0.0,0.0,,0.0,0.0,,,0.0,0.0,,0.0,1.0,1.0,1.0,0.0,0.0,0.0,0.0,0.0,,youngja05
,League Average,,,,,,,,,0.466,,,0.359,,,0.544,0.541,,,0.781,,,,,,,,,,,-9999
