Player,FG%,3P%,2P%,eFG%,TS%,PTS,AST,AST%,ORB,DRB,TRB,ORB%,DRB%,STL,BLK,STL%,BLK%,DBPM,TOV,TOV%,USG%,BPM,WS/48,VORP
A.J. Green,0.425,0.417,0.471,0.603,0.613,7.4,1.4,8.2,0.2,2.0,2.2,1.1,9.3,0.6,0.1,1.2,0.4,-0.3,0.5,8.2,12.8,-2.3,0.082,-0.1
AJ Johnson,0.404,0.3,0.481,0.468,0.495,3.6,1.9,24.4,0.1,1.4,1.5,0.7,13.9,0.3,0.1,1.3,0.6,-1.0,0.9,19.2,17.7,-6.0,-0.013,-0.2
Aaron Gordon,0.521,0.457,0.555,0.599,0.641,13.8,3.0,14.6,1.6,3.2,4.9,6.9,12.4,0.5,0.3,0.8,0.8,-1.5,1.3,11.0,18.8,1.0,0.142,0.8
Aaron Holiday,0.432,0.389,0.513,0.559,0.587,5.4,1.3,13.7,0.2,1.1,1.3,1.7,9.1,0.3,0.1,1.2,0.9,0.3,0.6,11.5,16.5,-0.5,0.12,0.2
Aaron Nesmith,0.5,0.414,0.59,0.606,0.639,11.2,1.4,7.8,0.7,3.0,3.7,3.3,13.5,0.7,0.4,1.3,1.4,-0.8,0.8,8.1,16.8,-1.3,0.111,0.1
Aaron Wiggins,0.49,0.387,0.58,0.58,0.597,11.4,1.7,10.2,1.1,2.7,3.8,5.4,12.5,0.8,0.3,1.7,1.2,-0.2,0.9,8.2,19.6,1.3,0.15,1.3
Adem Bona,0.683,,0.683,0.683,0.703,4.0,0.3,3.9,1.3,2.0,3.3,11.3,19.4,0.3,0.9,1.2,7.0,-0.1,0.7,20.4,12.5,-3.7,0.119,-0.2
Ajay Mitchell,0.506,0.431,0.539,0.572,0.604,6.4,1.7,13.1,0.5,1.5,2.0,3.3,9.3,0.7,0.1,2.1,0.5,1.0,0.8,13.4,15.8,-1.2,0.128,0.1
Al Horford,0.416,0.36,0.542,0.54,0.556,8.4,2.1,10.3,1.2,4.7,5.9,4.8,18.5,0.6,0.9,1.1,2.9,1.1,0.8,9.3,13.3,0.9,0.118,1.1
Alec Burks,0.407,0.419,0.375,0.559,0.587,6.4,1.1,9.2,0.4,2.3,2.7,2.3,14.4,0.6,0.2,1.7,0.9,0.6,0.4,7.6,14.7,-0.1,0.097,0.3
Alex Caruso,0.437,0.348,0.55,0.534,0.553,6.5,2.5,16.5,0.7,2.0,2.6,3.7,10.8,1.7,0.5,4.2,2.9,3.9,0.7,10.6,14.6,3.4,0.165,1.2
Alex Len,0.5,0.167,0.543,0.51,0.52,1.4,0.8,13.0,0.8,1.1,1.9,11.1,15.9,0.2,0.5,1.1,5.7,1.5,0.3,18.4,8.9,-1.5,0.104,0.0
Alex Sarr,0.393,0.323,0.444,0.461,0.484,12.5,2.3,13.4,1.9,4.7,6.6,7.3,18.3,0.7,1.6,1.1,5.2,-0.9,1.4,10.1,22.2,-2.9,0.012,-0.3
Alperen Şengün,0.502,0.241,0.526,0.512,0.551,19.1,4.9,24.7,3.5,7.0,10.5,11.5,24.2,1.1,0.8,1.8,2.2,1.9,2.7,13.3,26.3,4.7,0.172,3.4
Amen Thompson,0.553,0.256,0.597,0.569,0.601,14.0,3.6,15.9,2.8,5.6,8.3,8.8,18.5,1.3,1.3,2.0,3.4,2.3,2.1,15.3,17.4,3.4,0.166,2.6
Amir Coffey,0.471,0.413,0.525,0.57,0.614,10.1,1.1,6.2,0.5,1.8,2.3,2.1,8.1,0.6,0.1,1.1,0.4,-0.4,0.6,7.1,15.1,-1.9,0.11,0.1
Andre Drummond,0.5,0.15,0.533,0.506,0.535,7.3,0.9,6.8,2.7,5.0,7.8,15.9,32.0,1.0,0.5,2.6,2.4,-0.8,1.4,16.7,19.2,-3.1,0.083,-0.2
Andre Jackson Jr.,0.467,0.392,0.518,0.546,0.55,3.6,1.3,10.9,1.0,1.9,2.9,7.4,12.6,0.5,0.2,1.6,1.3,0.3,0.9,21.6,11.7,-3.5,0.06,-0.3
Andrew Nembhard,0.469,0.311,0.542,0.518,0.558,10.2,5.0,22.7,0.5,2.6,3.1,2.0,10.2,1.3,0.2,2.2,0.6,0.3,1.8,16.5,16.4,-2.1,0.072,0.0
Andrew Wiggins,0.439,0.364,0.493,0.515,0.558,17.7,2.5,12.5,1.5,3.0,4.5,5.1,10.7,0.9,0.8,1.5,2.5,-0.5,1.6,9.0,24.1,0.5,0.097,1.0
Anfernee Simons,0.433,0.373,0.5,0.532,0.567,19.5,4.8,23.5,0.3,2.4,2.7,1.0,8.1,0.9,0.1,1.3,0.2,-1.6,2.1,10.8,24.7,0.3,0.091,1.2
Anthony Black,0.415,0.316,0.46,0.464,0.517,9.0,3.0,19.7,0.6,2.1,2.7,2.7,10.8,1.0,0.5,2.2,2.1,1.0,1.7,16.5,19.1,-2.4,0.054,-0.2
Anthony Davis,0.528,0.313,0.559,0.548,0.602,25.7,3.4,17.6,2.9,9.1,12.0,9.7,29.0,1.3,2.2,1.8,5.9,1.6,2.2,9.3,30.2,6.3,0.215,3.1
Anthony Edwards,0.444,0.4,0.487,0.543,0.592,27.6,4.6,21.3,0.7,5.1,5.8,2.2,15.2,1.1,0.6,1.5,1.6,-0.2,3.2,12.2,31.5,4.1,0.133,3.8
Anthony Gill,0.519,0.368,0.6,0.583,0.606,1.9,0.3,6.1,0.2,0.7,0.9,2.8,13.1,0.1,0.0,1.1,0.7,-0.9,0.2,9.3,12.4,-4.0,0.057,-0.1
Antonio Reeves,0.415,0.358,0.482,0.512,0.532,4.3,0.7,9.7,0.4,0.7,1.1,4.3,7.2,0.3,0.1,1.6,0.6,-2.1,0.5,11.1,17.9,-3.7,0.006,-0.1
Ariel Hukporti,0.677,,0.677,0.677,0.654,1.9,0.4,6.3,0.6,1.5,2.0,7.5,19.2,0.0,0.6,0.2,6.4,0.8,0.8,36.4,11.5,-5.6,0.02,-0.2
Ausar Thompson,0.55,0.243,0.587,0.563,0.577,9.5,2.2,14.7,1.9,3.1,4.9,9.6,15.6,1.7,0.6,3.8,2.5,2.6,1.4,14.8,18.9,1.6,0.142,0.9
Austin Reaves,0.446,0.366,0.53,0.54,0.6,19.6,6.0,25.7,0.8,3.7,4.5,2.8,11.5,1.2,0.3,1.6,0.8,-0.4,2.4,13.0,23.8,1.7,0.137,2.0
Ayo Dosunmu,0.492,0.328,0.612,0.561,0.585,12.3,4.5,20.5,0.6,2.9,3.5,2.0,10.0,0.9,0.4,1.4,1.1,-0.4,1.5,12.5,16.6,-1.9,0.084,0.0
Bam Adebayo,0.486,0.31,0.528,0.516,0.557,17.4,4.3,20.2,2.5,7.4,9.9,8.0,23.4,1.3,0.7,1.8,2.0,0.9,2.2,12.1,23.0,1.4,0.124,1.9
Baylor Scheierman,0.378,0.344,0.462,0.5,0.525,2.6,0.7,11.7,0.4,1.1,1.5,4.8,14.4,0.4,0.0,2.2,0.0,1.0,0.1,4.0,13.7,-0.7,0.132,0.1
Ben Sheppard,0.433,0.358,0.593,0.555,0.574,5.7,1.3,8.3,0.7,2.1,2.8,3.9,11.4,0.6,0.2,1.4,1.0,0.0,0.3,6.0,11.4,-2.0,0.083,0.0
Ben Simmons,0.535,,0.535,0.535,0.554,5.9,6.4,39.7,1.0,4.0,5.0,4.4,20.1,0.9,0.5,1.8,2.0,1.7,2.2,29.6,13.8,-0.3,0.087,0.4
Bennedict Mathurin,0.465,0.363,0.518,0.527,0.582,16.0,1.9,8.6,1.2,4.1,5.2,4.4,15.1,0.6,0.4,0.9,1.1,-1.7,1.9,12.0,22.3,-3.0,0.06,-0.5
Bilal Coulibaly,0.421,0.281,0.5,0.472,0.515,12.3,3.4,14.9,1.5,3.4,5.0,4.8,10.9,1.3,0.7,1.9,1.9,-0.7,2.1,15.1,17.8,-3.7,0.011,-0.8
Bismack Biyombo,0.679,,0.679,0.679,0.654,5.2,1.2,9.1,1.4,3.5,4.9,8.3,21.1,0.7,0.8,1.9,4.1,0.2,0.9,19.1,11.8,-2.5,0.1,0.0
Blake Wesley,0.455,0.25,0.538,0.491,0.518,3.0,1.8,27.6,0.2,0.6,0.8,1.9,7.2,0.4,0.1,2.4,0.9,-0.8,0.8,21.9,17.6,-4.0,0.012,-0.2
Bobby Portis,0.463,0.364,0.505,0.517,0.538,13.7,2.2,13.7,1.8,6.5,8.3,8.0,26.8,0.7,0.5,1.3,2.0,-0.4,1.2,8.7,24.1,0.0,0.103,0.6
Bobi Klintman,0.0,0.0,0.0,0.0,0.0,0.0,0.2,6.7,0.0,0.7,0.7,0.0,25.7,0.0,0.2,0.0,5.7,-0.2,0.2,33.3,7.4,-10.4,-0.104,0.0
Bogdan Bogdanović,0.419,0.339,0.542,0.522,0.549,11.1,2.5,13.9,0.5,2.6,3.0,2.0,11.2,0.7,0.2,1.4,0.8,-0.6,1.5,13.2,19.2,-2.9,0.044,-0.2
Bol Bol,0.514,0.33,0.701,0.597,0.614,7.2,0.6,7.3,0.6,2.6,3.2,5.2,20.8,0.3,0.8,0.9,5.3,-1.0,0.6,8.8,21.2,0.3,0.097,0.2
Bones Hyland,0.393,0.383,0.417,0.526,0.568,7.0,1.4,19.5,0.2,0.9,1.1,2.5,9.3,0.9,0.2,3.9,1.7,1.7,1.1,15.7,28.9,2.7,0.088,0.3
Bradley Beal,0.505,0.395,0.569,0.578,0.606,17.3,3.6,17.5,0.7,2.7,3.4,2.5,9.0,1.0,0.5,1.6,1.5,-1.1,1.9,11.8,22.3,-1.0,0.077,0.4
Branden Carlson,0.442,0.412,0.556,0.605,0.626,2.8,0.4,7.6,0.3,1.2,1.5,4.5,20.8,0.1,0.4,0.8,6.6,1.1,0.2,6.3,16.7,2.2,0.189,0.1
Brandin Podziemski,0.431,0.327,0.527,0.51,0.533,10.3,3.4,19.0,1.0,3.9,4.9,4.2,16.6,1.1,0.2,2.0,0.9,1.0,1.1,10.2,17.7,0.2,0.107,0.7
Brandon Clarke,0.623,0.059,0.649,0.624,0.64,8.5,1.0,7.4,2.0,3.1,5.2,11.4,17.2,0.8,0.6,2.0,2.7,0.9,0.7,8.9,15.3,1.0,0.178,0.9
Brandon Ingram,0.465,0.374,0.514,0.53,0.56,22.2,5.2,26.8,0.9,4.6,5.6,3.0,15.6,0.9,0.6,1.3,1.8,-1.7,3.8,16.2,30.2,-0.3,0.004,0.3
Brandon Miller,0.403,0.355,0.475,0.509,0.54,21.0,3.6,18.2,0.9,3.9,4.9,2.8,12.6,1.1,0.7,1.5,2.1,-0.9,2.8,12.6,27.5,-0.1,0.029,0.4
Brice Sensabaugh,0.455,0.402,0.536,0.576,0.599,10.0,1.4,11.4,0.6,2.2,2.7,3.3,12.3,0.6,0.1,1.5,0.4,-1.6,1.5,15.0,21.7,-1.9,0.033,0.0
Bronny James,0.263,0.227,0.313,0.329,0.385,1.7,0.4,11.4,0.2,0.4,0.5,3.7,8.1,0.3,0.1,2.6,2.0,-1.4,0.3,12.3,22.8,-8.7,-0.078,-0.2
Brook Lopez,0.496,0.371,0.624,0.59,0.617,12.6,1.7,7.5,1.3,3.6,5.0,4.7,11.9,0.7,1.9,1.0,5.5,0.6,1.0,9.0,15.4,0.8,0.123,1.5
Bruce Brown,0.405,0.263,0.455,0.439,0.485,7.4,1.9,12.5,1.0,2.7,3.7,4.9,14.2,0.9,0.1,2.0,0.6,-0.6,1.0,11.3,17.2,-4.7,0.022,-0.5
Bruno Fernando,0.531,,0.531,0.531,0.552,3.4,1.1,18.1,1.2,1.8,3.0,15.3,22.4,0.2,0.5,1.3,5.9,2.1,0.8,21.0,19.0,-0.7,0.081,0.0
Bub Carrington,0.399,0.336,0.476,0.492,0.514,9.2,4.1,20.0,0.4,3.6,4.0,1.5,12.7,0.7,0.2,1.1,0.6,-1.2,1.6,15.2,15.1,-4.8,0.008,-1.4
Buddy Hield,0.418,0.369,0.529,0.546,0.557,11.3,1.7,11.0,0.6,2.7,3.2,2.5,12.7,0.9,0.3,1.8,1.2,-0.3,1.2,10.6,20.7,-1.1,0.066,0.4
CJ McCollum,0.442,0.376,0.498,0.528,0.549,20.9,4.0,20.4,0.8,3.0,3.8,2.4,10.2,0.8,0.5,1.1,1.3,-2.6,1.8,8.7,26.9,-1.3,0.043,0.3
Cade Cunningham,0.461,0.35,0.508,0.513,0.561,25.6,9.3,42.9,0.8,5.3,6.0,2.4,16.4,1.0,0.7,1.4,2.0,0.0,4.5,16.5,32.8,3.3,0.115,3.0
Caleb Houstan,0.367,0.355,0.444,0.52,0.544,3.2,0.4,5.0,0.3,0.6,0.9,2.7,6.8,0.3,0.1,1.1,0.6,-0.3,0.1,4.3,11.7,-4.0,0.079,-0.3
Caleb Martin,0.431,0.366,0.469,0.498,0.524,8.4,2.2,10.7,1.3,2.9,4.1,4.8,11.7,1.0,0.6,1.8,2.1,-0.3,1.3,13.9,14.2,-2.8,0.032,-0.2
Cam Christie,0.333,0.2,0.6,0.4,0.409,1.6,0.6,16.7,0.1,0.8,0.9,2.8,16.3,0.4,0.0,3.6,0.0,3.0,0.3,11.2,18.9,-1.1,0.015,0.0
Cam Reddish,0.42,0.283,0.571,0.494,0.518,3.2,0.7,4.9,0.5,1.5,1.9,3.1,9.0,1.0,0.3,2.7,1.7,1.7,0.4,10.8,8.6,-2.5,0.062,-0.1
Cam Thomas,0.438,0.349,0.506,0.513,0.575,24.0,3.8,22.8,0.6,2.7,3.3,2.1,10.4,0.6,0.1,1.0,0.3,-2.7,2.5,10.6,32.6,0.2,0.076,0.4
Cam Whitmore,0.42,0.329,0.497,0.496,0.522,9.0,0.9,8.4,0.7,2.3,3.0,4.5,15.2,0.6,0.3,1.9,1.5,-0.2,0.8,8.9,23.9,-0.3,0.093,0.3
Cameron Johnson,0.476,0.398,0.571,0.586,0.635,18.9,3.2,17.0,0.9,3.3,4.3,3.3,12.6,1.0,0.5,1.5,1.5,-0.4,1.7,10.1,22.8,3.1,0.141,2.2
Cameron Payne,0.408,0.363,0.47,0.514,0.54,6.8,2.7,25.5,0.2,1.2,1.4,1.6,9.3,0.5,0.2,1.9,1.5,0.0,0.7,9.9,21.2,0.3,0.109,0.5
Caris LeVert,0.473,0.394,0.547,0.568,0.593,11.9,3.4,18.0,0.6,2.5,3.1,2.6,10.8,0.9,0.5,1.7,1.9,0.3,1.2,10.8,18.9,1.3,0.128,1.1
Cason Wallace,0.467,0.348,0.559,0.543,0.555,8.2,2.5,11.2,1.0,2.4,3.5,4.1,9.3,1.7,0.5,3.1,1.9,2.5,0.8,10.3,12.6,0.8,0.13,1.1
Charles Bassey,0.586,,0.586,0.586,0.601,4.6,0.5,6.9,1.6,2.8,4.4,16.5,27.9,0.4,0.9,1.9,7.1,0.6,0.7,15.0,18.0,-0.7,0.141,0.1
Chet Holmgren,0.5,0.358,0.575,0.562,0.602,15.0,1.9,9.7,1.8,6.8,8.5,7.1,26.1,0.8,2.5,1.4,9.4,2.3,1.8,12.7,22.3,3.5,0.184,0.8
Chris Boucher,0.492,0.363,0.633,0.586,0.615,10.0,0.7,5.9,1.4,3.1,4.5,8.7,19.6,0.5,0.5,1.3,2.8,-0.8,0.6,6.6,21.3,2.2,0.145,0.9
Chris Duarte,0.462,0.4,0.545,0.577,0.61,2.1,0.5,16.8,0.3,0.9,1.2,7.1,21.0,0.0,0.0,0.0,0.0,-1.1,0.1,3.3,17.2,1.0,0.168,0.1
Chris Livingston,0.333,0.0,0.5,0.333,0.395,1.1,0.1,3.5,0.4,1.0,1.4,10.7,22.7,0.3,0.0,3.3,0.0,-0.1,0.3,18.9,15.8,-6.2,-0.009,-0.1
Chris Paul,0.418,0.376,0.497,0.541,0.579,8.7,7.8,36.3,0.4,3.2,3.6,1.6,12.2,1.3,0.2,2.2,0.6,0.3,1.5,16.4,13.7,1.0,0.131,1.4
Christian Braun,0.572,0.39,0.64,0.625,0.658,15.2,2.4,9.4,1.2,3.8,5.0,4.3,11.9,1.1,0.5,1.6,1.4,-0.5,1.0,7.8,15.8,0.2,0.143,1.2
Chuma Okeke,0.5,0.25,1.0,0.583,0.583,2.3,0.7,7.8,1.3,1.3,2.7,12.5,13.6,0.7,0.0,2.8,0.0,-1.7,0.3,14.3,8.8,-1.2,0.102,0.0
Clint Capela,0.559,0.0,0.56,0.559,0.564,8.9,1.1,7.5,3.2,5.4,8.5,15.6,28.1,0.6,1.0,1.3,4.1,-0.5,0.9,9.8,16.7,-1.2,0.131,0.3
Coby White,0.436,0.356,0.532,0.533,0.58,19.5,4.5,19.7,0.3,3.2,3.6,1.0,10.1,1.0,0.2,1.4,0.5,-1.5,2.3,12.2,24.1,-1.7,0.066,0.2
Cody Martin,0.426,0.313,0.523,0.498,0.52,7.6,2.3,14.0,1.1,3.5,4.6,4.6,15.7,1.1,0.7,2.3,2.7,1.2,1.0,12.6,14.6,-1.1,0.067,0.2
Cody Williams,0.341,0.291,0.394,0.416,0.447,4.7,1.2,7.8,0.6,1.8,2.4,3.2,9.2,0.5,0.3,1.0,1.4,-0.9,0.9,15.0,12.4,-6.4,-0.032,-1.0
Colby Jones,0.4,0.333,0.444,0.467,0.467,1.1,0.4,8.0,0.4,0.7,1.0,7.0,12.0,0.2,0.3,1.9,4.9,0.7,0.3,21.1,10.3,-3.7,0.023,-0.1
Cole Anthony,0.423,0.349,0.47,0.49,0.527,9.6,2.9,26.0,0.7,2.3,3.0,4.1,15.4,0.7,0.4,1.8,2.3,0.7,1.6,15.1,25.1,-0.4,0.065,0.5
Collin Sexton,0.47,0.397,0.504,0.534,0.585,18.1,4.2,24.8,1.1,1.8,2.9,4.1,6.9,0.7,0.1,1.1,0.3,-2.4,2.6,14.5,26.7,-0.9,0.064,0.4
Corey Kispert,0.451,0.364,0.574,0.558,0.584,11.6,1.7,9.7,0.6,2.4,3.0,2.3,9.5,0.4,0.2,0.8,0.8,-2.2,1.0,9.6,17.4,-3.7,0.035,-0.7
Cory Joseph,0.385,0.35,0.452,0.5,0.511,2.6,1.1,16.6,0.2,0.8,1.0,2.7,10.2,0.4,0.1,2.2,1.1,1.3,0.3,11.2,13.0,-2.1,0.084,0.0
Craig Porter Jr.,0.543,0.455,0.593,0.625,0.639,2.9,1.3,19.1,0.3,0.9,1.1,3.3,10.5,0.3,0.3,1.7,3.1,1.4,0.6,20.2,14.1,2.0,0.125,0.4
D'Angelo Russell,0.398,0.318,0.5,0.487,0.53,12.9,5.2,31.4,0.3,2.5,2.8,1.5,11.0,1.0,0.4,1.9,1.6,-0.4,1.9,13.3,23.9,-0.1,0.074,0.7
DaQuan Jeffries,0.403,0.308,0.532,0.492,0.509,6.0,1.1,7.6,0.9,1.9,2.8,4.3,9.7,0.5,0.6,1.3,2.7,-0.6,0.7,10.2,12.9,-4.8,0.034,-0.5
Daishen Nix,0.0,0.0,,0.0,0.266,0.3,1.0,27.5,0.0,1.3,1.3,0.0,33.5,0.0,0.0,0.0,0.0,-1.3,1.3,68.0,19.6,-16.3,-0.327,0.0
Dalano Banton,0.413,0.359,0.455,0.492,0.524,7.7,2.1,21.3,0.4,1.5,1.9,2.6,10.9,0.7,0.4,2.2,2.7,0.0,1.2,13.7,23.8,0.4,0.052,0.5
Dalen Terry,0.47,0.338,0.548,0.533,0.562,4.2,1.2,12.7,0.5,0.9,1.4,4.3,7.7,0.5,0.2,1.9,1.6,0.1,0.6,14.7,14.6,-3.7,0.058,-0.3
Dalton Knecht,0.464,0.364,0.624,0.576,0.593,9.5,0.9,6.5,0.5,2.5,3.0,2.8,13.1,0.3,0.1,0.8,0.4,-1.6,0.5,5.7,18.2,-2.0,0.09,0.0
Damian Lillard,0.448,0.376,0.528,0.547,0.621,24.9,7.1,30.0,0.5,4.2,4.7,1.6,12.0,1.2,0.2,1.6,0.4,-0.7,2.8,12.2,27.6,3.8,0.179,3.1
Damion Lee,0.352,0.222,0.481,0.407,0.488,3.3,0.5,12.2,0.1,0.7,0.8,2.1,11.7,0.2,0.0,1.8,0.0,-2.0,0.4,11.5,28.2,-5.8,-0.043,-0.1
Daniel Gafford,0.699,,0.699,0.699,0.716,12.3,1.4,10.1,2.7,4.1,6.9,13.7,20.2,0.4,1.9,0.9,7.4,1.2,1.2,12.2,19.2,3.7,0.23,1.6
Daniel Theis,0.473,0.243,0.565,0.508,0.558,4.3,1.6,13.0,1.2,3.2,4.3,7.4,21.5,0.5,0.5,1.4,3.1,-0.1,0.7,14.7,11.5,-3.3,0.078,-0.2
Dante Exum,0.48,0.447,0.5,0.564,0.591,9.1,2.8,20.8,0.2,1.4,1.7,1.3,8.1,0.7,0.2,1.7,0.7,-1.0,1.1,12.1,19.6,-2.0,0.092,0.0
Dario Šarić,0.339,0.269,0.4,0.402,0.43,3.5,1.5,12.7,0.9,2.3,3.3,7.9,18.1,0.5,0.1,1.7,0.4,-0.5,0.9,18.8,15.5,-4.9,-0.002,-0.1
Dariq Whitehead,0.481,0.522,0.25,0.704,0.689,3.9,0.1,3.0,0.1,0.5,0.6,1.9,10.2,0.3,0.1,2.5,1.7,-0.4,0.6,17.5,25.5,4.2,0.018,0.1
Darius Garland,0.476,0.407,0.534,0.568,0.607,20.9,6.7,32.2,0.6,2.1,2.7,2.2,7.2,1.2,0.2,1.9,0.5,-0.8,2.5,12.5,27.4,3.6,0.181,2.8
David Roddy,0.464,0.333,0.586,0.545,0.575,4.7,1.1,12.0,0.4,2.2,2.6,3.7,19.9,0.5,0.3,1.8,2.0,0.3,0.7,14.7,15.7,-1.0,0.067,0.1
Davion Mitchell,0.45,0.389,0.503,0.54,0.556,7.0,4.6,23.6,0.4,1.7,2.1,1.8,7.0,0.8,0.2,1.6,0.8,-0.2,1.8,21.7,13.2,-3.6,0.044,-0.6
Day'Ron Sharpe,0.523,0.275,0.562,0.542,0.573,8.1,1.8,16.4,3.0,3.6,6.6,18.6,23.8,0.8,0.9,2.2,4.7,0.6,1.3,15.4,20.3,0.7,0.148,0.6
De'Aaron Fox,0.463,0.31,0.538,0.514,0.56,23.5,6.3,27.1,0.9,3.9,4.8,2.7,12.0,1.5,0.4,2.0,1.1,-1.0,2.8,11.8,28.2,0.3,0.095,1.3
De'Andre Hunter,0.469,0.414,0.526,0.574,0.63,17.6,1.4,7.5,0.7,3.3,4.0,2.8,13.0,0.7,0.2,1.2,0.6,-1.1,1.3,8.8,22.9,0.3,0.124,0.8
De'Anthony Melton,0.407,0.371,0.474,0.528,0.539,10.3,2.8,21.0,1.0,2.3,3.3,5.2,12.7,1.2,0.3,2.8,1.6,0.8,1.7,14.8,23.4,-0.8,0.076,0.0
DeAndre Jordan,0.651,,0.651,0.651,0.626,3.3,0.8,8.4,1.4,3.3,4.7,13.9,29.8,0.3,0.4,1.1,3.4,-0.1,0.7,21.3,12.4,-1.7,0.115,0.0
DeMar DeRozan,0.486,0.356,0.517,0.52,0.581,22.2,4.1,17.4,0.6,3.4,4.0,2.0,10.5,0.9,0.4,1.2,1.1,-1.1,1.4,7.0,24.5,0.1,0.129,1.1
Dean Wade,0.407,0.343,0.7,0.548,0.55,5.3,1.4,7.6,1.0,3.6,4.6,5.0,17.9,0.8,0.4,1.8,1.5,1.5,0.4,7.6,10.3,0.5,0.116,0.6
Deandre Ayton,0.566,0.188,0.594,0.573,0.583,14.4,1.6,8.6,3.1,7.1,10.2,11.0,25.9,0.8,1.0,1.2,3.0,-0.5,1.7,12.2,19.5,-0.8,0.111,0.4
Dejounte Murray,0.393,0.299,0.444,0.445,0.494,17.5,7.4,34.5,0.5,5.9,6.5,1.7,20.2,2.0,0.4,3.0,1.1,-0.4,3.4,16.2,27.2,-1.6,0.011,0.1
Delon Wright,0.282,0.255,0.324,0.359,0.384,2.4,1.7,14.5,0.5,1.1,1.6,4.2,8.1,0.8,0.3,2.7,2.2,1.5,0.5,13.8,11.2,-2.4,0.032,0.0
Deni Avdija,0.467,0.353,0.547,0.539,0.596,15.3,3.6,18.8,1.3,5.4,6.7,4.7,20.5,0.9,0.5,1.5,1.5,0.3,2.6,16.7,22.2,0.9,0.105,1.3
Dennis Schröder,0.418,0.355,0.472,0.5,0.542,13.4,5.3,29.8,0.3,2.3,2.6,1.2,9.3,1.0,0.2,1.7,0.6,-0.8,2.0,13.7,22.3,-1.7,0.08,0.1
Dereck Lively II,0.701,,0.701,0.701,0.704,9.1,2.6,15.4,3.1,4.8,7.8,14.2,21.1,0.5,1.7,1.1,6.0,2.3,1.2,15.8,13.8,3.7,0.204,1.1
Derrick Jones Jr.,0.528,0.363,0.62,0.593,0.61,10.5,0.8,4.5,1.3,2.2,3.5,5.7,10.0,1.1,0.4,2.1,1.6,0.6,0.9,9.4,16.6,-0.5,0.117,0.6
Derrick White,0.442,0.386,0.576,0.578,0.605,16.7,4.4,18.8,0.9,3.5,4.4,2.8,11.2,0.9,1.1,1.4,2.9,0.6,1.6,10.6,20.0,3.3,0.153,2.9
Desmond Bane,0.487,0.393,0.55,0.566,0.602,19.1,5.5,24.3,0.9,5.3,6.3,3.2,17.5,1.2,0.4,1.7,1.3,0.7,2.6,13.9,23.3,3.3,0.148,2.4
Devin Booker,0.457,0.347,0.532,0.527,0.594,25.7,7.0,29.8,1.0,3.1,4.1,3.1,8.9,1.0,0.2,1.3,0.6,-2.1,2.8,11.4,28.9,0.8,0.127,1.7
Devin Carter,0.38,0.308,0.45,0.456,0.496,3.9,1.2,16.5,0.5,1.7,2.2,5.8,19.9,0.4,0.1,2.1,1.3,-0.1,0.5,10.4,19.6,-1.9,0.074,0.0
Devin Vassell,0.437,0.353,0.51,0.519,0.542,16.1,2.9,13.8,0.6,3.3,3.9,1.9,11.5,1.3,0.5,2.0,1.6,-1.0,1.3,8.3,22.4,-1.7,0.047,0.1
Dillon Brooks,0.42,0.393,0.45,0.522,0.546,14.0,1.8,7.6,1.1,2.8,3.9,3.6,9.3,0.8,0.2,1.2,0.6,0.0,1.0,7.3,17.6,-1.6,0.103,0.2
Dillon Jones,0.337,0.204,0.478,0.389,0.409,2.1,1.0,12.9,0.6,1.4,2.0,6.9,16.8,0.2,0.1,1.1,0.8,-0.2,0.4,12.6,13.9,-4.8,0.05,-0.3
Domantas Sabonis,0.593,0.425,0.63,0.632,0.659,19.2,6.2,26.6,3.8,10.0,13.9,12.3,32.3,0.6,0.4,0.9,1.1,1.0,2.9,16.8,21.5,5.2,0.202,3.7
Donovan Clingan,0.545,0.258,0.585,0.561,0.575,6.1,1.0,8.0,3.0,4.4,7.4,17.6,26.9,0.5,1.6,1.2,8.1,1.3,1.2,18.1,14.8,-0.8,0.132,0.3
Donovan Mitchell,0.445,0.378,0.509,0.537,0.578,24.1,4.9,23.5,0.8,3.6,4.4,2.8,12.1,1.3,0.2,2.0,0.6,-0.3,2.1,9.1,31.0,3.6,0.162,2.8
Donte DiVincenzo,0.418,0.395,0.484,0.565,0.581,11.7,3.8,20.8,0.5,3.2,3.7,2.1,13.1,1.3,0.2,2.3,0.8,1.1,1.5,13.3,19.0,2.0,0.118,1.4
Dorian Finney-Smith,0.437,0.391,0.543,0.573,0.58,8.4,1.3,6.6,1.4,2.6,4.0,5.6,10.4,0.9,0.3,1.6,1.1,0.0,0.9,10.9,12.5,-1.7,0.07,0.1
Doug McDermott,0.418,0.423,0.385,0.599,0.601,3.1,0.1,1.8,0.1,0.4,0.5,0.8,6.3,0.1,0.1,0.7,0.7,-2.3,0.2,6.0,14.8,-4.5,0.044,-0.2
Draymond Green,0.432,0.326,0.523,0.507,0.54,9.1,5.7,26.6,1.1,5.1,6.1,3.8,19.2,1.4,1.1,2.3,3.6,2.9,2.5,22.9,15.7,0.9,0.096,1.2
Drew Eubanks,0.593,0.5,0.596,0.602,0.622,5.1,1.0,10.7,1.1,3.0,4.1,8.9,23.4,0.2,0.7,0.8,5.0,0.5,0.7,14.8,14.9,-0.5,0.112,0.3
Duncan Robinson,0.436,0.388,0.563,0.577,0.592,11.1,2.5,15.7,0.2,2.1,2.3,1.1,9.3,0.6,0.1,1.1,0.3,-1.2,1.2,11.3,19.2,-2.0,0.065,0.0
Duop Reath,0.393,0.305,0.6,0.5,0.532,3.6,0.5,8.6,0.6,1.0,1.6,7.4,12.5,0.2,0.3,1.4,3.4,-0.1,0.3,8.8,18.0,-0.3,0.084,0.1
Dwight Powell,0.739,0.5,0.75,0.75,0.739,2.1,1.0,12.9,0.9,1.3,2.2,10.4,14.7,0.3,0.5,1.5,4.3,1.8,0.3,18.4,7.9,0.4,0.165,0.3
Dyson Daniels,0.485,0.345,0.532,0.528,0.537,14.1,4.3,17.6,1.6,4.0,5.6,5.0,13.3,3.0,0.7,4.2,2.0,2.6,1.9,12.9,18.2,1.2,0.089,1.7
E.J. Liddell,0.5,0.375,1.0,0.65,0.689,2.1,0.4,12.4,0.1,0.6,0.7,3.2,12.5,0.1,0.1,1.4,2.6,-0.1,0.3,15.5,16.3,-2.1,0.118,0.0
Elfrid Payton,0.388,0.0,0.394,0.388,0.39,4.1,5.2,36.0,0.5,2.4,2.8,2.3,12.9,1.2,0.5,2.9,2.2,0.4,2.1,28.5,15.0,-5.4,-0.034,-0.2
Eric Gordon,0.426,0.409,0.463,0.564,0.591,6.8,1.7,12.0,0.2,1.0,1.2,1.1,5.9,0.7,0.3,1.7,1.6,-0.9,0.7,11.1,14.4,-1.6,0.057,0.1
Evan Mobley,0.568,0.365,0.63,0.611,0.64,18.6,3.1,14.7,2.3,7.0,9.2,8.3,24.4,0.9,1.5,1.3,4.5,1.5,2.0,12.2,23.2,4.6,0.207,3.1
Franz Wagner,0.463,0.299,0.532,0.507,0.559,24.3,4.7,26.6,1.0,4.6,5.6,3.2,16.6,1.3,0.4,2.0,1.1,0.4,2.4,9.9,31.2,3.1,0.129,2.2
Fred VanVleet,0.382,0.34,0.447,0.485,0.515,14.1,5.7,22.1,0.6,3.4,4.0,1.8,10.5,1.6,0.5,2.3,1.2,1.5,1.5,9.8,17.7,1.3,0.126,1.5
GG Jackson II,0.392,0.337,0.448,0.477,0.509,7.8,1.0,8.3,1.0,2.3,3.2,6.4,14.6,0.4,0.2,1.1,1.1,-2.1,1.1,12.7,21.7,-4.3,0.033,-0.2
Gabe Vincent,0.399,0.345,0.531,0.521,0.527,6.1,1.4,9.1,0.2,0.9,1.2,1.3,4.9,0.7,0.2,1.7,0.9,0.1,0.6,9.0,13.1,-4.2,0.04,-0.7
Garrett Temple,0.22,0.25,0.19,0.28,0.352,1.4,1.1,17.9,0.2,0.8,1.0,3.1,11.4,0.6,0.1,3.9,1.1,2.5,0.4,16.5,13.1,-4.6,0.002,-0.1
Garrison Mathews,0.4,0.394,0.432,0.567,0.611,7.6,1.3,9.6,0.3,1.6,1.8,1.7,10.0,0.6,0.3,1.5,1.6,-0.5,0.6,9.4,16.0,-1.4,0.094,0.1
Gary Harris,0.37,0.329,0.5,0.495,0.503,3.0,0.6,5.1,0.5,0.8,1.3,3.2,6.5,0.6,0.3,1.9,1.8,1.4,0.3,10.3,9.3,-2.7,0.058,-0.1
Gary Payton II,0.578,0.322,0.702,0.631,0.641,6.5,1.3,13.5,0.8,2.1,2.9,5.9,15.2,0.8,0.3,2.6,1.9,1.8,0.6,10.4,16.1,1.5,0.16,0.7
Gary Trent Jr.,0.435,0.415,0.471,0.569,0.588,10.6,1.1,6.5,0.3,2.0,2.3,1.2,8.5,1.0,0.1,1.9,0.2,-0.3,0.6,6.3,16.9,-1.8,0.082,0.1
Georges Niang,0.459,0.396,0.574,0.587,0.6,9.6,1.4,8.7,0.7,3.1,3.8,3.4,15.2,0.4,0.2,0.8,0.8,-1.0,0.9,10.4,17.1,-2.1,0.09,-0.1
Giannis Antetokounmpo,0.599,0.178,0.617,0.603,0.617,30.2,6.0,34.5,2.3,9.7,12.0,7.6,29.7,0.8,1.3,1.2,3.4,2.3,3.3,11.7,35.5,8.6,0.222,5.1
Goga Bitadze,0.624,0.13,0.667,0.629,0.643,7.5,2.0,14.6,2.4,4.5,6.9,12.2,25.7,0.7,1.5,1.6,6.9,2.8,1.1,16.1,14.3,2.5,0.19,1.4
Gradey Dick,0.41,0.35,0.47,0.498,0.543,14.4,1.8,9.0,0.8,2.8,3.6,3.0,10.3,0.9,0.2,1.5,0.6,-1.5,1.5,10.4,21.1,-3.3,0.038,-0.5
Grant Williams,0.439,0.365,0.551,0.549,0.596,10.4,2.3,11.3,1.1,4.0,5.1,3.9,14.7,1.1,0.8,1.8,2.7,0.6,1.8,16.7,14.8,-1.6,0.074,0.0
Grayson Allen,0.45,0.434,0.495,0.611,0.64,10.7,2.2,12.3,0.5,2.6,3.1,2.6,11.0,0.9,0.4,1.8,1.3,-0.8,1.1,11.4,16.8,0.2,0.095,0.7
Guerschon Yabusele,0.497,0.391,0.599,0.593,0.616,10.5,2.0,11.0,1.9,3.7,5.6,7.6,16.6,0.8,0.4,1.5,1.3,-1.0,1.3,13.1,16.0,-1.2,0.098,0.3
Gui Santos,0.483,0.37,0.629,0.587,0.608,4.4,1.4,13.6,1.2,2.0,3.2,9.0,16.0,0.4,0.2,1.4,1.4,0.4,0.8,18.6,13.4,-1.7,0.112,0.1
Harrison Barnes,0.507,0.432,0.584,0.616,0.648,11.8,1.7,8.5,1.4,2.5,3.9,5.3,9.8,0.4,0.2,0.6,0.6,-1.9,0.6,6.0,15.1,-0.5,0.113,0.7
Haywood Highsmith,0.466,0.388,0.575,0.579,0.592,6.3,1.4,8.0,0.8,2.3,3.1,3.8,10.4,0.9,0.6,1.9,2.2,0.9,0.7,12.1,11.2,-2.1,0.082,0.0
Herbert Jones,0.436,0.306,0.53,0.5,0.541,10.3,3.3,13.8,1.1,2.8,3.9,3.5,9.6,1.9,0.5,2.8,1.3,0.2,1.8,15.6,14.6,-3.7,0.034,-0.3
Hunter Tyson,0.386,0.316,0.516,0.489,0.52,2.3,0.4,5.6,0.4,1.1,1.5,6.2,15.3,0.2,0.1,1.1,1.3,-1.5,0.3,11.7,14.0,-5.2,0.045,-0.3
Immanuel Quickley,0.424,0.37,0.48,0.518,0.575,17.2,5.5,29.5,0.4,3.2,3.6,1.5,12.3,0.6,0.1,1.0,0.4,-1.2,1.7,10.4,24.7,1.7,0.121,0.7
Isaac Okoro,0.44,0.372,0.538,0.549,0.564,5.5,1.4,8.8,0.9,1.4,2.2,5.2,7.6,0.6,0.4,1.5,1.7,0.7,0.5,8.8,12.1,-0.7,0.104,0.3
Isaiah Collier,0.412,0.235,0.486,0.446,0.478,7.8,6.2,34.6,0.4,2.8,3.3,1.9,12.1,0.8,0.2,1.6,0.7,-1.5,3.0,26.6,18.4,-5.8,-0.028,-1.5
Isaiah Hartenstein,0.578,0.0,0.601,0.578,0.596,11.4,3.9,18.4,2.9,8.2,11.1,11.3,30.3,0.8,1.0,1.3,3.6,2.4,1.7,15.5,16.9,2.9,0.202,1.7
Isaiah Jackson,0.609,,0.609,0.609,0.6,7.0,1.0,8.1,2.2,3.4,5.6,14.9,22.6,0.6,1.6,1.7,8.6,1.7,1.0,14.6,17.6,0.6,0.148,0.1
Isaiah Joe,0.426,0.396,0.535,0.582,0.593,9.5,1.5,9.3,0.5,2.1,2.6,2.7,10.3,0.6,0.1,1.5,0.7,0.0,0.5,5.4,17.2,0.9,0.14,0.9
Isaiah Stewart,0.552,0.295,0.602,0.576,0.608,5.9,1.7,11.0,1.9,3.7,5.6,10.8,20.3,0.4,1.4,0.9,6.8,2.1,0.9,16.2,12.3,0.4,0.147,0.7
Ivica Zubac,0.625,,0.625,0.625,0.634,16.4,2.6,12.5,3.8,8.8,12.6,13.1,30.1,0.7,1.2,1.1,3.6,0.6,1.7,11.4,19.4,2.5,0.202,2.5
Ja Morant,0.449,0.291,0.52,0.494,0.56,22.3,7.4,36.3,0.6,3.5,4.1,2.1,12.1,1.2,0.3,1.9,0.8,-0.6,3.7,15.8,31.6,2.1,0.115,1.4
Ja'Kobe Walter,0.405,0.312,0.482,0.476,0.508,7.8,1.3,8.9,1.0,1.9,2.9,5.2,10.4,0.7,0.2,1.7,0.9,-1.0,0.9,10.6,18.1,-4.1,0.028,-0.5
Jabari Smith Jr.,0.431,0.349,0.51,0.517,0.554,12.2,1.0,4.6,1.9,4.8,6.7,6.2,16.9,0.4,0.8,0.6,2.4,0.1,1.0,8.6,16.0,-1.0,0.114,0.4
Jabari Walker,0.506,0.383,0.569,0.571,0.591,4.7,0.6,7.6,1.0,2.5,3.5,8.7,23.8,0.6,0.1,2.3,0.9,0.5,0.5,10.8,15.8,-0.6,0.129,0.2
Jaden Hardy,0.428,0.384,0.469,0.521,0.54,8.0,1.4,13.5,0.2,1.4,1.5,1.3,9.6,0.5,0.1,1.5,0.6,-1.8,1.4,15.8,24.8,-5.0,-0.022,-0.5
Jaden Ivey,0.46,0.409,0.49,0.536,0.569,17.6,4.0,19.7,1.3,2.8,4.1,5.0,10.2,0.9,0.4,1.5,1.2,-0.8,3.0,16.1,26.0,-0.1,0.067,0.4
Jaden McDaniels,0.482,0.338,0.569,0.546,0.571,12.7,2.1,9.3,1.7,4.4,6.1,5.7,14.8,1.5,0.9,2.2,2.5,1.5,1.1,9.3,16.4,0.5,0.125,1.4
Jaden Springer,0.396,0.321,0.48,0.481,0.54,2.2,0.7,13.1,0.2,0.8,1.0,3.4,12.1,0.5,0.1,3.7,1.3,3.0,0.3,13.0,14.7,-1.1,0.104,0.0
Jae Crowder,0.353,0.25,0.6,0.441,0.509,2.9,0.6,5.3,0.9,1.6,2.4,7.2,13.4,0.4,0.0,1.6,0.0,-0.4,0.6,16.9,11.0,-4.4,0.037,-0.1
Jae'Sean Tate,0.459,0.316,0.515,0.504,0.539,3.6,0.9,10.0,1.0,1.3,2.3,9.2,12.7,0.5,0.1,2.2,1.0,1.4,0.4,10.9,13.5,-1.1,0.131,0.1
Jahlil Okafor,,,,,,0.0,1.0,37.0,0.0,1.0,1.0,0.0,37.2,0.0,0.0,0.0,0.0,4.9,0.0,,0.0,7.5,0.192,0.0
Jaime Jaquez Jr.,0.445,0.298,0.497,0.484,0.532,8.7,2.6,17.6,1.2,3.3,4.6,6.3,16.7,1.0,0.2,2.2,0.9,0.5,1.5,15.5,19.8,-1.5,0.067,0.1
Jake LaRavia,0.471,0.42,0.508,0.559,0.586,6.8,2.5,14.8,1.4,2.6,4.0,7.5,13.3,0.9,0.4,2.1,1.6,1.0,1.3,18.7,14.3,0.2,0.104,0.7
Jakob Poeltl,0.616,0.333,0.618,0.617,0.632,14.2,2.8,14.8,3.3,6.3,9.6,12.0,23.1,1.2,1.2,2.0,3.8,1.2,1.9,14.6,18.5,1.8,0.151,1.5
Jalen Brunson,0.49,0.384,0.541,0.552,0.606,26.3,7.4,32.6,0.4,2.6,3.0,1.3,8.1,1.0,0.1,1.3,0.3,-1.4,2.5,10.4,29.6,3.3,0.181,2.9
Jalen Duren,0.696,,0.696,0.696,0.708,11.4,2.6,14.1,3.4,6.8,10.3,14.7,28.9,0.7,1.2,1.3,4.3,1.7,1.8,18.1,16.0,2.9,0.217,2.1
Jalen Green,0.425,0.357,0.485,0.509,0.547,21.4,3.4,15.9,0.6,4.0,4.6,1.7,13.1,0.9,0.3,1.3,0.9,-0.5,2.6,11.6,27.1,0.8,0.097,1.6
Jalen Hood-Schifino,0.483,0.412,0.583,0.603,0.632,8.0,1.2,10.3,0.4,1.6,2.0,2.6,10.9,0.4,0.4,1.1,2.2,-1.1,0.4,5.9,16.7,-1.3,0.118,0.0
Jalen Johnson,0.5,0.312,0.566,0.541,0.569,18.9,5.0,20.8,1.7,8.3,10.0,5.1,25.9,1.6,1.0,2.0,2.6,1.3,2.9,15.1,22.4,1.7,0.089,1.2
Jalen McDaniels,,,,,,0.0,0.3,17.4,0.0,0.0,0.0,0.0,0.0,0.3,0.0,6.8,0.0,5.9,0.0,,0.0,5.4,0.115,0.0
Jalen Pickett,0.423,0.377,0.48,0.527,0.532,3.3,1.8,19.2,0.2,0.9,1.1,1.7,8.9,0.3,0.1,1.3,0.7,-0.9,0.5,13.2,13.7,-2.6,0.059,-0.1
Jalen Smith,0.463,0.332,0.633,0.556,0.59,8.2,1.0,9.1,1.4,4.2,5.6,9.6,28.5,0.3,0.7,0.8,4.1,-0.7,0.6,7.9,20.8,0.5,0.141,0.6
Jalen Suggs,0.41,0.314,0.506,0.489,0.536,16.2,3.7,21.9,0.7,3.4,4.0,2.5,14.4,1.5,0.9,2.5,3.2,1.1,2.9,16.2,27.5,0.3,0.049,0.6
Jalen Williams,0.478,0.362,0.528,0.532,0.568,21.3,5.3,24.0,0.9,4.6,5.5,2.8,14.8,1.7,0.7,2.4,2.2,1.5,2.2,10.5,27.3,4.0,0.167,3.0
Jalen Wilson,0.396,0.321,0.495,0.487,0.534,9.1,1.8,10.6,1.0,2.2,3.2,4.2,10.4,0.5,0.0,1.0,0.2,-1.4,1.1,11.1,16.3,-4.4,0.038,-1.1
Jamal Murray,0.474,0.397,0.518,0.546,0.587,21.5,6.1,23.0,0.7,3.1,3.8,2.1,9.0,1.4,0.5,1.9,1.2,-1.0,2.1,10.2,23.7,0.8,0.128,1.6
Jamal Shead,0.415,0.335,0.478,0.489,0.507,6.3,3.8,28.6,0.3,1.0,1.3,2.0,5.9,0.6,0.1,1.6,0.8,-1.2,1.5,19.5,17.6,-4.6,0.014,-0.7
James Harden,0.396,0.343,0.455,0.486,0.57,22.5,8.7,37.2,0.7,5.2,5.9,2.2,16.5,1.5,0.6,2.1,1.8,0.5,4.4,18.4,29.9,3.5,0.126,3.2
James Johnson,0.364,0.0,0.5,0.364,0.35,0.7,0.3,13.6,0.0,0.5,0.5,0.0,18.1,0.0,0.2,0.0,4.9,-0.4,0.3,25.9,18.1,-10.0,-0.168,-0.1
James Wiseman,0.5,0.0,0.667,0.5,0.615,6.0,0.0,0.0,0.0,1.0,1.0,0.0,22.3,0.0,0.0,0.0,0.0,-4.7,0.0,0.0,42.2,1.4,0.235,0.0
Jamison Battle,0.437,0.407,0.526,0.59,0.6,6.1,0.8,7.6,0.6,1.6,2.2,4.4,12.1,0.1,0.2,0.4,1.1,-1.6,0.3,6.4,15.6,-1.4,0.083,0.1
Jarace Walker,0.454,0.365,0.545,0.546,0.562,5.6,1.4,11.3,0.4,2.6,2.9,2.7,18.3,0.8,0.4,2.5,2.0,0.9,1.1,17.9,16.7,-1.8,0.041,0.1
Jared Butler,0.462,0.33,0.526,0.516,0.557,7.7,3.2,35.8,0.4,1.3,1.7,2.9,10.1,0.5,0.2,1.5,1.4,-1.4,1.1,13.8,23.8,-0.4,0.078,0.3
Jared McCain,0.46,0.383,0.532,0.553,0.589,15.3,2.6,16.7,0.6,1.9,2.4,2.4,8.7,0.7,0.0,1.3,0.0,-1.6,1.6,11.0,24.8,0.3,0.061,0.4
Jaren Jackson Jr.,0.5,0.365,0.561,0.557,0.6,22.5,2.1,10.8,1.3,4.5,5.8,4.7,15.8,1.3,1.6,2.0,5.0,1.0,2.1,10.3,28.4,3.1,0.157,2.3
Jarred Vanderbilt,0.5,0.333,0.592,0.559,0.557,4.2,1.3,10.6,1.7,3.5,5.2,11.9,22.4,1.0,0.3,2.9,1.4,1.9,0.7,14.8,11.4,0.2,0.136,0.2
Jarrett Allen,0.701,0.0,0.705,0.701,0.723,13.6,1.9,9.2,2.7,7.5,10.2,10.5,27.7,1.0,1.0,1.6,3.0,1.3,1.1,10.9,15.6,4.4,0.248,3.2
Javonte Green,0.451,0.361,0.54,0.541,0.575,5.7,0.9,5.7,0.9,2.5,3.4,4.7,13.6,1.0,0.5,2.4,2.5,0.3,0.5,9.5,11.3,-2.0,0.07,0.0
Jaxson Hayes,0.716,0.0,0.725,0.716,0.731,6.8,1.1,8.2,1.4,3.3,4.7,8.4,18.4,0.6,1.0,1.5,4.9,1.8,0.8,14.5,12.2,0.4,0.176,0.5
Jay Huff,0.512,0.413,0.714,0.65,0.668,6.9,0.6,7.1,0.4,1.6,2.1,4.1,14.2,0.2,0.9,0.9,6.6,1.0,0.5,9.5,19.3,3.6,0.164,0.9
Jaylen Brown,0.459,0.316,0.525,0.509,0.548,22.8,4.7,21.7,1.4,4.6,6.1,4.4,14.3,1.3,0.3,1.8,0.9,-0.5,2.6,11.3,29.1,-0.2,0.11,0.9
Jaylen Nowell,0.356,0.296,0.391,0.411,0.43,8.4,2.3,15.5,0.8,1.8,2.5,3.7,9.3,0.1,0.5,0.3,2.3,-2.6,1.0,9.3,21.5,-5.8,-0.067,-0.2
Jaylen Wells,0.432,0.36,0.529,0.535,0.565,10.8,1.7,8.2,1.1,2.2,3.3,4.5,8.8,0.6,0.1,1.0,0.4,-1.1,0.9,9.0,16.1,-2.2,0.085,-0.1
Jaylin Williams,0.399,0.341,0.54,0.52,0.535,5.1,2.3,17.4,1.1,4.3,5.3,7.0,27.7,0.4,0.7,1.2,4.1,2.5,0.7,12.1,14.2,2.9,0.168,0.8
Jaylon Tyson,0.443,0.333,0.516,0.509,0.54,3.0,0.9,12.8,0.7,1.2,1.9,9.4,13.9,0.2,0.0,1.2,0.5,-0.5,0.5,14.2,15.3,-2.7,0.103,-0.1
Jayson Tatum,0.454,0.352,0.557,0.543,0.588,27.1,5.9,26.5,0.7,8.1,8.7,2.0,24.0,1.1,0.5,1.5,1.3,0.7,3.0,11.3,31.1,5.4,0.174,4.3
Jeff Green,0.505,0.345,0.757,0.611,0.636,5.0,0.5,5.6,0.3,1.4,1.8,2.9,12.6,0.2,0.2,0.8,1.1,0.4,0.3,7.2,14.3,-0.1,0.144,0.2
Jerami Grant,0.373,0.365,0.381,0.467,0.523,14.4,2.1,9.5,0.6,2.9,3.5,1.8,9.9,0.9,1.0,1.3,2.8,-0.4,1.4,9.1,19.5,-1.7,0.052,0.1
Jeremiah Robinson-Earl,0.458,0.336,0.564,0.536,0.566,5.7,1.2,9.2,1.5,2.9,4.4,9.1,18.4,0.6,0.1,1.6,0.7,-1.4,0.6,11.0,13.8,-2.4,0.076,-0.1
Jeremy Sochan,0.555,0.342,0.606,0.588,0.607,11.5,2.4,14.2,2.4,4.3,6.7,10.1,18.1,0.8,0.5,1.6,1.8,-0.3,1.6,14.4,18.7,-0.5,0.106,0.4
Jericho Sims,0.634,,0.634,0.634,0.639,1.8,0.6,6.4,1.3,2.4,3.7,12.9,21.8,0.2,0.4,0.8,2.8,0.0,0.6,30.1,7.5,-3.1,0.097,-0.2
Jett Howard,0.357,0.295,0.516,0.463,0.477,4.1,0.7,10.2,0.4,0.8,1.2,3.5,8.9,0.2,0.2,1.0,1.6,-0.9,0.5,10.2,18.8,-4.5,0.015,-0.4
Jevon Carter,0.402,0.357,0.519,0.531,0.547,3.7,1.0,19.0,0.1,0.9,0.9,0.9,11.8,0.3,0.1,1.8,0.8,-1.1,0.3,8.2,20.2,-1.2,0.072,0.0
Jimmy Butler,0.501,0.296,0.539,0.524,0.616,17.1,5.3,26.1,2.3,3.2,5.5,7.9,11.3,1.1,0.3,1.8,1.0,0.5,1.4,9.0,21.2,4.1,0.221,2.0
Jock Landale,0.483,0.412,0.495,0.513,0.544,4.0,0.8,10.1,1.3,1.8,3.1,12.5,18.4,0.2,0.3,0.9,2.1,0.4,0.4,10.9,15.8,-0.4,0.139,0.2
Joe Ingles,0.3,0.231,0.429,0.375,0.375,0.8,1.2,26.0,0.1,0.5,0.6,2.1,9.1,0.1,0.0,0.9,0.0,0.2,0.4,28.6,11.2,-5.3,-0.004,-0.1
Joel Embiid,0.444,0.299,0.492,0.481,0.58,23.8,4.5,25.7,1.9,6.3,8.2,6.9,24.8,0.7,0.9,1.2,3.1,-0.2,3.3,13.7,34.4,3.5,0.124,0.8
John Collins,0.527,0.399,0.577,0.583,0.628,19.0,2.0,10.8,2.2,6.0,8.2,8.0,20.8,1.0,1.0,1.5,3.1,-0.3,2.6,14.6,24.1,1.1,0.107,1.0
John Konchar,0.44,0.346,0.652,0.56,0.579,2.5,0.9,8.5,0.8,2.5,3.4,7.4,21.5,0.5,0.4,1.7,2.6,1.6,0.4,15.1,8.2,0.6,0.12,0.3
Johnny Davis,0.41,0.241,0.51,0.455,0.473,2.4,0.3,6.6,0.3,0.8,1.1,4.3,12.1,0.4,0.2,2.9,2.2,0.7,0.2,7.6,15.8,-2.8,0.013,0.0
Johnny Furphy,0.365,0.306,0.444,0.452,0.493,1.6,0.2,4.5,0.4,0.8,1.2,7.1,12.7,0.3,0.2,2.5,2.7,0.4,0.2,11.8,12.0,-3.0,0.05,-0.1
Johnny Juzang,0.421,0.365,0.541,0.545,0.567,8.1,0.9,7.3,0.6,2.2,2.8,3.6,12.7,0.5,0.1,1.3,0.7,-1.3,0.5,6.7,17.2,-2.6,0.064,-0.1
Jonas Valančiūnas,0.546,0.25,0.564,0.553,0.598,11.0,2.2,18.3,2.5,5.7,8.2,13.4,30.3,0.5,0.7,1.2,3.1,-0.1,1.6,15.1,22.8,0.8,0.132,0.9
Jonathan Isaac,0.415,0.27,0.555,0.481,0.515,5.6,0.5,4.8,1.7,2.9,4.6,11.7,22.2,0.9,1.1,2.7,6.8,1.6,0.4,7.4,16.2,0.6,0.144,0.6
Jonathan Kuminga,0.455,0.331,0.499,0.498,0.536,16.3,2.3,14.2,1.3,3.4,4.8,5.4,14.7,0.9,0.5,1.6,1.9,-0.1,1.6,9.3,27.5,-0.1,0.082,0.4
Jonathan Mogbo,0.442,0.298,0.478,0.472,0.507,5.3,1.6,12.2,1.6,2.6,4.2,9.3,15.7,0.8,0.5,2.0,2.7,0.8,0.9,14.5,14.1,-1.9,0.069,0.0
Jordan Clarkson,0.41,0.367,0.448,0.496,0.542,16.5,3.8,22.9,0.7,2.5,3.2,3.0,10.1,0.9,0.2,1.6,0.8,-2.0,2.2,12.7,27.5,-1.0,0.041,0.2
Jordan Hawkins,0.371,0.332,0.425,0.468,0.5,10.6,1.1,7.1,0.5,2.2,2.6,2.0,10.4,0.6,0.4,1.2,1.8,-2.9,1.0,8.5,20.8,-5.3,-0.019,-1.0
Jordan McLaughlin,0.42,0.433,0.4,0.55,0.591,1.9,0.9,20.4,0.1,0.5,0.6,2.0,9.8,0.3,0.0,2.7,0.0,0.3,0.3,17.1,13.9,-1.6,0.096,0.0
Jordan Poole,0.424,0.377,0.49,0.534,0.582,20.8,4.6,25.3,0.5,2.7,3.2,1.7,9.3,1.4,0.5,2.2,1.3,-1.4,3.2,15.1,28.7,0.2,0.043,0.9
Jordan Walsh,0.369,0.295,0.524,0.469,0.484,1.6,0.4,5.8,0.4,0.8,1.3,6.0,11.3,0.2,0.2,1.4,2.4,0.6,0.3,13.5,10.3,-3.3,0.061,-0.1
Jose Alvarado,0.399,0.374,0.441,0.516,0.537,9.6,4.6,27.3,0.4,1.9,2.3,1.9,8.7,1.4,0.2,2.7,1.0,-0.3,1.1,11.2,17.8,-0.5,0.075,0.4
Josh Giddey,0.462,0.376,0.511,0.53,0.566,13.8,6.7,31.6,1.7,6.0,7.7,6.1,20.7,1.1,0.6,1.7,1.9,0.8,2.8,18.4,21.0,2.2,0.106,1.9
Josh Green,0.421,0.383,0.475,0.534,0.549,7.3,1.6,8.0,0.9,1.8,2.7,3.2,6.9,1.1,0.2,2.0,0.8,0.2,1.0,12.7,11.3,-4.3,0.042,-1.0
Josh Hart,0.534,0.335,0.63,0.588,0.622,14.2,5.7,20.0,2.1,7.6,9.8,6.6,22.7,1.5,0.4,1.9,0.9,1.5,2.1,15.5,15.5,3.0,0.158,3.0
Josh Minott,0.449,0.257,0.605,0.506,0.538,2.3,0.4,8.7,0.3,0.8,1.1,4.5,14.2,0.4,0.3,2.8,4.5,2.9,0.3,10.7,16.5,0.1,0.104,0.1
Josh Okogie,0.473,0.385,0.529,0.548,0.581,6.9,0.8,7.2,1.3,1.7,3.0,9.3,11.8,1.3,0.5,3.9,2.9,1.8,0.8,11.7,18.7,1.9,0.108,0.5
Josh Richardson,0.289,0.273,0.313,0.368,0.402,4.0,1.5,10.8,0.8,0.8,1.5,4.4,4.4,1.0,0.1,2.7,0.6,0.5,1.0,16.8,14.2,-6.9,-0.027,-0.2
Jrue Holiday,0.442,0.337,0.57,0.534,0.56,11.0,3.8,17.2,1.2,3.1,4.3,4.3,11.1,1.1,0.5,1.7,1.5,0.8,1.4,12.2,16.0,0.4,0.118,1.0
Julian Champagnie,0.415,0.361,0.559,0.546,0.572,9.6,1.3,7.9,0.8,3.0,3.8,3.7,13.7,0.8,0.4,1.6,1.7,-0.9,0.9,9.5,16.9,-1.4,0.059,0.2
Julian Phillips,0.443,0.333,0.568,0.532,0.571,4.6,0.5,4.5,0.9,1.2,2.1,6.9,8.6,0.5,0.3,1.6,1.7,-0.6,0.4,8.2,13.2,-3.1,0.078,-0.3
Julian Strawther,0.434,0.357,0.531,0.534,0.563,9.4,1.3,7.6,0.3,1.9,2.2,1.4,9.0,0.6,0.2,1.3,1.0,-1.5,0.9,10.1,17.7,-4.6,0.044,-0.9
Julius Randle,0.474,0.325,0.546,0.527,0.584,18.7,4.7,22.6,2.2,4.9,7.1,7.5,16.6,0.7,0.2,1.0,0.6,-0.4,2.8,15.0,25.3,1.0,0.129,1.4
Justin Edwards,0.45,0.348,0.575,0.546,0.557,8.6,1.4,8.5,1.0,2.1,3.1,4.5,10.0,0.9,0.3,1.7,1.3,-1.6,0.9,10.2,15.3,-3.8,0.045,-0.4
Jusuf Nurkić,0.467,0.272,0.566,0.513,0.553,8.2,2.1,14.3,1.8,6.5,8.3,9.3,32.9,0.9,0.7,2.1,3.0,0.9,2.0,21.0,19.4,-2.2,0.066,0.0
KJ Martin,0.578,0.318,0.672,0.62,0.646,6.5,1.0,6.5,0.8,2.3,3.1,4.0,12.2,0.4,0.6,1.0,2.8,0.0,0.6,10.6,11.3,-2.9,0.083,-0.2
Karl-Anthony Towns,0.526,0.428,0.567,0.589,0.634,24.3,3.1,13.7,3.1,10.0,13.0,10.2,32.1,1.0,0.8,1.4,2.0,0.1,2.6,11.9,26.9,3.9,0.204,3.1
Karlo Matković,0.556,0.333,0.638,0.601,0.627,6.4,0.9,7.2,1.6,3.2,4.8,9.5,19.8,0.5,1.0,1.3,5.4,-0.3,1.0,16.9,14.3,-3.1,0.082,-0.2
Kawhi Leonard,0.476,0.391,0.516,0.538,0.562,19.6,2.9,16.3,1.0,4.3,5.3,3.8,15.9,1.5,0.5,2.5,1.5,0.0,2.1,10.7,28.2,1.1,0.099,0.6
Keegan Murray,0.44,0.333,0.564,0.53,0.546,12.3,1.4,5.5,2.0,4.8,6.8,6.5,15.4,0.8,0.8,1.1,2.4,-1.0,0.8,6.8,15.0,-2.1,0.078,-0.1
Kel'el Ware,0.546,0.319,0.631,0.59,0.603,8.6,0.9,6.9,1.6,4.9,6.5,8.6,26.1,0.6,1.0,1.5,4.9,0.6,0.9,11.2,17.4,-0.3,0.128,0.4
Keldon Johnson,0.486,0.332,0.573,0.546,0.58,12.6,1.5,9.6,1.4,3.2,4.5,6.2,14.3,0.6,0.2,1.3,0.9,-1.7,1.0,8.2,21.3,-1.6,0.085,0.1
Kelly Olynyk,0.493,0.409,0.532,0.559,0.603,8.2,2.8,20.9,1.3,3.4,4.7,7.1,19.6,0.7,0.4,1.7,2.0,0.5,1.5,18.5,18.4,-0.5,0.098,0.3
Kelly Oubre Jr.,0.47,0.293,0.555,0.518,0.551,15.1,1.8,8.0,1.6,4.5,6.1,5.1,15.6,1.5,0.5,2.2,1.4,-0.6,1.3,8.9,19.0,-2.2,0.066,-0.1
Kenrich Williams,0.48,0.367,0.597,0.573,0.588,5.6,1.2,10.6,0.9,2.4,3.3,6.8,16.6,0.6,0.1,1.9,0.8,1.0,0.5,10.2,15.0,0.6,0.153,0.5
Kentavious Caldwell-Pope,0.428,0.319,0.585,0.522,0.556,8.7,1.8,8.5,0.4,1.7,2.1,1.3,7.0,1.3,0.5,2.2,1.5,1.4,0.8,9.6,12.5,-2.2,0.083,-0.1
Keon Ellis,0.484,0.43,0.6,0.631,0.656,8.2,1.4,7.7,0.7,1.7,2.5,3.6,8.4,1.4,0.8,3.0,3.3,1.8,0.8,11.5,13.2,1.9,0.125,1.5
Keon Johnson,0.379,0.307,0.453,0.457,0.486,10.2,2.0,13.4,0.9,2.9,3.7,4.0,14.4,1.0,0.4,2.2,1.7,-0.2,1.3,11.0,21.6,-3.5,0.013,-0.6
Keshad Johnson,0.583,0.25,0.75,0.625,0.546,1.6,0.3,7.6,0.2,1.5,1.7,3.9,28.7,0.1,0.4,0.9,6.8,0.8,0.3,17.0,13.8,-3.4,0.05,0.0
Kevin Durant,0.526,0.416,0.58,0.595,0.638,26.4,4.2,19.4,0.4,5.7,6.1,1.2,16.5,0.8,1.3,1.1,3.2,-0.6,3.1,13.1,28.5,2.8,0.11,2.5
Kevin Huerter,0.402,0.319,0.568,0.509,0.521,8.8,1.9,11.1,0.5,2.5,3.0,2.3,12.2,0.9,0.3,2.0,1.4,-0.1,0.9,10.0,17.7,-2.5,0.038,-0.2
Kevin Love,0.357,0.358,0.354,0.461,0.488,5.5,1.0,13.8,1.0,3.3,4.3,9.9,32.0,0.7,0.2,3.0,1.6,0.6,0.6,10.1,25.2,0.4,0.078,0.2
Kevin Porter Jr.,0.437,0.293,0.489,0.476,0.51,9.4,3.1,25.5,0.5,2.9,3.5,3.2,17.1,1.0,0.2,2.6,1.1,1.0,1.8,16.5,25.7,-1.3,0.043,0.2
Kevon Looney,0.514,0.0,0.52,0.514,0.529,4.8,1.6,14.8,2.6,3.8,6.4,17.8,26.9,0.7,0.5,2.0,3.0,1.1,0.6,11.4,14.0,0.1,0.179,0.5
Keyonte George,0.395,0.343,0.462,0.491,0.542,16.8,5.8,28.0,0.4,3.4,3.8,1.4,11.5,0.7,0.2,1.1,0.5,-2.2,2.8,15.4,24.4,-2.1,0.036,0.0
Khris Middleton,0.49,0.358,0.578,0.561,0.602,12.2,4.2,27.6,0.4,3.5,3.9,1.6,15.8,0.9,0.2,1.9,0.9,0.5,1.6,13.4,21.7,1.2,0.131,0.6
Klay Thompson,0.415,0.398,0.443,0.539,0.556,14.4,2.1,11.3,0.7,2.9,3.6,2.7,11.2,0.8,0.5,1.3,1.4,-1.5,1.3,9.3,22.1,-0.5,0.051,0.6
Kobe Brown,0.476,0.19,0.619,0.508,0.521,2.1,0.6,12.2,0.6,1.2,1.8,9.0,18.7,0.2,0.1,1.3,1.3,0.3,0.3,10.9,14.0,-1.7,0.104,0.0
Kobe Bufkin,0.383,0.211,0.5,0.426,0.483,5.3,1.7,18.4,0.5,1.6,2.1,4.3,14.5,0.3,0.2,1.1,1.5,-0.6,0.8,12.7,20.8,-4.1,0.018,-0.1
Kris Dunn,0.425,0.299,0.551,0.5,0.504,6.0,3.0,16.8,0.8,2.7,3.5,3.8,12.4,1.8,0.4,3.7,1.6,3.5,1.0,14.8,12.7,0.4,0.098,0.9
Kris Murray,0.442,0.247,0.578,0.493,0.491,4.1,0.9,8.6,1.1,1.4,2.5,7.9,11.0,0.5,0.2,1.9,1.4,0.0,0.6,11.9,13.9,-2.5,0.041,-0.1
Kristaps Porziņģis,0.483,0.391,0.553,0.568,0.614,19.3,1.9,10.4,1.5,5.3,6.8,5.7,19.9,0.8,1.6,1.4,5.1,1.2,1.2,7.3,25.5,4.4,0.202,1.6
Kyle Anderson,0.451,0.367,0.482,0.5,0.526,5.2,2.2,20.9,0.8,2.3,3.1,6.0,16.7,0.6,0.5,2.0,3.0,2.2,0.6,10.3,15.6,1.7,0.129,0.7
Kyle Filipowski,0.514,0.383,0.605,0.592,0.608,8.5,2.0,14.9,1.4,4.1,5.4,7.7,22.0,0.6,0.2,1.5,0.8,-0.1,1.3,15.5,17.6,-0.5,0.091,0.4
Kyle Kuzma,0.421,0.29,0.497,0.474,0.497,14.6,2.3,11.9,0.8,5.3,6.0,2.7,18.4,0.6,0.2,0.9,0.7,-1.9,2.3,13.3,24.2,-5.3,-0.04,-1.3
Kyle Lowry,0.351,0.337,0.393,0.477,0.53,4.0,2.8,19.7,0.3,1.6,2.0,1.9,10.4,0.9,0.3,2.5,1.6,1.4,0.6,13.7,10.2,-1.2,0.077,0.1
Kyrie Irving,0.473,0.401,0.517,0.549,0.594,24.7,4.6,20.5,1.2,3.6,4.8,3.7,10.6,1.3,0.5,1.8,1.1,-0.5,2.2,9.7,27.3,3.4,0.128,2.5
Kyshawn George,0.369,0.324,0.455,0.476,0.503,8.7,2.4,12.5,0.7,3.5,4.2,2.8,13.4,1.0,0.8,1.7,2.6,-0.3,1.5,14.6,15.5,-4.3,0.003,-1.0
LaMelo Ball,0.402,0.335,0.477,0.491,0.534,25.4,7.2,42.6,1.0,4.1,5.1,3.2,13.9,1.2,0.3,1.8,0.9,-1.0,3.5,13.0,35.9,3.1,0.069,1.8
Landry Shamet,0.467,0.368,0.596,0.571,0.573,4.1,0.5,5.0,0.2,0.9,1.0,1.6,7.6,0.5,0.1,2.0,0.4,0.4,0.4,10.1,13.5,-2.8,0.05,-0.1
Larry Nance Jr.,0.516,0.447,0.582,0.626,0.632,8.5,1.6,11.4,1.0,3.3,4.3,5.3,19.4,0.8,0.5,2.0,2.6,0.6,0.7,9.1,15.6,1.6,0.13,0.4
Lauri Markkanen,0.423,0.346,0.525,0.521,0.571,19.0,1.5,7.5,1.5,4.4,5.9,5.3,14.9,0.7,0.4,1.1,1.1,-2.0,1.4,7.8,23.9,-0.2,0.079,0.7
LeBron James,0.517,0.384,0.58,0.579,0.608,25.0,8.5,42.4,1.0,7.2,8.2,3.4,22.5,0.9,0.6,1.3,1.6,1.0,3.9,15.9,30.8,6.3,0.157,4.2
Leonard Miller,0.357,0.0,0.556,0.357,0.514,1.8,0.0,0.0,0.3,0.8,1.1,12.4,32.3,0.2,0.1,3.6,3.4,-0.3,0.2,10.2,31.3,-4.4,0.135,0.0
Lindy Waters III,0.371,0.333,0.475,0.493,0.5,4.9,1.0,9.1,0.4,1.8,2.2,2.6,13.0,0.5,0.2,1.7,1.4,0.4,0.4,8.1,14.9,-3.0,0.056,-0.2
Lonzo Ball,0.366,0.344,0.458,0.504,0.524,7.6,3.3,19.2,0.7,2.7,3.4,3.4,12.4,1.3,0.5,2.8,1.9,1.6,1.2,13.9,15.9,-0.1,0.072,0.4
Luguentz Dort,0.424,0.396,0.488,0.561,0.572,9.9,1.6,6.9,1.4,2.8,4.2,5.1,10.2,1.1,0.6,1.8,2.0,0.7,0.7,7.6,13.6,-0.2,0.126,0.8
Luka Dončić,0.439,0.346,0.52,0.52,0.569,27.4,7.9,37.1,0.9,7.6,8.5,2.8,23.4,2.0,0.4,2.7,1.1,1.5,3.7,13.4,34.1,6.3,0.142,2.7
Luka Garza,0.459,0.257,0.571,0.505,0.537,3.6,0.3,8.0,0.9,0.6,1.5,17.1,10.8,0.2,0.1,1.5,1.4,-2.4,0.3,9.0,26.3,-3.9,0.116,-0.1
Luke Kennard,0.482,0.446,0.537,0.617,0.639,9.5,3.4,19.3,0.6,2.2,2.8,2.9,10.1,0.7,0.1,1.5,0.4,0.0,1.1,13.3,15.2,1.7,0.139,1.1
Luke Kornet,0.667,0.0,0.673,0.667,0.686,5.2,1.6,11.9,2.4,2.6,5.0,14.3,15.9,0.5,1.0,1.4,4.9,1.9,0.4,10.4,10.4,3.0,0.234,1.4
Malaki Branham,0.438,0.407,0.468,0.537,0.566,3.9,0.7,12.4,0.1,0.9,1.0,1.0,12.0,0.2,0.1,1.2,0.6,-1.9,0.8,18.2,21.9,-4.5,-0.023,-0.2
Malcolm Brogdon,0.433,0.286,0.478,0.467,0.544,12.7,4.1,27.2,0.9,2.9,3.8,3.9,13.0,0.5,0.2,1.1,0.8,-1.5,1.6,11.9,23.6,-1.6,0.065,0.1
Malevy Leons,0.0,0.0,0.0,0.0,0.266,0.3,0.2,5.2,0.2,0.3,0.5,5.2,10.0,0.0,0.0,0.0,0.0,-2.0,0.2,21.0,9.6,-12.4,-0.052,-0.1
Malik Beasley,0.439,0.418,0.494,0.589,0.597,16.2,1.7,9.2,0.6,2.2,2.7,2.3,8.6,1.0,0.1,1.7,0.2,-0.9,1.1,7.6,22.6,1.1,0.107,1.5
Malik Monk,0.44,0.318,0.543,0.513,0.549,17.7,5.9,26.0,0.4,3.4,3.8,1.5,11.6,1.0,0.7,1.5,2.0,-0.9,2.4,12.9,24.3,-0.4,0.074,0.7
MarJon Beauchamp,0.404,0.385,0.419,0.491,0.523,2.2,0.3,10.0,0.3,0.9,1.2,7.0,20.3,0.1,0.0,1.0,0.6,-2.1,0.5,19.0,23.9,-5.9,-0.014,-0.1
Marcus Sasser,0.462,0.367,0.571,0.56,0.582,5.7,2.2,22.9,0.3,0.8,1.1,2.6,6.8,0.6,0.1,2.2,0.6,0.3,0.8,14.7,18.2,-0.5,0.11,0.3
Marcus Smart,0.394,0.341,0.459,0.489,0.532,9.4,3.5,22.4,0.6,1.6,2.2,3.1,7.9,1.1,0.3,2.6,1.1,0.1,1.7,16.0,20.6,-1.4,0.064,0.1
Mark Williams,0.593,0.0,0.595,0.593,0.639,15.4,2.5,17.2,3.1,6.9,10.0,12.3,29.5,0.7,1.2,1.4,4.7,1.0,1.3,10.0,21.9,4.2,0.218,1.4
Markelle Fultz,0.387,0.25,0.407,0.403,0.413,2.4,0.8,15.0,0.2,0.5,0.6,2.7,6.9,0.5,0.1,3.0,1.2,-1.4,0.9,24.1,21.9,-10.1,-0.131,-0.2
Markieff Morris,0.255,0.269,0.238,0.33,0.349,2.8,1.0,16.8,0.2,1.1,1.3,2.4,14.4,0.1,0.1,0.5,0.9,-3.2,0.3,5.8,23.2,-10.0,-0.096,-0.2
Marvin Bagley III,0.519,0.214,0.582,0.537,0.565,4.4,0.3,5.6,1.3,1.5,2.7,14.7,17.2,0.3,0.3,1.6,3.0,-1.9,0.5,10.6,20.4,-1.6,0.091,0.0
Mason Plumlee,0.614,0.0,0.624,0.614,0.639,4.5,1.8,13.3,1.6,4.6,6.3,10.5,27.9,0.4,0.6,1.2,3.3,0.9,0.8,18.4,10.7,-0.6,0.141,0.4
Matas Buzelis,0.435,0.327,0.534,0.513,0.544,7.4,0.8,6.7,0.7,2.5,3.2,4.1,15.3,0.3,0.9,0.7,4.4,-0.7,0.8,10.4,18.5,-3.7,0.04,-0.5
Matisse Thybulle,0.444,0.2,0.75,0.5,0.5,4.5,1.5,15.4,0.5,2.5,3.0,3.8,19.8,3.5,1.0,12.2,6.5,14.6,0.0,0.0,13.4,15.8,0.263,0.1
Matt Ryan,0.323,0.316,0.333,0.419,0.439,1.5,0.2,5.9,0.0,0.4,0.4,0.0,13.2,0.1,0.0,1.5,0.0,-2.5,0.2,8.6,22.2,-7.5,-0.057,-0.1
Max Christie,0.43,0.375,0.495,0.532,0.574,9.5,1.9,9.6,0.5,2.6,3.1,2.1,10.5,0.8,0.4,1.4,1.5,-0.4,1.0,11.2,14.9,-2.4,0.069,-0.2
Max Strus,0.429,0.385,0.6,0.582,0.599,9.4,3.1,15.5,1.0,3.4,4.4,4.4,14.3,0.6,0.3,1.1,0.9,0.5,0.9,10.5,14.9,2.0,0.139,1.0
Maxi Kleber,0.385,0.265,0.511,0.453,0.489,3.0,1.3,8.3,0.7,2.1,2.8,4.3,11.7,0.3,0.5,0.7,2.3,0.4,0.7,17.9,8.6,-3.8,0.024,-0.3
Maxwell Lewis,0.484,0.538,0.444,0.597,0.596,2.4,0.4,8.3,0.3,0.8,1.1,4.1,14.3,0.3,0.1,1.8,0.9,-0.1,0.3,11.1,14.4,-2.0,0.068,0.0
Michael Porter Jr.,0.502,0.398,0.59,0.593,0.613,18.3,2.1,8.6,1.8,5.2,7.0,6.1,16.1,0.6,0.4,0.9,1.2,-1.9,1.3,7.8,20.2,-0.2,0.12,1.0
Mikal Bridges,0.499,0.355,0.599,0.572,0.583,17.7,3.5,13.0,0.9,2.3,3.2,2.7,6.9,0.9,0.6,1.2,1.4,-1.0,1.6,9.3,19.1,-0.7,0.086,0.9
Mike Conley,0.395,0.413,0.359,0.534,0.575,8.3,4.5,24.5,0.5,2.1,2.6,2.1,9.2,1.2,0.2,2.3,0.7,1.4,1.1,12.7,14.4,1.4,0.143,1.2
Miles Bridges,0.441,0.328,0.519,0.508,0.554,21.1,3.9,21.3,1.1,6.7,7.8,3.6,22.6,0.8,0.8,1.1,2.3,-0.3,2.1,10.0,27.7,2.6,0.097,2.0
Miles McBride,0.411,0.376,0.456,0.517,0.539,9.4,2.8,14.8,0.8,1.8,2.5,3.5,8.0,1.0,0.3,2.0,1.1,0.3,0.7,7.1,16.6,0.1,0.098,0.7
Mitchell Robinson,0.654,,0.654,0.654,0.674,4.8,0.5,4.0,2.8,2.1,4.9,19.8,14.8,1.1,0.8,3.4,4.3,1.5,0.6,15.1,11.2,2.1,0.199,0.1
Mo Bamba,0.464,0.278,0.638,0.531,0.557,4.3,0.6,6.0,1.0,3.5,4.5,8.6,30.5,0.3,1.0,1.1,7.5,1.8,0.6,13.9,15.1,-1.0,0.115,0.1
Monte Morris,0.415,0.338,0.475,0.489,0.532,5.0,1.6,17.6,0.2,1.2,1.4,2.2,9.7,0.4,0.1,1.7,0.5,-0.7,0.4,8.1,17.7,-2.2,0.062,0.0
Moritz Wagner,0.562,0.36,0.649,0.616,0.649,12.9,1.4,13.9,1.3,3.6,4.9,7.7,23.4,0.8,0.4,2.1,2.0,1.3,1.6,14.1,26.8,3.9,0.171,0.8
Moses Brown,0.694,,0.694,0.694,0.706,5.8,0.2,2.9,0.9,2.5,3.4,11.2,29.0,0.5,0.3,2.4,2.9,0.3,0.8,17.0,23.5,0.1,0.145,0.1
Moses Moody,0.444,0.388,0.527,0.559,0.591,10.0,1.2,8.3,0.7,1.8,2.5,3.3,9.4,0.7,0.4,1.5,1.7,-0.2,0.6,7.1,17.7,-0.4,0.112,0.5
Mouhamed Gueye,0.417,0.25,0.6,0.483,0.511,6.0,0.8,6.2,0.9,2.4,3.3,5.5,16.7,1.0,1.1,2.9,6.4,1.9,0.4,6.8,15.9,-0.2,0.088,0.2
Moussa Diabaté,0.582,0.0,0.59,0.582,0.594,5.2,0.9,7.1,2.8,3.5,6.4,16.4,21.6,0.7,0.6,1.8,3.4,-0.4,0.9,16.4,12.4,-2.1,0.123,0.0
Myles Turner,0.473,0.393,0.545,0.566,0.601,15.5,1.6,7.3,1.2,5.2,6.4,4.5,19.0,0.8,1.8,1.3,5.4,0.1,1.7,11.8,20.7,-0.2,0.09,0.8
Naji Marshall,0.495,0.277,0.605,0.541,0.578,12.7,2.9,15.8,1.1,3.6,4.7,4.6,14.3,1.1,0.1,2.0,0.5,-0.3,1.6,12.4,20.2,-0.6,0.089,0.5
Naz Reid,0.462,0.387,0.537,0.559,0.58,14.7,2.2,12.2,1.2,5.0,6.1,4.6,19.5,0.8,1.0,1.4,3.2,0.9,1.4,9.8,21.8,1.8,0.126,1.8
Neemias Queta,0.644,0.0,0.655,0.644,0.668,5.1,0.6,6.3,1.5,2.5,3.9,11.0,18.6,0.3,0.7,1.0,4.2,0.7,0.7,15.2,13.6,-1.5,0.165,0.1
Nic Claxton,0.548,0.063,0.565,0.549,0.554,10.1,2.3,13.4,2.2,5.3,7.5,8.9,23.1,0.9,1.5,1.7,5.4,1.5,1.2,11.5,16.5,0.2,0.106,0.9
Nick Richards,0.6,0.0,0.604,0.6,0.643,9.5,0.9,6.5,2.5,6.0,8.4,12.4,29.5,0.2,1.0,0.5,4.5,-0.9,1.4,15.9,17.4,-2.5,0.131,-0.1
Nick Smith Jr.,0.391,0.315,0.478,0.475,0.491,9.2,2.1,15.0,0.2,1.8,2.0,1.1,8.9,0.3,0.1,0.7,0.5,-2.4,1.3,12.4,20.5,-6.2,-0.027,-1.2
Nickeil Alexander-Walker,0.444,0.393,0.522,0.562,0.583,9.3,2.5,14.2,0.6,2.6,3.2,2.6,11.3,0.6,0.4,1.2,1.4,0.2,1.2,13.2,15.8,-0.8,0.091,0.5
Nicolas Batum,0.413,0.411,0.424,0.587,0.6,3.9,1.2,8.4,0.7,2.2,2.9,4.1,13.8,0.7,0.5,1.8,2.6,1.8,0.4,12.2,8.8,0.3,0.112,0.7
Nikola Jokić,0.575,0.413,0.624,0.623,0.659,29.1,10.3,44.0,2.9,10.0,12.8,9.1,28.6,1.8,0.7,2.3,1.7,3.3,3.3,12.9,29.4,13.2,0.309,8.7
Nikola Jović,0.456,0.371,0.563,0.56,0.595,10.7,2.8,17.1,0.6,3.3,3.9,2.5,14.5,0.8,0.3,1.6,1.1,0.4,1.3,12.6,18.3,0.0,0.098,0.6
Nikola Vučević,0.529,0.39,0.592,0.59,0.61,18.6,3.4,16.3,2.3,7.9,10.1,7.5,25.6,0.8,0.6,1.2,1.7,-0.1,1.7,9.9,22.2,1.8,0.141,1.8
Noah Clowney,0.37,0.346,0.427,0.492,0.532,9.3,0.8,5.5,0.9,2.9,3.8,4.5,15.4,0.5,0.5,1.1,2.2,-1.1,0.9,9.6,18.7,-3.7,0.038,-0.4
Norman Powell,0.49,0.423,0.547,0.587,0.626,23.2,2.1,10.8,0.4,3.0,3.4,1.2,10.4,1.3,0.2,1.9,0.5,-0.2,2.0,9.7,27.3,2.5,0.139,1.8
OG Anunoby,0.465,0.364,0.549,0.548,0.577,16.6,2.2,8.1,1.4,3.4,4.8,4.3,10.6,1.4,0.9,1.9,2.2,-0.1,1.4,8.6,18.6,-0.1,0.101,1.1
Obi Toppin,0.533,0.351,0.704,0.618,0.641,10.3,1.6,11.6,0.7,3.3,4.1,4.2,19.1,0.6,0.3,1.6,1.6,-0.1,0.9,9.7,19.7,1.4,0.131,1.0
Ochai Agbaji,0.503,0.399,0.597,0.598,0.605,10.1,1.5,7.9,0.9,2.8,3.7,3.4,11.4,0.8,0.5,1.5,1.8,0.1,0.8,8.4,14.2,-0.5,0.084,0.5
Olivier-Maxence Prosper,0.402,0.235,0.472,0.437,0.484,3.9,0.8,9.1,0.8,1.6,2.4,8.3,15.0,0.5,0.1,2.2,0.9,-0.6,0.3,6.3,16.3,-2.2,0.073,0.0
Onyeka Okongwu,0.572,0.311,0.634,0.602,0.633,12.9,2.2,11.8,3.0,5.5,8.6,12.0,23.2,0.9,1.0,1.6,3.3,0.3,1.0,9.4,17.1,1.7,0.177,1.5
Orlando Robinson,0.432,0.258,0.469,0.455,0.508,6.0,1.6,14.4,1.8,2.6,4.4,12.1,18.4,0.4,0.4,1.3,2.3,-0.1,1.0,14.9,18.3,-2.9,0.065,-0.1
Oso Ighodaro,0.603,0.0,0.613,0.603,0.607,3.6,1.0,9.0,0.9,2.5,3.3,6.6,17.5,0.4,0.4,1.4,2.7,0.6,0.6,16.3,10.6,-2.5,0.078,-0.1
Ousmane Dieng,0.432,0.324,0.574,0.524,0.538,3.8,0.8,9.7,0.5,1.7,2.2,4.8,16.3,0.5,0.2,2.0,1.7,1.0,0.5,12.0,15.7,-1.1,0.105,0.1
P.J. Washington,0.439,0.368,0.478,0.504,0.542,14.3,2.3,10.2,1.6,6.6,8.2,5.5,21.7,1.2,1.0,1.8,2.8,0.4,1.9,12.7,20.1,-0.8,0.067,0.5
PJ Dozier,0.667,0.667,,1.0,0.621,0.8,0.6,18.3,0.1,0.4,0.6,3.2,12.5,0.1,0.0,1.4,0.0,2.6,0.1,15.1,8.2,0.6,0.106,0.0
Pacome Dadiet,0.321,0.333,0.3,0.429,0.443,1.7,0.3,6.3,0.0,0.9,0.9,0.0,16.1,0.2,0.1,1.5,1.9,-0.9,0.1,6.4,13.9,-5.7,0.014,-0.1
Paolo Banchero,0.444,0.325,0.496,0.493,0.544,25.1,4.7,26.1,1.1,6.1,7.2,3.5,22.0,0.8,0.7,1.2,2.0,0.1,2.8,10.9,33.1,3.4,0.099,1.7
Pascal Siakam,0.526,0.396,0.577,0.582,0.609,20.9,3.3,15.3,1.7,5.5,7.2,6.0,18.5,0.9,0.5,1.3,1.4,-0.7,1.4,7.5,24.4,2.0,0.149,2.2
Pat Connaughton,0.427,0.323,0.545,0.513,0.538,4.2,1.6,14.8,0.5,2.0,2.6,4.1,14.5,0.2,0.3,0.6,1.8,-0.5,0.6,13.2,13.6,-2.4,0.074,0.0
Patrick Baldwin Jr.,0.515,0.524,0.5,0.682,0.676,2.1,0.1,3.0,0.2,0.8,1.0,5.1,17.6,0.1,0.1,1.4,1.8,-1.6,0.2,12.6,16.4,-0.3,0.071,0.0
Patrick Williams,0.378,0.346,0.412,0.467,0.493,8.9,2.0,10.1,0.8,3.2,4.0,3.1,13.0,0.8,0.6,1.4,1.9,-0.7,1.3,12.8,16.9,-4.0,0.003,-0.6
Patty Mills,0.349,0.313,0.474,0.471,0.495,3.6,1.0,11.4,0.1,0.7,0.8,1.1,6.5,0.5,0.1,2.1,0.9,0.1,0.7,15.9,15.0,-4.1,-0.011,-0.2
Paul George,0.43,0.358,0.493,0.514,0.543,16.2,4.3,20.9,0.6,4.8,5.3,2.0,17.5,1.8,0.5,2.8,1.5,0.1,2.6,14.7,23.6,-0.3,0.04,0.6
Paul Reed,0.535,0.318,0.587,0.566,0.605,4.1,0.9,14.5,0.9,1.7,2.6,11.2,20.0,0.9,0.5,4.9,5.2,4.7,0.5,13.4,17.9,4.9,0.214,0.6
Payton Pritchard,0.469,0.418,0.619,0.625,0.641,14.1,3.4,17.5,1.3,2.4,3.7,5.1,9.4,0.9,0.2,1.6,0.6,0.1,0.9,7.9,18.6,3.6,0.186,2.7
Pelle Larsson,0.441,0.319,0.562,0.521,0.549,4.0,0.9,10.1,0.4,1.1,1.5,3.4,8.9,0.4,0.1,1.5,0.7,0.0,0.4,8.9,13.6,-4.6,0.07,-0.4
Peyton Watson,0.47,0.364,0.522,0.53,0.565,7.8,1.4,7.4,0.7,2.6,3.3,3.5,11.3,0.8,1.3,1.6,4.7,0.4,0.9,11.1,13.9,-1.5,0.077,0.2
Precious Achiuwa,0.519,0.3,0.551,0.538,0.554,6.5,1.0,6.2,2.0,3.8,5.7,10.7,20.2,0.8,0.7,1.9,3.2,0.2,0.7,11.1,13.5,-1.2,0.114,0.2
Quentin Grimes,0.482,0.396,0.574,0.585,0.609,13.2,2.6,15.4,0.8,3.5,4.3,3.3,15.1,0.9,0.3,1.7,1.2,-0.6,1.6,13.1,21.1,0.6,0.092,1.1
Quinten Post,0.461,0.414,0.538,0.59,0.602,8.3,1.5,13.7,1.0,2.9,3.9,6.4,19.5,0.5,0.5,1.3,2.8,0.4,0.8,10.8,19.9,1.2,0.131,0.4
RJ Barrett,0.472,0.359,0.523,0.528,0.553,21.5,5.7,28.1,1.0,5.4,6.5,3.3,18.2,0.8,0.3,1.2,0.8,-0.7,3.0,13.2,28.5,0.7,0.064,1.2
Rayan Rupert,0.39,0.27,0.489,0.451,0.49,2.2,0.4,8.0,0.5,0.6,1.1,7.3,9.0,0.2,0.0,1.3,0.6,-1.4,0.5,17.3,15.0,-5.1,0.002,-0.2
Reed Sheppard,0.332,0.279,0.4,0.411,0.428,3.9,1.2,13.4,0.4,1.0,1.4,3.1,9.5,0.6,0.3,2.5,2.5,1.5,0.6,12.1,17.7,-2.5,0.034,-0.1
Reggie Jackson,0.391,0.338,0.458,0.485,0.496,4.4,1.5,17.1,0.3,1.1,1.4,2.3,10.6,0.5,0.1,2.1,0.8,-0.8,0.5,11.0,17.6,-4.0,0.019,-0.2
Richaun Holmes,0.659,0.0,0.675,0.659,0.705,7.7,1.4,12.2,2.0,3.9,5.9,11.7,22.4,0.3,0.8,0.8,3.9,0.2,0.8,12.5,14.4,1.2,0.175,0.4
Ricky Council IV,0.402,0.292,0.497,0.47,0.525,6.7,1.2,11.2,0.6,1.7,2.4,4.6,13.2,0.5,0.2,1.5,1.2,-1.9,0.6,8.3,19.5,-2.8,0.05,-0.2
Rob Dillingham,0.443,0.347,0.496,0.505,0.508,5.1,2.2,28.9,0.3,0.9,1.2,2.7,8.1,0.4,0.0,1.8,0.2,-1.0,1.2,19.3,22.7,-3.9,0.015,-0.2
Robert Williams,0.641,0.333,0.653,0.647,0.679,5.8,1.1,8.6,1.8,4.2,5.9,10.7,26.2,0.7,1.7,1.8,8.6,3.0,0.9,16.6,12.2,2.9,0.173,0.4
Ron Holland,0.457,0.218,0.604,0.499,0.542,6.2,0.9,8.2,0.5,2.1,2.6,3.5,15.1,0.6,0.1,1.9,0.9,0.3,0.8,12.7,17.8,-3.4,0.064,-0.4
Royce O'Neale,0.433,0.417,0.483,0.591,0.596,9.4,2.2,12.1,0.8,4.1,4.9,3.6,17.3,1.0,0.5,2.0,1.7,0.2,0.9,10.1,15.4,0.7,0.086,1.1
Rudy Gobert,0.654,,0.654,0.654,0.676,10.9,1.8,7.8,3.5,6.8,10.3,11.9,22.5,0.7,1.5,1.1,4.3,1.3,1.3,13.9,12.4,1.4,0.186,1.7
Rui Hachimura,0.506,0.41,0.573,0.59,0.612,13.3,1.5,6.7,1.5,3.8,5.2,5.3,12.8,0.8,0.5,1.2,1.4,-0.5,0.9,7.5,16.1,-0.8,0.112,0.5
Russell Westbrook,0.46,0.342,0.525,0.521,0.541,13.1,6.2,28.9,1.5,3.6,5.1,6.1,13.5,1.4,0.5,2.4,1.6,0.0,3.1,20.4,22.8,-0.3,0.061,0.8
Ryan Dunn,0.427,0.302,0.572,0.508,0.51,6.2,0.8,6.4,0.9,2.2,3.1,6.2,13.3,0.5,0.6,1.3,3.1,-0.9,0.4,6.8,16.6,-4.2,0.033,-0.6
Ryan Rollins,0.465,0.365,0.541,0.544,0.568,4.8,1.2,14.9,0.4,1.2,1.6,3.8,10.5,0.7,0.3,2.7,2.8,1.4,0.8,16.1,18.9,-0.8,0.076,0.2
Sam Hauser,0.44,0.4,0.679,0.611,0.615,7.7,0.9,5.9,0.7,2.5,3.1,3.4,12.8,0.6,0.2,1.3,0.7,-0.2,0.3,5.1,13.9,0.2,0.124,0.7
Sam Merrill,0.405,0.371,0.63,0.566,0.585,7.2,1.4,8.8,0.5,1.5,2.0,2.9,8.4,0.6,0.2,1.6,0.8,0.4,0.5,7.0,14.5,-0.1,0.111,0.6
Sandro Mamukelashvili,0.506,0.388,0.682,0.622,0.641,5.0,0.6,9.5,0.7,1.7,2.4,8.6,20.6,0.4,0.3,2.0,2.8,-0.4,0.3,7.7,20.3,2.9,0.161,0.5
Santi Aldama,0.487,0.375,0.588,0.576,0.588,12.7,2.8,15.3,1.6,5.1,6.7,6.8,21.2,0.8,0.5,1.5,2.0,0.8,1.0,8.5,18.8,3.8,0.159,1.9
Scoot Henderson,0.426,0.362,0.471,0.502,0.546,12.8,5.0,27.9,0.8,2.3,3.1,3.1,9.4,1.1,0.2,2.0,0.7,-0.7,2.7,18.6,22.4,-1.9,0.052,0.0
Scottie Barnes,0.442,0.266,0.507,0.478,0.523,19.5,5.9,27.3,1.7,6.1,7.8,5.4,19.9,1.5,1.0,2.2,2.9,0.8,2.9,13.5,26.8,2.3,0.076,2.0
Scotty Pippen Jr.,0.47,0.369,0.53,0.539,0.568,9.1,4.3,27.2,0.8,2.4,3.2,4.3,12.4,1.3,0.4,2.9,1.7,1.9,1.7,17.5,19.1,1.5,0.129,1.2
Seth Curry,0.464,0.453,0.476,0.588,0.602,6.1,0.7,7.6,0.4,1.2,1.6,2.8,9.0,0.4,0.1,1.5,0.8,-0.8,0.4,7.7,15.6,-1.7,0.079,0.1
Shaedon Sharpe,0.449,0.313,0.55,0.516,0.548,17.5,2.6,13.7,0.9,3.2,4.1,3.1,11.7,0.8,0.2,1.2,0.7,-1.6,2.0,11.2,24.6,-1.9,0.051,0.0
Shai Gilgeous-Alexander,0.526,0.371,0.582,0.575,0.645,33.0,6.2,30.7,0.9,4.1,5.0,2.9,12.6,1.8,1.0,2.5,3.1,2.7,2.5,9.1,34.7,11.6,0.316,7.8
Shake Milton,0.473,0.374,0.552,0.556,0.588,5.8,1.9,19.2,0.5,1.3,1.8,3.7,10.2,0.5,0.1,1.5,0.4,-0.2,0.7,12.4,16.4,-1.3,0.096,0.1
Sidy Cissoko,0.5,0.429,0.545,0.583,0.533,1.1,0.3,14.2,0.2,0.4,0.6,7.1,12.5,0.1,0.0,0.8,0.0,-1.4,0.2,12.7,16.8,-3.9,0.02,0.0
Simone Fontecchio,0.408,0.34,0.512,0.511,0.551,6.3,0.9,7.3,0.7,2.4,3.1,4.5,15.3,0.4,0.2,1.1,1.0,-0.5,0.8,11.9,16.1,-2.6,0.071,-0.2
Spencer Dinwiddie,0.414,0.336,0.488,0.496,0.552,10.6,3.8,19.7,0.2,2.2,2.4,0.9,9.1,0.8,0.2,1.5,0.7,-0.7,1.2,10.9,17.8,-1.9,0.077,0.0
Stephen Curry,0.444,0.394,0.529,0.568,0.614,24.3,6.1,31.4,0.5,3.8,4.4,1.7,13.1,1.1,0.4,1.6,1.2,-0.2,2.9,13.0,29.6,5.9,0.159,3.8
Stephon Castle,0.427,0.286,0.502,0.477,0.519,13.8,3.5,20.2,1.0,2.2,3.2,4.1,9.2,0.9,0.2,1.7,0.8,-1.9,2.0,13.0,25.3,-4.0,0.015,-0.9
Steven Adams,0.522,0.0,0.526,0.522,0.514,3.5,1.2,12.8,2.7,2.6,5.3,22.3,21.9,0.3,0.4,1.3,3.0,0.3,0.9,20.3,14.0,0.4,0.131,0.4
Svi Mykhailiuk,0.389,0.344,0.487,0.506,0.523,9.3,1.9,14.3,0.5,1.9,2.4,2.9,10.0,0.6,0.2,1.4,1.0,-1.8,1.5,14.7,21.6,-3.4,-0.014,-0.2
T.J. McConnell,0.52,0.302,0.54,0.533,0.549,9.4,4.5,37.3,0.5,1.8,2.4,3.3,11.3,1.1,0.3,3.0,1.3,0.4,1.5,14.7,24.0,1.2,0.101,0.9
Taj Gibson,0.486,0.5,0.485,0.493,0.519,3.0,0.6,7.6,1.5,2.0,3.6,13.9,19.7,0.3,0.4,1.3,3.9,0.1,0.7,20.6,13.4,-5.1,0.051,-0.2
Talen Horton-Tucker,0.441,0.365,0.5,0.52,0.546,5.5,1.3,16.4,0.3,1.4,1.7,2.9,13.0,0.3,0.2,1.4,1.6,-0.9,0.7,11.8,21.3,-2.9,0.048,-0.1
Tari Eason,0.486,0.351,0.554,0.544,0.571,12.4,1.3,7.8,2.3,4.1,6.3,9.4,17.4,1.8,0.9,3.4,3.2,2.7,1.1,9.2,19.5,3.9,0.179,1.7
Taurean Prince,0.452,0.446,0.463,0.598,0.61,8.1,2.0,9.8,0.5,3.3,3.8,2.0,12.8,0.9,0.1,1.6,0.5,0.3,1.1,13.9,12.5,-1.8,0.078,0.1
Taylor Hendricks,0.222,0.25,0.167,0.306,0.354,4.7,0.7,3.4,1.7,3.3,5.0,7.3,14.2,1.7,1.3,3.2,5.0,1.4,0.7,9.2,12.1,-3.3,0.0,0.0
Terance Mann,0.483,0.37,0.558,0.557,0.571,7.2,1.9,12.3,1.0,1.9,2.9,5.2,10.4,0.6,0.3,1.5,1.3,0.2,0.7,10.0,14.3,-1.4,0.097,0.2
Terrence Shannon Jr.,0.491,0.367,0.537,0.54,0.569,4.9,1.0,13.4,0.4,1.3,1.6,3.5,12.1,0.3,0.2,1.1,1.4,-0.1,0.5,10.4,18.1,-1.7,0.097,0.0
Terry Rozier,0.396,0.3,0.486,0.469,0.504,11.2,2.7,15.2,0.7,3.1,3.8,2.8,12.7,0.6,0.2,1.1,0.9,-1.2,1.3,10.4,20.7,-3.7,0.025,-0.7
Thomas Bryant,0.513,0.336,0.655,0.588,0.614,6.8,1.0,9.0,1.4,2.7,4.1,10.2,19.9,0.4,0.6,1.4,3.7,-0.2,0.5,8.7,17.3,0.8,0.148,0.5
Tidjane Salaün,0.319,0.289,0.363,0.406,0.447,5.3,1.1,8.0,1.2,3.0,4.2,6.3,17.5,0.5,0.3,1.4,1.3,-0.7,0.9,13.5,15.1,-5.0,0.001,-0.7
Tim Hardaway Jr.,0.4,0.361,0.483,0.522,0.557,10.4,1.6,7.5,0.2,2.2,2.4,1.0,8.5,0.5,0.1,0.9,0.3,-0.8,0.7,6.6,15.0,-2.5,0.073,-0.2
Tobias Harris,0.473,0.339,0.538,0.528,0.567,13.9,2.2,9.4,0.9,5.2,6.1,3.3,17.6,0.9,0.8,1.4,2.3,0.5,1.1,8.3,17.5,-0.2,0.111,1.0
Torrey Craig,0.464,0.404,0.647,0.616,0.634,5.2,0.4,5.7,1.0,1.3,2.3,9.7,12.7,0.2,0.3,0.7,2.7,-0.9,0.1,2.7,16.1,0.7,0.164,0.1
Toumani Camara,0.454,0.369,0.535,0.544,0.566,10.8,2.2,9.3,2.3,3.6,5.9,7.5,12.1,1.5,0.7,2.2,1.9,0.7,1.5,13.4,14.0,-0.6,0.087,0.7
Trae Young,0.406,0.328,0.474,0.482,0.56,24.1,11.4,46.2,0.5,2.7,3.2,1.4,8.4,1.2,0.2,1.5,0.4,-2.9,4.8,18.3,29.8,-0.2,0.084,1.0
Trayce Jackson-Davis,0.571,0.0,0.573,0.571,0.583,6.9,1.8,15.9,2.1,3.4,5.4,12.5,21.5,0.4,0.7,1.2,3.8,1.1,0.8,11.3,16.5,1.3,0.163,0.8
Tre Jones,0.529,0.391,0.566,0.57,0.609,6.9,4.0,28.3,0.7,1.8,2.4,3.7,9.7,0.8,0.2,2.0,0.9,1.0,0.7,11.1,14.0,1.4,0.15,0.7
Tre Mann,0.435,0.4,0.455,0.509,0.537,14.1,3.0,21.2,0.9,2.0,2.9,3.9,8.9,0.5,0.3,1.1,1.2,-1.9,1.9,12.8,25.9,-2.5,0.025,0.0
Trendon Watford,0.449,0.295,0.506,0.489,0.542,9.0,2.4,20.9,0.7,2.5,3.2,4.4,16.0,0.7,0.3,1.8,1.4,-0.5,1.7,17.3,23.7,-3.4,0.03,-0.2
Trey Lyles,0.409,0.342,0.529,0.519,0.539,6.1,1.1,7.7,1.1,3.4,4.5,6.4,21.1,0.6,0.4,1.6,1.9,-0.3,0.6,9.1,14.6,-1.0,0.085,0.3
Trey Murphy III,0.454,0.361,0.556,0.548,0.598,21.2,3.5,15.9,0.9,4.2,5.1,2.6,13.3,1.1,0.7,1.5,2.0,-1.5,1.9,9.9,23.7,0.7,0.093,1.3
Tristan Da Silva,0.417,0.335,0.502,0.502,0.53,7.4,1.5,10.1,1.0,2.4,3.4,4.9,12.7,0.4,0.2,1.0,1.0,-0.4,0.8,10.3,14.9,-2.6,0.071,-0.2
Tristan Thompson,0.426,0.0,0.451,0.426,0.4,1.5,0.6,10.5,0.7,2.1,2.7,10.2,30.2,0.0,0.2,0.2,2.8,0.3,0.3,14.7,12.6,-4.7,0.052,-0.2
Ty Jerome,0.504,0.427,0.557,0.592,0.631,11.9,3.3,23.6,0.7,1.8,2.5,4.1,9.8,1.2,0.0,2.8,0.1,0.9,1.3,12.0,23.2,3.7,0.197,1.8
Tyler Herro,0.46,0.367,0.559,0.554,0.592,23.5,5.7,27.6,0.4,4.9,5.3,1.3,15.1,0.9,0.2,1.2,0.7,-0.9,2.6,11.4,28.1,2.7,0.114,2.7
Tyler Kolek,0.38,0.367,0.4,0.49,0.522,1.8,0.7,19.1,0.1,0.4,0.5,1.5,9.4,0.2,0.0,2.2,0.6,-0.1,0.3,14.6,17.2,-3.2,0.06,0.0
Tyler Smith,0.459,0.4,0.529,0.568,0.568,2.4,0.2,7.1,0.2,0.9,1.1,5.3,19.5,0.1,0.2,1.1,3.3,-0.4,0.3,13.4,22.9,-1.1,0.042,0.0
Tyrese Haliburton,0.467,0.387,0.57,0.576,0.61,18.5,9.0,37.5,0.6,3.0,3.5,1.9,9.7,1.5,0.6,2.1,1.6,-0.1,1.7,10.0,21.4,5.2,0.19,3.9
Tyrese Maxey,0.437,0.337,0.515,0.511,0.562,26.3,6.1,28.0,0.3,3.1,3.3,0.8,9.7,1.8,0.4,2.3,1.1,-1.2,2.4,9.2,30.0,2.1,0.1,2.0
Tyus Jones,0.447,0.426,0.477,0.571,0.589,10.4,5.7,28.4,0.5,1.9,2.4,2.0,7.3,0.8,0.1,1.4,0.3,-1.4,1.3,12.4,16.0,-0.1,0.099,0.9
Vasilije Micić,0.348,0.36,0.338,0.43,0.462,7.1,3.3,24.5,0.5,1.8,2.3,2.7,9.8,0.4,0.0,1.0,0.0,-2.4,1.9,20.3,20.0,-6.8,-0.051,-0.9
Victor Wembanyama,0.476,0.352,0.586,0.559,0.594,24.3,3.7,18.2,1.8,9.2,11.0,5.8,29.6,1.1,3.8,1.6,10.2,2.8,3.2,13.7,30.4,6.4,0.12,3.2
Vince Williams Jr.,0.394,0.254,0.56,0.463,0.492,6.8,1.9,13.2,0.9,2.7,3.6,5.2,15.3,0.6,0.2,1.6,1.2,0.0,1.4,16.9,18.1,-3.2,0.029,-0.1
Vit Krejci,0.452,0.395,0.583,0.59,0.601,7.0,2.6,16.2,0.4,2.3,2.6,1.8,12.2,0.7,0.5,1.6,2.3,0.8,0.9,13.6,13.1,-0.5,0.085,0.4
Vlatko Čančar,0.5,0.4,0.571,0.583,0.583,1.8,0.3,3.5,0.8,1.5,2.3,10.3,18.8,0.1,0.1,0.7,1.3,-1.4,0.8,33.3,11.4,-7.1,-0.006,-0.1
Walker Kessler,0.698,0.176,0.723,0.702,0.69,11.5,1.6,7.8,4.7,7.8,12.5,16.7,27.4,0.6,2.4,0.9,7.6,0.8,1.5,15.2,13.5,2.3,0.168,1.7
Wendell Carter Jr.,0.455,0.216,0.564,0.489,0.539,8.9,2.1,12.5,2.2,5.3,7.4,9.1,24.8,0.7,0.5,1.4,1.9,0.8,1.1,12.1,15.9,-1.4,0.119,0.2
Wendell Moore Jr.,0.469,0.321,0.529,0.516,0.554,3.9,1.1,12.3,0.8,1.8,2.6,7.1,15.4,0.5,0.1,1.8,1.0,0.0,0.6,13.9,13.7,-1.8,0.092,0.0
Xavier Tillman Sr.,0.261,0.185,0.368,0.315,0.32,1.0,0.2,4.2,0.3,1.0,1.3,4.7,15.3,0.3,0.2,2.2,2.2,0.1,0.4,20.4,12.5,-7.7,-0.05,-0.3
Yves Missi,0.544,0.0,0.545,0.544,0.571,8.8,1.3,6.7,3.5,4.5,8.0,13.5,18.9,0.5,1.4,1.0,4.8,-1.4,1.2,13.2,13.9,-3.3,0.084,-0.6
Zaccharie Risacher,0.443,0.35,0.516,0.52,0.543,11.9,1.2,7.1,1.2,2.5,3.7,5.3,11.5,0.8,0.5,1.4,1.9,-1.7,1.3,10.4,20.4,-3.8,0.037,-0.7
Zach Collins,0.485,0.299,0.595,0.54,0.594,6.3,1.7,15.2,1.5,2.7,4.2,10.8,18.6,0.5,0.5,1.6,2.9,1.0,0.8,13.7,17.1,0.2,0.133,0.4
Zach Edey,0.575,0.356,0.606,0.597,0.618,9.2,0.9,5.5,3.6,4.2,7.8,18.3,21.0,0.5,1.3,1.2,5.6,-0.2,1.3,14.8,16.8,-0.3,0.163,0.5
Zach LaVine,0.516,0.444,0.571,0.613,0.645,23.6,4.3,19.3,0.3,4.2,4.5,0.9,12.8,0.9,0.2,1.2,0.5,-1.4,2.9,13.5,25.6,1.1,0.101,1.6
Zeke Nnaji,0.526,0.325,0.632,0.582,0.596,3.3,0.3,3.9,0.6,1.0,1.6,6.9,10.3,0.4,0.6,1.6,5.5,0.2,0.3,8.4,12.1,-1.9,0.102,0.0
Ziaire Williams,0.412,0.34,0.505,0.508,0.549,10.1,1.4,8.8,1.1,3.7,4.8,4.9,17.8,1.0,0.4,2.0,1.7,-0.2,1.0,10.0,18.1,-2.3,0.073,-0.1
Zion Williamson,0.561,0.231,0.57,0.564,0.596,24.4,5.2,35.8,2.6,4.7,7.3,9.5,18.2,1.2,0.9,2.0,3.1,0.7,3.0,12.8,34.7,6.5,0.14,1.8
