Player,Team,3PAr,2P%,eFG%,TS%,FTr,OWS,OBPM,USG%,AST%,TOV%,On-Off,STL%,BLK%,DBPM,TRB%,DWS,VORP,WS/48
A.J. Green,MIL,1.9786553844089365,-0.937729236306817,0.962323551669554,0.7122218208705992,-1.472144438849948,0.0014623497075343496,-0.7338716451306364,-1.0977385466369245,-0.7380434466101449,-1.0311490674585309,0.19303823324183675,-0.7942807056728097,-0.9442331026051521,-0.3280799717620751,-1.073150651885236,-0.061905935983791224,-0.7703681397082631,-0.34743438308400854
Aaron Holiday,HOU,1.0428664822027196,-0.4095388909584873,0.20577165088137184,0.23103707421829728,-0.41961787018982855,-0.2676099964788012,-0.1518355127856489,-0.34208596569615807,0.033946184366047814,-0.11684749946667908,0.037328874133954804,-0.7942807056728097,-0.6564906533183883,0.15292970795283983,-1.0949164940310565,-0.5856159231570139,-0.35346302880732067,0.3902702043813383
Aaron Nesmith,IND,0.3836654328653353,0.5588100755134491,1.0139066358142028,1.193406567522901,-0.29148420096163996,0.0014623497075343496,0.11272636555298177,-0.2808168375117714,-0.794188147044777,-1.058855175579496,1.9404432632302901,-0.6417257475895143,-0.3687482040316245,-0.7289213715245043,-0.42017538751062156,-0.7165434199503196,-0.4924313991076348,0.21555069682375624
Ajay Mitchell,OKC,-0.5613430644365095,-0.08256391526666414,0.4292983488415152,0.5456578701063408,-0.2640269861270281,-0.44699156060302503,-0.8396963964660888,-0.4850472647930597,-0.05027086628590043,0.4095685548316598,-0.7412179214054551,0.5787139170768486,-0.8866846127477993,0.7141076676202405,-0.8554922304270312,-0.4546884263637082,-0.4924313991076348,0.5455764333214115
Alec Burks,MIA,1.3839915007409462,-2.145021454245855,0.20577165088137184,0.23103707421829728,0.03800237705370191,-0.5366823426651368,-0.04601076145019661,-0.7097007348024771,-0.5976816955235644,-1.197385716184322,1.4214120662040168,-0.03150591525633298,-0.6564906533183883,0.3934345478102973,-0.42017538751062156,-0.5856159231570139,-0.21449465850700658,-0.05623520382137158
Amen Thompson,HOU,-1.3772772303995655,0.6468417997381707,0.3777152646968663,0.4901365531849214,1.401710713839422,1.8849687730118834,0.8534996249011477,-0.15827858114299886,0.34274203675652504,0.9359846091299987,0.05462991403483057,0.42615895899355316,0.7822215931154308,1.756295307002556,0.7116484040720433,3.080353987055544,2.9817778584002186,1.2832810207867587
Amir Coffey,LAC,0.24998130397873272,-0.2586273637161074,0.39490962607841595,0.7307289265110724,0.10206921166779595,1.0777517344528769,-0.46930976679200576,-0.6280085638899617,-1.0187669487833058,-1.335916256789148,-1.4851626371431137,-0.946835663756105,-0.9442331026051521,-0.408248251714561,-1.1384481783226976,0.46180405118943124,-0.4924313991076348,0.1961374182062471
Andre Jackson Jr.,MIL,-0.1234122973941911,-0.346659087940829,-0.01775504707877344,-0.4537258344792072,-1.1884198855589594,-0.9851362529756962,-1.686294407149707,-1.322392016646342,-0.3590667186763774,2.6814694207508065,-0.6201106420993246,-0.18406087333962814,-0.4262966938889772,0.15292970795283983,-0.05015607103167353,-0.192833432777097,-1.0483048803088912,-0.7745265126692096
Anfernee Simons,POR,0.45742219363035735,-0.5730263788043989,-0.25847610642046837,-0.13910503859116571,-0.49283710974879347,1.615896426825548,1.3297110059106831,1.3326035380104058,1.4094913450145368,-0.31079025631343526,-0.4124981632888154,-0.6417257475895143,-1.0593300823198577,-1.3702676111443908,-1.2690432311976205,-0.192833432777097,1.0362206741958206,-0.17271487552642648
Anthony Black,ORL,-0.5382940766974401,-1.0760648029456645,-1.4276926803658427,-1.064460320614821,1.236967424831751,-1.5232809453483676,-1.4746449044788021,0.18891314523519182,0.8761166908855308,1.2684579065815809,-0.5855085622975731,0.7312688751601442,0.03409122496984495,0.7141076676202405,-0.8337263882812108,1.5092240255358762,-0.9093365100085773,-0.8910061843742644
Antonio Reeves,NOP,0.5357887519431933,-0.7993936696679688,-0.6023633340514611,-0.7868537360077239,-1.1152006459999946,-1.0748270350378082,-0.46930976679200576,-0.05616336750235472,-0.5275008199802742,-0.22767193195053997,-0.13568152487480298,-0.18406087333962814,-0.8291361228904466,-1.77110901090682,-1.0078531254477745,-1.5021084007101535,-0.7703681397082631,-1.8228435580147027
Ausar Thompson,DET,-1.4740829789036571,0.5210821937028541,0.27454909640756847,0.04596601781356578,0.7427375578087384,-0.0882284323545774,-0.20474788845337505,0.14806705977893359,0.17430793545262832,0.7974540685251728,0.7120694302681102,3.1721482044928697,0.26428518439925597,1.9968001468600136,0.5157558247596589,0.9855140383626537,0.6193155632948782,0.8173623339665391
Austin Reaves,LAL,0.3744458377697075,-0.19574756069844906,-0.12092121536807125,0.47162944754444824,1.1362909704381743,2.5128042474466667,1.4355357572461354,1.1487961534572466,1.7182871974050138,0.2987441223477989,1.0580902282856257,-0.18406087333962814,-0.714039143175741,-0.408248251714561,-0.659599651114647,0.9855140383626537,2.1479676365983336,0.7202959408789938
Ayo Dosunmu,CHI,-0.03582614398572762,0.8354812087911456,0.24016037364447113,0.194022862937351,-0.4745322998590522,0.360225477955982,-0.46930976679200576,-0.3216629229680289,0.9884060917547953,0.16021358174297293,-1.3294532780352315,-0.4891707895062191,-0.5413936736036827,-0.408248251714561,-0.9425555990103132,-0.3237609295704026,-0.631399769407949,-0.30860782584899027
Ben Sheppard,IND,1.1627212184458806,0.5965379573240441,0.1369942053551733,-0.009555299107853667,-1.2524867201730536,-0.0882284323545774,-0.7338716451306364,-1.3836611448307283,-0.7240072715014867,-1.640683446119765,-0.7585189613063308,-0.4891707895062191,-0.5989421634610356,-0.08757513190461763,-0.572536282531365,-0.5856159231570139,-0.631399769407949,-0.3280211044664994
Bennedict Mathurin,IND,-0.4046099478108376,-0.346659087940829,-0.34444791332821656,0.13850154601593154,1.0630717308792095,-0.0882284323545774,-0.3634850154565535,0.8424505125353142,-0.6818987461755126,0.02168304113814692,0.037328874133954804,-1.2519455799226957,-0.5413936736036827,-1.4504358910968767,-0.11545359746913474,0.06902156080951424,-1.3262416209095196,-0.7745265126692096
Bismack Biyombo,SAS,-1.9765509116153697,1.6780705692277669,2.2690950166673263,1.4710131521299983,0.6969755330843853,-0.8057546888514724,-1.1042582748047196,-1.301968973918213,-0.6117178706322224,1.9888167177266765,-1.8657855149623805,0.27360400091025766,1.1850610221169,0.07276142800035401,0.9510726676760686,-1.1093259103302364,-0.631399769407949,0.0020046320311558714
Bobby Portis,MIL,-0.6120508374624622,-0.5101465757867406,-0.516391527143713,-0.675811102164885,-0.9870669767718061,-0.44699156060302503,0.536025370894791,1.2100652816416333,0.033946184366047814,-0.8926185268537049,0.037328874133954804,-0.6417257475895143,-0.023457264887507864,-0.408248251714561,1.6258137741965037,0.8545865415693482,0.2024104523939358,0.06024446788368305
Brandin Podziemski,GSW,0.24076170888310497,-0.23347544250904403,-0.6367520568145604,-0.7683466303672508,-0.566056349307758,0.0014623497075343496,-0.0989231371179228,-0.09700945295861223,0.7778634651249245,-0.4770269050392269,1.0407891883847498,0.42615895899355316,-0.6564906533183883,0.7141076676202405,-0.006624386740032331,0.7236590447760425,0.3413788226942499,0.13789758235371966
Brandon Clarke,MEM,-1.7691100219637452,1.300791751121817,1.3234051406820964,1.2119136731633742,0.01969756716396068,1.4365148627013242,0.3772882438916125,-0.5871624784337038,-0.8503328474794092,-0.8372063106117742,0.7466715100698615,0.42615895899355316,0.3793821641139616,0.6339393876677547,0.8640092990927869,0.7236590447760425,0.6193155632948782,1.516240364196868
Brice Sensabaugh,UTA,0.7939374146207702,-0.12029179707725911,0.49807579436771376,0.4531223419039751,-1.0053717866615473,-0.7160639067893606,0.16563874122070793,0.719912256166541,-0.2888858431330872,0.8528662847671029,-1.0180345598194676,-0.3366158314229236,-0.9442331026051521,-1.3702676111443908,-0.529004598239724,-1.1093259103302364,-0.631399769407949,-1.2986850353419561
CJ McCollum,NOP,0.13934616283119983,-0.5981783000114622,-0.3272535519466669,-0.47223294011968037,-0.48368470480392284,0.18084391383175805,1.0122367519043263,1.7819104780292399,0.974369916646137,-0.8926185268537049,0.3660486322505946,-0.946835663756105,-0.4262966938889772,-2.171950410669249,-0.8990239147186722,-1.3711809039168477,-0.21449465850700658,-1.104552249166865
Caleb Houstan,ORL,1.9832651819567504,-1.2772801726021712,-0.464808442999064,-0.5647684683220461,-1.0877434311653826,-0.7160639067893606,-1.5804696558142546,-1.322392016646342,-1.1872010500872023,-2.1116872841761736,-1.8657855149623805,-0.946835663756105,-0.8291361228904466,-0.3280799717620751,-1.2472773890518,-0.8474709167436252,-1.0483048803088912,-0.405674218936536
Cam Thomas,BRK,0.0056620339445973,-0.4975706151832089,-0.5851689726699114,0.008951806532619485,0.9623952764856332,-0.2676099964788012,1.8588347625879444,2.9460239135325836,1.3112381192539304,-0.366202472555366,-0.18758464457743032,-1.0993906218394005,-1.0017815924625049,-2.2521186906217348,-0.9207897568644928,-1.1093259103302364,-0.07552628820669241,-0.46391405478906345
Cameron Johnson,BRK,0.5542279421344488,0.3198668240463476,0.6700194081832102,1.1193781449610085,0.6512135083600323,2.3334226833224427,2.176309016594301,0.9445657261759584,0.49713996295176355,-0.5047330131601919,0.22764031304358834,-0.3366158314229236,-0.31119971417427167,-0.408248251714561,-0.572536282531365,0.06902156080951424,2.4259043771989623,0.7979490553490299
Cameron Payne,NYK,0.7155708563079342,-0.9503051969103486,-0.5679746112883618,-0.6387968908839388,-0.9230001421577118,0.0014623497075343496,0.536025370894791,0.6177970425258968,1.6902148471876977,-0.5601452294021222,1.1618964676908803,0.27360400091025766,-0.31119971417427167,-0.08757513190461763,-1.0513848097394156,-0.4546884263637082,0.06344208209362169,0.17672413958873795
Cason Wallace,OKC,0.042540414327108346,0.16895529680396906,-0.06933813122342235,-0.36119030627684146,-1.4355348190704658,0.18084391383175805,-0.6280468937951842,-1.1385846320931825,-0.3169581933504034,-0.44932079691826127,-0.6893148017028278,2.1042634979098023,-0.08100575474486069,1.9166318669075277,-0.7901947039895698,2.4257165030890158,0.8972523038955067,0.5844029905564299
Charles Bassey,SAS,-1.9765509116153697,0.5085062330993225,0.6700194081832102,0.4901365531849214,0.5139274341869731,-0.6263731247272487,-0.3634850154565535,-0.0357403247742256,-0.9205137230226994,0.8528662847671029,-2.3848167119886536,0.27360400091025766,2.9115157178374833,0.3934345478102973,2.5835108286126047,-0.7165434199503196,-0.4924313991076348,0.7979490553490299
Chet Holmgren,OKC,-0.38156096007176843,0.3701706664604742,0.25735473502602074,0.5086436588253945,1.5481491929573519,-0.3573007785409131,0.9593243762365999,0.8424505125353142,-0.5275008199802742,0.21562579798490314,0.573661111061104,-0.4891707895062191,4.235130984556597,1.756295307002556,1.408155352738299,0.46180405118943124,0.48034719299456413,1.6327200359019227
Chris Boucher,TOR,0.42976340834347404,1.0995763814653106,0.6700194081832102,0.7492360321515454,0.06545959188831349,0.4499162600180937,1.9117471382556703,0.638220085254026,-1.0608754741092798,-1.4744467973939739,0.9888860686821225,-0.6417257475895143,0.43693065397131414,-0.7289213715245043,0.8204776148011458,-0.3237609295704026,0.6193155632948782,0.8756021698190666
Christian Braun,DEN,-0.7319055737056228,1.187608105690032,1.3405995020636459,1.5450415746918909,0.3491841451793025,3.499402850129897,0.6947624978979693,-0.4850472647930597,-0.5696093453062482,-1.1419734999423916,2.0096474228337935,-0.18406087333962814,-0.3687482040316245,-0.48841653166704674,-0.44194122965644195,0.592731547982737,1.0362206741958206,0.8367756125840482
Chuma Okeke,PHI,1.0981840527764863,5.714953922961425,0.6184363240385612,0.15700865165640468,-2.085355570156279,-1.0748270350378082,0.5889377465625171,-1.9146602557620778,-0.794188147044777,0.6589235279203467,-0.30869192388356076,1.6465986236599157,-1.1744270620345632,-1.4504358910968767,0.6028191933429409,-1.5021084007101535,-0.631399769407949,0.0408311892661739
Clint Capela,ATL,-1.962721518971928,0.18153125740750073,0.20577165088137184,-0.19462635551258517,0.1935932611165021,0.4499162600180937,0.006901614217529516,-0.3012398802399005,-0.8362966723707511,-0.5878513375230873,-0.2913908839826849,-0.6417257475895143,1.1850610221169,-0.48841653166704674,2.474681617883502,0.46180405118943124,-0.21449465850700658,0.6038162691739389
Coby White,CHI,0.5357887519431933,-0.17059563949138576,-0.24128174503891872,0.10148733473498524,0.09291680672292534,0.360225477955982,0.2714634925561602,1.2100652816416333,0.8761166908855308,0.07709525738007712,-0.9661314401168402,-0.4891707895062191,-0.8866846127477993,-1.290099331191905,-1.0296189675935952,-0.061905935983791224,-0.35346302880732067,-0.6580468409641547
Cole Anthony,ORL,-0.20638865325484096,-0.9503051969103486,-0.9806392844455531,-0.8793892642100897,-0.17250293667832223,-1.2542085991620318,-0.2576602641211012,1.4142957089229216,1.760395722730988,0.880572392888068,-0.08377840517217564,0.12104904282696251,0.14918820468455032,0.473602827762783,-0.20251696605241673,0.7236590447760425,0.06344208209362169,-0.6774601195816639
Collin Sexton,UTA,-0.4921961012193013,-0.5227225363902722,-0.22408738365736908,0.194022862937351,0.5596894589113262,0.6292978241423174,1.1180615032397783,1.7410643925729825,1.5919616214270915,0.714335744162277,1.0407891883847498,-0.946835663756105,-1.0017815924625049,-2.0116138507642773,-1.0513848097394156,-1.3711809039168477,-0.07552628820669241,-0.6968733981991729
Dalano Banton,POR,0.042540414327108346,-1.1389446059633228,-0.9462505616824538,-0.9349105811315092,0.3034221204549495,-0.9851362529756962,0.536025370894791,1.1487961534572466,1.1006954926240597,0.4926868791945551,0.5044569514576008,0.7312688751601442,0.3793821641139616,-0.08757513190461763,-0.7901947039895698,-0.4546884263637082,0.06344208209362169,-0.9298327416092826
Dalen Terry,CHI,-0.2709258189242353,0.030619730165120807,-0.24128174503891872,-0.2316405667935294,0.706127938029256,-0.7160639067893606,-1.633382031481981,-0.7301237775306059,-0.10641556672053268,0.7697479604042071,-1.8830865548632563,0.27360400091025766,-0.2536512243169189,-0.007406851952131811,-0.9425555990103132,-0.7165434199503196,-1.0483048803088912,-0.8133530699042277
Daniel Gafford,DAL,-1.9765509116153697,1.9295897812983986,2.6129822442983173,2.6184537018393317,2.2894939934918708,2.423113465384555,1.6471852599170398,0.2093361879633202,-0.47135611954564194,0.07709525738007712,0.5390590312593523,-1.2519455799226957,3.084161187409542,0.8744442275252121,1.4516870370299397,0.33087655439612546,1.5920941553970773,2.525730852307343
Dante Exum,DAL,-0.243267033637352,-0.5730263788043989,0.2917434577891181,0.3050654967801899,0.18444085617163147,-0.6263731247272487,-0.20474788845337505,0.29102835887583595,1.0305146170807695,0.049389149259112024,-1.5024636770439894,-0.03150591525633298,-0.7715876330330939,-0.8892579314294758,-1.2255115469059794,-1.2402534071235423,-0.631399769407949,-0.15330159690891731
Dario Šarić,DEN,0.16239515057026924,-1.8306224391575634,-2.493743086021919,-2.674578511335984,-0.4470750850244404,-1.2542085991620318,-2.003768661156064,-0.5463163929774464,-0.10641556672053268,1.9056983933637808,-2.7135364701052938,-0.03150591525633298,-0.9442331026051521,-0.48841653166704674,0.6245850354887613,-1.2402534071235423,-0.7703681397082631,-1.9781497869547757
David Roddy,ATL,0.6925218685688648,0.18153125740750073,0.20577165088137184,0.36058681370160933,0.08376440177805472,-0.8954454709135844,2.0175718895911228,2.4558708880574915,0.7778634651249245,1.2130456903396507,3.030408776985464,2.561928372159688,0.03409122496984495,0.23309798790532568,1.604047932050683,-0.9783984135369308,-0.4924313991076348,-0.580393726494118
Day'Ron Sharpe,BRK,-1.35883804020831,0.20668317861456403,-0.08653249260497199,-0.028062404748326816,0.18444085617163147,0.18084391383175805,0.3772882438916125,0.43398965797273764,0.41292291229981504,0.9636907172509638,1.8366370238250356,0.7312688751601442,1.5303519612610168,0.3934345478102973,2.34408656500858,0.06902156080951424,0.2024104523939358,0.9338420056715939
De'Andre Hunter,CLE,0.5173495617519378,-0.1831716000949174,1.3921825862082948,1.9521978987823003,1.8410261511932111,1.3468240806392127,1.8588347625879444,1.2304883243697617,-0.7801519719361188,-0.6986757700069481,0.798574629772489,-0.4891707895062191,-0.5989421634610356,-0.16774341185710348,-0.24604865034405793,-0.192833432777097,0.48034719299456413,1.7491997076069776
De'Anthony Melton,GSW,1.0105978993680225,-0.900001354496222,-0.3272535519466669,-0.6573039965244118,-0.7307996383154292,-1.0748270350378082,-0.46930976679200576,1.0671039825447308,1.0585869672980854,0.7974540685251728,2.026948462734669,1.6465986236599157,-0.2536512243169189,0.5537711077152689,-0.33311201892733955,-1.2402534071235423,-0.631399769407949,-0.46391405478906345
Dean Wade,CLE,1.798873280044195,1.9421657419019303,0.016633675684325836,-0.4537258344792072,-1.0511338113859003,-0.17791921441668937,-0.20474788845337505,-1.6083146148401453,-0.8222604972620932,-1.197385716184322,0.5044569514576008,0.12104904282696251,-0.31119971417427167,1.1149490673826696,0.2763315611556337,0.46180405118943124,0.2024104523939358,0.312617089911302
Deandre Ayton,POR,-1.663084678364026,0.6091139179275757,0.44649271022306486,0.15700865165640468,-0.9138477372128412,0.0911531317696463,0.16563874122070793,0.27060531614770683,-0.6818987461755126,0.07709525738007712,-0.827723120909834,-0.7942807056728097,0.5520276336860198,-0.48841653166704674,1.7346429849256062,0.46180405118943124,-0.07552628820669241,0.21555069682375624
Derrick Jones Jr.,LAC,-0.3170237944023741,0.936088893619399,0.7903799378540576,0.6567005039491798,-0.2731793910718987,0.5396070420802057,-0.2576602641211012,-0.3216629229680289,-1.2573819256304926,-0.6986757700069481,0.7120694302681102,0.5787139170768486,-0.2536512243169189,0.3934345478102973,-0.529004598239724,1.2473690319492652,0.2024104523939358,0.3320303685288111
Dillon Brooks,HOU,0.41132421815221853,-1.201824408980981,-0.4304197202359647,-0.5277542570410998,-0.8131712828192644,0.8983701703286533,-0.522222142459732,-0.11743249568674062,-0.8222604972620932,-1.2805040405472174,-0.031875285469548306,-0.7942807056728097,-0.8291361228904466,-0.08757513190461763,-0.8554922304270312,1.5092240255358762,-0.35346302880732067,0.06024446788368305
Donte DiVincenzo,MIN,1.4669678566015962,-0.7742417484609054,0.30893781917066776,0.11999444037545838,-1.0419814064410298,0.27053469589387,0.7476748735656955,0.1684901025070627,1.0305146170807695,0.38186244671069475,0.40065071205234615,0.8838238332434389,-0.714039143175741,0.7942759475727265,-0.572536282531365,0.9855140383626537,1.3141574147964488,0.35144364714632004
Duncan Robinson,MIA,1.3839915007409462,0.2192591392180943,0.5152701557492634,0.32357260242066305,-1.3440107696217596,-0.0882284323545774,-0.1518355127856489,0.2093361879633202,0.3146696865392088,-0.1722597157086093,0.642865270664607,-0.946835663756105,-1.0017815924625049,-1.0495944913344475,-1.0949164940310565,-0.061905935983791224,-0.631399769407949,-0.6774601195816639
Dyson Daniels,ATL,-0.8148819295662727,-0.17059563949138576,-0.3272535519466669,-0.6943182078053581,-0.6118183740321111,-0.2676099964788012,-0.41639739112427954,0.005105760682031917,0.5813570136037121,0.2710380142268338,0.21033927314271256,3.7823680368260515,-0.023457264887507864,1.9968001468600136,-0.28958033463569877,2.5566439998823216,1.7310625256973913,-0.21154143276144477
Elfrid Payton,NOP,-1.8751353655634642,-0.4346908121655506,-0.8086956706300568,-1.3605740108623916,-1.691802157526843,-1.16451781709992,-0.8926087721338147,0.29102835887583595,4.946607472396366,4.981076394790918,0.6947683903672343,2.561928372159688,0.20673669454190313,0.3934345478102973,-0.28958033463569877,-1.2402534071235423,-0.631399769407949,-1.7840170007796843
Fred VanVleet,HOU,0.8031570097163979,-1.2395522907915761,-1.0666110913533013,-1.1014745318957675,-0.566056349307758,0.8086793882665413,0.16563874122070793,-0.09700945295861223,1.2129848934933243,-0.5878513375230873,0.5217579913584766,0.8838238332434389,-0.48384518374633,1.1149490673826696,-0.9425555990103132,1.7710790191224877,1.4531257850967632,0.5067498760863932
Gabe Vincent,LAL,1.282575954689041,-0.1831716000949174,-0.44761408161751437,-0.8793892642100897,-1.6368877278576193,-0.9851362529756962,-1.9508562854883376,-1.0364694184525383,-0.6117178706322224,-0.8095002024908091,-0.4644012829914427,-0.03150591525633298,-0.6564906533183883,-0.007406851952131811,-1.5737650212391072,-0.3237609295704026,-1.6041783615101477,-1.1627920850193922
Garrison Mathews,ATL,1.9371672064786114,-1.428191699844551,0.34332654193376705,0.6752076095896529,0.7884995825330915,-0.17791921441668937,-0.1518355127856489,-0.4442011793368022,-0.5415369950889322,-0.6986757700069481,-0.4644012829914427,-0.3366158314229236,-0.2536512243169189,-0.48841653166704674,-1.0078531254477745,-0.8474709167436252,-0.4924313991076348,-0.11447503967389902
Gary Harris,ORL,1.5268952247231766,-0.5730263788043989,-0.894667477537805,-1.3235597995814452,-1.170115075669218,-1.0748270350378082,-1.7921191584851592,-1.8125450421214335,-1.1731648749785444,-0.44932079691826127,0.7120694302681102,0.27360400091025766,-0.13855424460221338,1.0347807874301838,-1.203745704760159,-0.5856159231570139,-0.7703681397082631,-0.8133530699042277
Gary Payton II,GSW,-0.47836670857585967,1.9673176631089937,1.4437656703529438,1.2304207788038475,-0.7857140679846528,0.27053469589387,0.16563874122070793,-0.4237781366086731,0.0058738341487318164,-0.4216146887972962,1.1099933479882529,1.3414887074933255,-0.08100575474486069,1.355453907240127,0.015141455405788073,0.19994905760282,0.3413788226942499,1.1668013490817037
Gary Trent Jr.,MIL,0.9875489116289531,-0.937729236306817,0.3777152646968663,0.24954417985877045,-1.0053717866615473,-0.0882284323545774,-0.46930976679200576,-0.260393794783643,-0.9766584234573317,-1.5575651217568696,-0.6201106420993246,0.27360400091025766,-1.0593300823198577,-0.3280799717620751,-1.160214020468518,0.33087655439612546,-0.4924313991076348,-0.34743438308400854
Goga Bitadze,ORL,-1.6123769053380732,1.5271590419853869,1.4093769475898446,1.2674349900847937,1.4840823583432576,1.0777517344528769,0.16563874122070793,-0.7913929057149921,0.1602717603439703,1.1576334740977205,0.7293704701689859,-0.18406087333962814,2.796418738122778,2.157136706764985,1.7999405113630678,1.7710790191224877,1.3141574147964488,1.7491997076069776
Gradey Dick,TOR,0.3467870524828242,-0.9503051969103486,-0.843084393393156,-0.5832755739625193,0.11122161661266657,-0.8057546888514724,-0.6280468937951842,0.5973739997977684,-0.6257540457408804,-0.4216146887972962,-0.5336054425949458,-0.3366158314229236,-0.8291361228904466,-1.290099331191905,-0.8119605461353904,-0.3237609295704026,-1.3262416209095196,-1.2016186422544104
Guerschon Yabusele,PHI,0.28685968436124376,0.671993720945234,0.7903799378540576,0.7677431377920186,0.12952642650240778,1.0777517344528769,0.21855111688843407,-0.4442011793368022,-0.3450305435677194,0.32645023046876404,0.8504777494751163,-0.3366158314229236,-0.4262966938889772,-0.8892579314294758,0.3416290875930953,-0.3237609295704026,-0.21449465850700658,-0.036821925203862425
Gui Santos,GSW,0.6325945004472843,1.049272539051184,0.6872137695647598,0.6196862926682334,0.09291680672292534,-0.44699156060302503,-0.7867840207983626,-0.9752002902681517,0.019910009257389817,1.8502861771218506,1.6463255849154022,-0.4891707895062191,-0.3687482040316245,0.23309798790532568,0.4504582983221977,-0.5856159231570139,-0.4924313991076348,0.2349639754412654
Harrison Barnes,SAS,0.3467870524828242,0.48335431189225914,1.1858502496296992,1.3599705182871595,0.6878231281395147,2.5128042474466667,1.0651491275720524,-0.6280085638899617,-0.6959349212841707,-1.640683446119765,-0.04917632537042408,-1.709610454172582,-0.8291361228904466,-1.6107724510018482,-0.616067966823006,-1.1093259103302364,0.3413788226942499,0.25437725405877454
Haywood Highsmith,MIA,0.7155708563079342,0.3701706664604742,0.5496588785123626,0.32357260242066305,-1.0053717866615473,-0.2676099964788012,-1.262995401807898,-1.4245072302869861,-0.7661157968274609,0.049389149259112024,0.43525279185409765,0.27360400091025766,0.09163971482719777,0.6339393876677547,-0.703131335406288,0.592731547982737,-0.631399769407949,-0.34743438308400854
Herbert Jones,NOP,-0.04504573908135539,-0.19574756069844906,-0.8086956706300568,-0.6202897852434656,0.04715478199857252,-0.9851362529756962,-1.686294407149707,-0.7301237775306059,0.04798235947470606,1.019102933492894,1.6982287046180293,1.6465986236599157,-0.4262966938889772,0.07276142800035401,-0.8337263882812108,-1.1093259103302364,-1.0483048803088912,-1.279271756724447
Isaac Okoro,CLE,0.720180653855748,-0.09513987587019579,0.03382803706587547,-0.19462635551258517,-0.6118183740321111,-0.2676099964788012,-0.41639739112427954,-1.2406998457338265,-0.6538263959581964,-0.8649124187327393,0.9888860686821225,-0.3366158314229236,-0.1961027344595662,0.473602827762783,-0.8554922304270312,-0.4546884263637082,-0.21449465850700658,0.0796577465011922
Isaiah Hartenstein,OKC,-1.8059884023462562,0.6971456421522974,0.532464517130813,0.3976010249825556,0.23020288089598454,1.2571332985771007,0.5889377465625171,-0.260393794783643,0.693646414472976,0.991396825371929,-0.04917632537042408,-0.6417257475895143,0.8973185728301364,1.8364635869550419,2.300554880716938,2.4257165030890158,1.7310625256973913,1.9821590510170874
Isaiah Jackson,IND,-1.9765509116153697,0.7977533269805507,1.0654897199588518,0.47162944754444824,3.48845904126992,-0.9851362529756962,-0.20474788845337505,-0.11743249568674062,-0.7520796217188029,0.742041852283242,0.8504777494751163,-0.03150591525633298,3.7747430656977747,1.2752856272876412,1.8434721956547087,-1.3711809039168477,-0.4924313991076348,0.9338420056715939
Jabari Smith Jr.,HOU,0.2960792794568715,-0.4472667727690823,-0.516391527143713,-0.3796974119173146,-0.007759647670651162,0.360225477955982,-0.2576602641211012,-0.4442011793368022,-1.2433457505218346,-0.92032463497467,0.331446552448843,-1.709610454172582,0.20673669454190313,-0.007406851952131811,0.2545657190098133,0.9855140383626537,-0.07552628820669241,0.27379053267628367
Jabari Walker,POR,-0.4046099478108376,0.29471490283928425,0.41210398745996557,0.3050654967801899,0.6146038885805498,-0.3573007785409131,-0.2576602641211012,-0.4850472647930597,-0.8222604972620932,-0.31079025631343526,0.6774673504663585,0.8838238332434389,-0.6564906533183883,0.3132662678578115,1.2557944577175557,-0.4546884263637082,-0.35346302880732067,0.5649897119389207
Jaden Ivey,DET,-0.25709642628079366,-0.6987859848397154,-0.18969866089426982,-0.10209082731021941,0.48647021935236173,-0.8057546888514724,0.6947624978979693,1.5981030934760807,0.8761166908855308,1.1576334740977205,-1.5370657568457406,-0.3366158314229236,-0.48384518374633,-0.7289213715245043,-0.5943021246771856,-0.3237609295704026,-0.07552628820669241,-0.6386335623466455
Jae'Sean Tate,HOU,-0.6811978006796702,-0.38438696975142395,-0.7399182251038582,-0.6573039965244118,0.9623952764856332,-0.44699156060302503,-1.0513458991369933,-0.9547772475400229,-0.4853922946542999,-0.2830841481924702,0.175737193340961,0.7312688751601442,-0.5989421634610356,1.0347807874301838,0.12397066613489048,-0.4546884263637082,-0.4924313991076348,0.6038162691739389
Jaime Jaquez Jr.,MIA,-0.7780035491837617,-0.6107542606149938,-1.0838054527348508,-0.7868537360077239,0.9623952764856332,-0.8954454709135844,-0.7338716451306364,0.33187444433209345,0.5813570136037121,0.991396825371929,-1.4505605573413618,0.7312688751601442,-0.6564906533183883,0.3132662678578115,0.2763315611556337,0.46180405118943124,-0.4924313991076348,-0.6386335623466455
Jakob Poeltl,TOR,-1.9488921263284864,0.9109369724123356,1.203044611011249,1.063856828039589,0.3034221204549495,1.4365148627013242,0.6418501222302431,0.06637488886641855,0.18834411056128655,0.742041852283242,1.3003047868978865,0.42615895899355316,1.0124155525448417,0.8744442275252121,1.5605162477590422,1.2473690319492652,1.4531257850967632,0.9920818415241214
Jalen Duren,DET,-1.9765509116153697,1.8918618994878036,2.5613991601536683,2.4703968567155465,1.7861117215239875,3.14063972188145,0.9593243762365999,-0.4442011793368022,0.09009088480068006,1.7117556365170246,-0.2913908839826849,-0.6417257475895143,1.3001580018316057,1.2752856272876412,2.518213302175143,2.4257165030890158,2.286936006898648,2.273358230279724
Jalen Pickett,DEN,0.5588377396822627,-0.8245455908750321,-0.34444791332821656,-0.7868537360077239,-1.920612281148608,-0.8057546888514724,-0.575134518127458,-0.9139311620837655,0.8059358153422406,0.3541563385897291,0.2622423928453399,-0.6417257475895143,-0.7715876330330939,-0.80908965147699,-1.0513848097394156,-1.2402534071235423,-0.7703681397082631,-0.7939397912867188
Jalen Smith,CHI,0.6279847028994704,1.0995763814653106,0.15418856673672293,0.28655839113971676,-0.09013129217448669,0.27053469589387,1.0122367519043263,0.5361048716133818,-0.6117178706322224,-1.114267391821426,-0.014574245568672527,-1.404500538005991,1.1850610221169,-0.6487530915720183,1.9087697220921702,-0.061905935983791224,0.2024104523939358,0.7979490553490299
Jalen Williams,OKC,-0.6028312423668344,-0.2208994819055124,-0.25847610642046837,-0.12059793295069257,0.16613604628189024,1.70558720888766,1.6471852599170398,1.8636026489417556,1.479672220557827,-0.39390858067633105,-1.2429480785308527,1.0363787913267344,0.09163971482719777,1.1149490673826696,-0.31134617678151916,3.4731364774354607,3.537651339601475,1.3026942994042678
Jalen Wilson,BRK,0.6556434881863538,-0.6359061818220572,-1.032222368590202,-0.7498395247267776,0.3034221204549495,-0.5366823426651368,-1.262995401807898,-0.3829320511524156,-0.40117524400235166,-0.22767193195053997,-0.13568152487480298,-1.0993906218394005,-1.0593300823198577,-1.209931051239419,-0.6813654932604674,-0.4546884263637082,-2.1600518427114044,-1.2016186422544104
Jamal Shead,TOR,0.07019919961399163,-0.8496975120820953,-0.9978336458271028,-1.2495313770195526,-0.9962193817166767,-1.2542085991620318,-1.4217325288110763,-0.11743249568674062,2.1253362755560974,2.099641150210537,-1.2602491184317284,-0.18406087333962814,-0.714039143175741,-1.0495944913344475,-1.3778724419267228,-0.7165434199503196,-1.6041783615101477,-1.6675373290746296
Jamison Battle,TOR,1.4854070467928517,-0.2460514031125757,0.7387968537094086,0.47162944754444824,-1.5270588685191717,-0.2676099964788012,0.4302006195593386,-0.5258933502493176,-0.8222604972620932,-1.5298590136359043,-1.1910449588282253,-2.0147203703391723,-0.5413936736036827,-1.3702676111443908,-0.4637070718022627,-1.1093259103302364,-0.4924313991076348,-0.3280211044664994
Jarace Walker,IND,0.35600664757845196,-0.007108151645474173,-0.01775504707877344,-0.2316405667935294,-0.02606445756039239,-1.4335901632862558,-1.1042582748047196,-0.3012398802399005,-0.3029220182417452,1.6563434202750933,-2.2291073528807717,1.18893374941003,-0.023457264887507864,0.6339393876677547,0.03690729755160848,0.06902156080951424,-0.4924313991076348,-1.143378806401883
Jaren Jackson Jr.,MEM,-0.5382940766974401,0.1941072180110324,0.17138292811827258,0.47162944754444824,1.0905289457138212,1.7952779909497718,1.4355357572461354,2.0882561189511724,-0.3731028937850354,-0.44932079691826127,1.0061871085829983,0.42615895899355316,1.702997430833075,0.7141076676202405,-0.006624386740032331,2.032934012709099,2.564872747499276,1.1085615132291764
Javonte Green,NOP,0.955280328794256,-0.14544371828432243,-0.275670467802018,1.2119136731633742,0.6146038885805498,-0.17791921441668937,2.3350461435974794,0.6586431279821543,-0.3029220182417452,-0.5324391212811571,-0.2740898440818092,1.0363787913267344,0.3218336742566088,0.23309798790532568,1.059901878405171,-0.5856159231570139,-0.4924313991076348,2.2151183944271966
Jaxson Hayes,LAL,-1.921233341041603,2.2565647569902216,2.905286387784661,2.8960602864464287,2.152207919318812,0.6292978241423174,-0.41639739112427954,-1.2202768030056979,-0.7380434466101449,0.714335744162277,1.2311006272943834,-0.3366158314229236,1.6454489409757225,1.355453907240127,0.7116484040720433,0.06902156080951424,0.06344208209362169,1.4774138069618497
Jaylen Nowell,NOP,-0.2709258189242353,-1.9438060845893483,-2.3389938335879736,-2.674578511335984,-0.7033424234808173,-1.2542085991620318,-1.3688201531433504,0.6790661707102834,0.2865973363218928,-0.7263818781279133,-0.7585189613063308,-2.167275328422468,0.14918820468455032,-2.171950410669249,-0.8554922304270312,-1.5021084007101535,-0.9093365100085773,-3.2400128970928694
Jaylin Williams,OKC,1.3010151448802965,-0.06998795466313247,-0.464808442999064,-0.7313324190863044,-1.078591026220512,-0.3573007785409131,0.536025370894791,-0.8118159484431212,0.5532846633863956,0.049389149259112024,0.6774673504663585,-0.7942807056728097,1.1850610221169,1.9166318669075277,1.5605162477590422,0.19994905760282,0.48034719299456413,1.322107578021777
Jeremiah Robinson-Earl,NOP,0.17161474566589702,0.23183509982162598,-0.18969866089426982,-0.15761214423163886,-0.46537989491418164,-0.0882284323545774,-0.20474788845337505,-0.8935081193556363,-0.5976816955235644,-0.25537804007150505,-0.9315293603150886,-0.18406087333962814,-0.7715876330330939,-1.209931051239419,0.7116484040720433,-0.9783984135369308,-0.7703681397082631,-0.46391405478906345
Jeremy Sochan,SAS,-1.096079579982919,0.7600254451699556,0.7044081309463094,0.6011791870277603,0.3491841451793025,0.4499162600180937,0.21855111688843407,0.10722097432267606,0.10412705990933806,0.6866296360413118,0.002726794332203246,-0.18406087333962814,-0.13855424460221338,-0.3280799717620751,0.8204776148011458,-0.3237609295704026,-0.07552628820669241,0.1184843037362105
Jett Howard,ORL,1.351722917906249,-0.3718110091478923,-1.4448870417473922,-1.8047445462337472,-1.2890963399525361,-1.5232809453483676,-1.5804696558142546,0.1276440170508052,-0.4573199444369839,-0.4770269050392269,-1.0872387194229707,-1.0993906218394005,-0.2536512243169189,-0.80908965147699,-0.9207897568644928,-0.5856159231570139,-1.1872732506092056,-1.6481240504571204
Jock Landale,HOU,-1.2989106720867298,-0.6359061818220572,-0.5851689726699114,-0.5647684683220461,0.6786707231946442,-0.5366823426651368,-0.04601076145019661,-0.4850472647930597,-0.47135611954564194,-0.2830841481924702,-1.606269916449244,-1.2519455799226957,0.03409122496984495,0.23309798790532568,1.1034335626968121,-0.8474709167436252,-0.35346302880732067,0.7591224981140121
John Collins,UTA,-0.6904173957752979,0.39532258766753753,0.6184363240385612,0.9898284054776965,0.7427375578087384,0.4499162600180937,1.0651491275720524,1.2100652816416333,-0.3731028937850354,0.742041852283242,1.9231422233294144,-0.3366158314229236,0.6095761235433726,-0.3280799717620751,0.9075409833844278,-0.192833432777097,0.7582839335951924,0.13789758235371966
John Konchar,MEM,1.2180387890196467,1.338519632932412,0.22296601226292148,0.08298022909451208,-1.106048241055124,-0.6263731247272487,-0.20474788845337505,-2.037198512130851,-0.6959349212841707,0.880572392888068,-0.15298256477567873,-0.03150591525633298,0.3218336742566088,1.1951173473351555,0.9293068255302481,-0.5856159231570139,-0.21449465850700658,0.3902702043813383
Jonathan Kuminga,GSW,-0.7687839540881339,-0.5856023394079305,-0.843084393393156,-0.7128253134458313,1.7769593165791169,-0.7160639067893606,0.3243758682238863,1.9044487343980132,0.10412705990933806,-0.7263818781279133,-0.6028096021984489,-0.18406087333962814,-0.08100575474486069,-0.16774341185710348,-0.09368775532331433,-0.061905935983791224,-0.07552628820669241,-0.34743438308400854
Jonathan Mogbo,TOR,-1.0407620094091525,-0.8496975120820953,-1.2901377893134465,-1.2495313770195526,0.44986059957287927,-0.8057546888514724,-1.1042582748047196,-0.83223899117125,-0.17659644226382293,0.714335744162277,-1.4159584775396103,0.42615895899355316,0.3793821641139616,0.5537711077152689,0.4722241404680181,-0.192833432777097,-0.631399769407949,-0.5998070051116272
Jordan Clarkson,UTA,0.1854441383093384,-1.2269763301880445,-0.8774731161562552,-0.6017826796029924,0.5779942688010674,-0.6263731247272487,0.8005872492334216,1.9044487343980132,1.3252742943625884,0.21562579798490314,-0.8969272805133371,-0.18406087333962814,-0.714039143175741,-1.690940730954334,-0.8119605461353904,-1.1093259103302364,-0.35346302880732067,-1.143378806401883
Jordan Hawkins,NOP,0.7340100464991897,-1.5162234240692727,-1.358915234839644,-1.3790811165028647,-0.5752087542526287,-1.6129717274104791,-0.945521147801541,0.5361048716133818,-0.8924413728053834,-0.9480307430956351,-1.069937679522095,-0.7942807056728097,-0.13855424460221338,-2.4124552505267065,-0.9207897568644928,-1.3711809039168477,-2.02108347241109,-2.308175523452431
Jordan Poole,WAS,0.6971316661166786,-0.6987859848397154,-0.22408738365736908,0.13850154601593154,0.3491841451793025,-0.44699156060302503,1.1180615032397783,2.149525247135559,1.6621424969703817,0.880572392888068,-0.9315293603150886,0.7312688751601442,-0.4262966938889772,-1.209931051239419,-1.0513848097394156,-0.4546884263637082,0.6193155632948782,-1.104552249166865
Jose Alvarado,NOP,0.9045725557683033,-1.315008054412766,-0.5335858885252626,-0.6943182078053581,-0.8863905223782294,0.0014623497075343496,0.21855111688843407,-0.07658641023048311,1.9428659991435426,-0.19996582382957487,0.48715591155672505,1.494043665576621,-0.5989421634610356,-0.3280799717620751,-1.116682336176877,-0.9783984135369308,-0.07552628820669241,-0.4833273334065726
Josh Giddey,CHI,-0.3170237944023741,-0.4346908121655506,-0.2928648291835676,-0.15761214423163886,0.22105047595111393,0.7189886062044294,1.0651491275720524,0.5769509570696393,2.546421528815839,1.7948739608799194,0.08923199383658213,-0.03150591525633298,-0.08100575474486069,0.5537711077152689,0.6898825619262229,0.9855140383626537,2.0089992662980194,0.1184843037362105
Julian Champagnie,SAS,1.3701621080975046,0.16895529680396906,-0.01775504707877344,-0.046569510388799966,-0.8955429273230999,-0.17791921441668937,0.059813989885255645,-0.260393794783643,-0.7801519719361188,-0.6709696618859831,0.9023808691777436,-0.18406087333962814,-0.1961027344595662,-0.80908965147699,-0.35487786107316033,-0.192833432777097,-0.35346302880732067,-0.7939397912867188
Julian Phillips,CHI,0.47586138382161286,0.2821389422357526,-0.25847610642046837,-0.06507661602927312,0.6146038885805498,-0.2676099964788012,-0.9984335234692672,-1.0160463757244096,-1.2573819256304926,-1.0311490674585309,0.34874759234971875,-0.18406087333962814,-0.1961027344595662,-0.5685848116195326,-0.5507704403855446,-0.7165434199503196,-1.0483048803088912,-0.4250874975540451
Julian Strawther,DEN,0.5911063225169599,-0.1831716000949174,-0.22408738365736908,-0.2131334611530583,-0.49283710974879347,-0.6263731247272487,-1.3159077774756238,-0.09700945295861223,-0.8222604972620932,-0.5047330131601919,-1.8138823952597531,-0.6417257475895143,-0.5989421634610356,-1.290099331191905,-1.073150651885236,-0.5856159231570139,-1.8821151021107763,-1.0851389705493557
Julius Randle,MIN,-0.4737569110280458,0.005467808958057486,-0.34444791332821656,0.17551575729687782,1.4383203336189045,1.5262056447634362,1.0122367519043263,1.4551417943791791,1.2831657690366145,0.8528662847671029,-0.20488568447830607,-1.0993906218394005,-0.8291361228904466,-0.408248251714561,0.38516077188473613,1.2473690319492652,1.3141574147964488,0.5649897119389207
Justin Edwards,PHI,0.5588377396822627,0.3701706664604742,-0.01775504707877344,-0.32417609499589517,-1.0968958361102534,-0.7160639067893606,-0.8396963964660888,-0.5871624784337038,-0.6959349212841707,-0.4770269050392269,-1.4505605573413618,-0.03150591525633298,-0.4262966938889772,-1.3702676111443908,-0.703131335406288,-0.9783984135369308,-1.1872732506092056,-1.0657256919318465
Karlo Matković,NOP,-0.7272957761578089,1.1624561844829688,0.9279348289064546,0.9713212998372233,-0.18165534162319283,-0.5366823426651368,-1.1571706504724455,-0.7913929057149921,-0.8784051976967253,1.3792823390654414,0.15843615344008521,-0.6417257475895143,1.9331913902624864,-0.3280799717620751,0.9075409833844278,-0.9783984135369308,-0.9093365100085773,-0.34743438308400854
Keegan Murray,SAC,0.4989103715606823,0.23183509982162598,-0.2928648291835676,-0.5277542570410998,-1.215877100393571,0.6292978241423174,-0.2576602641211012,-0.6484316066180905,-1.1170201745439121,-1.4190345811520435,0.3660486322505946,-0.946835663756105,0.20673669454190313,-0.8892579314294758,0.12397066613489048,0.7236590447760425,-0.7703681397082631,-0.4250874975540451
Keldon Johnson,SAS,-0.30780419930674635,0.3450187452534109,-0.01775504707877344,0.10148733473498524,0.3217269303446907,0.6292978241423174,0.3772882438916125,0.638220085254026,-0.5415369950889322,-1.0311490674585309,-1.2602491184317284,-0.6417257475895143,-0.6564906533183883,-1.4504358910968767,-0.02839022888585312,-0.4546884263637082,-0.4924313991076348,-0.2891945472314811
Kelly Oubre Jr.,PHI,-0.4691471134802319,0.11865145438984243,-0.4991971657621633,-0.4352187288387341,0.2027456660613727,0.0911531317696463,-0.522222142459732,0.1684901025070627,-0.7661157968274609,-0.8372063106117742,-0.2913908839826849,0.7312688751601442,-0.3687482040316245,-0.5685848116195326,-0.05015607103167353,0.46180405118943124,-0.7703681397082631,-0.6580468409641547
Kenrich Williams,OKC,0.3652262426740797,0.6468417997381707,0.44649271022306486,0.24954417985877045,-1.1426578608346065,0.0014623497075343496,0.059813989885255645,-0.6484316066180905,-0.40117524400235166,-0.4770269050392269,0.8158756696733648,0.27360400091025766,-0.714039143175741,0.7141076676202405,0.3198632454472749,0.33087655439612546,0.06344208209362169,1.0309083987591396
Kentavious Caldwell-Pope,ORL,0.7386198440470035,0.4959302724957908,-0.4304197202359647,-0.3426832006363683,-0.46537989491418164,-0.3573007785409131,-1.5804696558142546,-1.1590076748213112,-0.6959349212841707,-0.643263553765018,0.2968444726470914,0.7312688751601442,-0.31119971417427167,1.0347807874301838,-1.3778724419267228,1.7710790191224877,-0.7703681397082631,-0.3280211044664994
Keon Ellis,SAC,1.1719408135415084,0.6845696815487657,1.4437656703529438,1.5080273634109447,-0.4104654652449579,0.8983701703286533,0.3772882438916125,-1.0160463757244096,-0.808224322153435,-0.11684749946667908,1.023488148483874,1.9517085398265068,0.724673103258078,1.355453907240127,-0.9425555990103132,0.7236590447760425,1.4531257850967632,0.4873365974688841
Keon Johnson,BRK,0.3790556353175214,-1.1640965271703863,-1.5480532100366902,-1.6381805954694888,-0.5752087542526287,-2.0614256377210385,-1.3688201531433504,0.6994892134384125,-0.008162340959926183,-0.25537804007150505,-1.069937679522095,0.7312688751601442,-0.1961027344595662,-0.24791169180958927,-0.28958033463569877,0.46180405118943124,-1.4652099912098338,-1.6869506076921388
Kevon Looney,GSW,-1.921233341041603,-0.32150716673376567,-0.5679746112883618,-0.8423750529291434,1.035614516044598,0.5396070420802057,-0.20474788845337505,-0.8526620338993788,0.18834411056128655,-0.14455360758764418,0.22764031304358834,0.42615895899355316,0.5520276336860198,0.7942759475727265,2.5835108286126047,0.8545865415693482,0.06344208209362169,1.535653642814377
Keyonte George,UTA,0.5957161200647738,-1.0509128817386013,-0.9634449230640034,-0.6017826796029924,0.7976519874779621,-0.17791921441668937,0.3772882438916125,1.2713344098260193,2.0411192249041488,0.9636907172509638,-1.1045397593238464,-0.946835663756105,-0.8866846127477993,-1.8512772908593058,-0.8337263882812108,-1.1093259103302364,-0.631399769407949,-1.2404451994894286
Kobe Bufkin,ATL,-0.11419270229856335,-0.5730263788043989,-2.081078412864729,-1.6937019123909083,1.4200155237291634,-1.0748270350378082,-1.5275572801465287,0.5361048716133818,0.693646414472976,0.21562579798490314,-1.381356397737859,-0.946835663756105,-0.31119971417427167,-0.5685848116195326,-0.24604865034405793,-1.3711809039168477,-0.7703681397082631,-1.589884214604593
Kris Dunn,LAC,0.3237380647437548,0.06834761197571579,-0.8086956706300568,-1.3050526939409721,-1.618582917967878,-0.7160639067893606,-1.3688201531433504,-1.1181615893650536,0.4690676127344475,0.7974540685251728,0.6255642307637312,3.0195932464095745,-0.2536512243169189,2.718314666432386,-0.4854729139480832,1.9020065159157935,0.6193155632948782,-0.036821925203862425
Kris Murray,POR,-0.08653391701168031,0.4078985482710692,-0.9290562003009042,-1.5456450672671231,-0.14504572184371037,-0.9851362529756962,-0.9984335234692672,-0.8730850766275076,-0.6818987461755126,-0.00602306698281818,0.4698548716558492,0.27360400091025766,-0.3687482040316245,-0.08757513190461763,-0.18075112390659634,-0.7165434199503196,-0.7703681397082631,-1.143378806401883
Kristaps Porziņģis,BOS,0.028711021683666703,0.09349953318277911,0.36052090331531667,0.7307289265110724,1.035614516044598,1.1674425165149886,2.0175718895911228,1.4959878798354367,-0.4292475942196677,-1.2805040405472174,-1.2602491184317284,-0.4891707895062191,1.7605459206904277,0.8744442275252121,0.5375216669054798,0.7236590447760425,1.5920941553970773,1.9821590510170874
Landry Shamet,NYK,0.6372042979950981,0.6342658391346391,0.41210398745996557,-0.028062404748326816,-1.3989251992909832,-0.9851362529756962,-1.3159077774756238,-0.9547772475400229,-1.1872010500872023,-0.5047330131601919,0.40065071205234615,0.42615895899355316,-0.9442331026051521,0.23309798790532568,-1.2472773890518,-1.1093259103302364,-0.7703681397082631,-0.9686592988443008
Larry Nance Jr.,ATL,0.2822498868134299,0.45820239068519586,1.3577938634451956,1.063856828039589,-1.3165535547871476,-0.3573007785409131,0.8534996249011477,-0.5258933502493176,-0.2888858431330872,-0.7817940943698439,-1.4159584775396103,0.42615895899355316,0.3218336742566088,0.3934345478102973,0.38516077188473613,-0.8474709167436252,-0.07552628820669241,0.5844029905564299
Lonzo Ball,CHI,1.7205067217313597,-1.101216724152728,-0.7399182251038582,-0.9349105811315092,-1.0694386212756415,-0.8057546888514724,-0.522222142459732,-0.4646242220649309,0.8059358153422406,0.5480990954364858,2.096152622338172,1.6465986236599157,-0.08100575474486069,1.1951173473351555,-0.529004598239724,-0.3237609295704026,-0.07552628820669241,-0.5415671692591001
Luguentz Dort,OKC,1.204209396376205,-0.7239379060467788,0.24016037364447113,-0.046569510388799966,-1.307401149842277,0.6292978241423174,-0.0989231371179228,-0.9343542048118941,-0.9205137230226994,-1.197385716184322,0.07193095393570635,0.12104904282696251,-0.023457264887507864,0.473602827762783,-0.572536282531365,2.1638615095024045,0.48034719299456413,0.5067498760863932
Luke Kennard,MEM,0.8262059974554673,-0.10771583647372746,1.203044611011249,1.193406567522901,-0.8314760927090057,1.1674425165149886,1.2238862545752307,-0.607585521161833,0.8199719904508987,0.38186244671069475,-0.23948776428005764,-0.3366158314229236,-0.9442331026051521,-0.08757513190461763,-0.8337263882812108,-0.192833432777097,0.8972523038955067,0.7591224981140121
Luke Kornet,BOS,-1.9304529361372307,1.6026148056065768,2.062762680088731,2.063240532625139,1.6122160275714463,2.1540411191982196,0.9064120005688739,-1.5878915721120166,-0.21870496758979693,-0.4216146887972962,0.7812735898716132,-0.4891707895062191,1.6454489409757225,1.435622187192613,1.0381360362593506,0.7236590447760425,1.3141574147964488,2.60338396677738
Malcolm Brogdon,WAS,-0.9024680829747362,-0.8496975120820953,-1.3761095962211938,-0.5647684683220461,1.4200155237291634,-0.5366823426651368,0.2714634925561602,1.107950068000989,1.9288298240348845,-0.00602306698281818,0.31414551254796724,-0.946835663756105,-0.714039143175741,-1.290099331191905,-0.42017538751062156,-1.2402534071235423,-0.4924313991076348,-0.6774601195816639
Malik Beasley,DET,1.3332837277149936,-0.6484821424255888,0.721602492327859,0.41610813062302876,-0.941304952047453,1.0777517344528769,1.4355357572461354,0.9037196407197009,-0.5976816955235644,-1.197385716184322,0.19303823324183675,-0.03150591525633298,-1.0593300823198577,-0.80908965147699,-1.0513848097394156,0.8545865415693482,1.4531257850967632,0.13789758235371966
Marcus Sasser,DET,0.48047118136942674,0.3198668240463476,0.22296601226292148,0.13850154601593154,-0.822323687764135,-0.3573007785409131,-0.04601076145019661,0.005105760682031917,1.3252742943625884,0.7697479604042071,-0.20488568447830607,0.7312688751601442,-0.8291361228904466,0.15292970795283983,-1.2255115469059794,-0.5856159231570139,-0.21449465850700658,0.1961374182062471
Max Strus,CLE,1.6928479364444764,0.6845696815487657,0.6012419626570116,0.4531223419039751,-1.215877100393571,0.5396070420802057,1.1180615032397783,-0.6688546493462192,0.2865973363218928,-0.39390858067633105,-0.2913908839826849,-0.946835663756105,-0.6564906533183883,0.3132662678578115,-0.18075112390659634,-0.061905935983791224,0.7582839335951924,0.7591224981140121
Michael Porter Jr.,DEN,0.13012656773557207,0.5588100755134491,0.7903799378540576,0.7122218208705992,-0.4104654652449579,2.6024950295087783,1.2238862545752307,0.4135666152446085,-0.6818987461755126,-1.1419734999423916,0.7120694302681102,-1.2519455799226957,-0.48384518374633,-1.6107724510018482,0.2327998768639929,0.46180405118943124,0.7582839335951924,0.3902702043813383
Miles McBride,NYK,0.6233749053516565,-1.1263686453597912,-0.516391527143713,-0.6573039965244118,-0.9230001421577118,0.4499162600180937,0.21855111688843407,-0.3216629229680289,0.18834411056128655,-1.335916256789148,1.179197507591756,0.42615895899355316,-0.5413936736036827,0.15292970795283983,-0.9860872833019542,0.06902156080951424,0.3413788226942499,-0.036821925203862425
Mitchell Robinson,NYK,-1.9765509116153697,1.3636715541394753,1.8392359821285855,1.8411552649394614,-0.3280938207411224,-0.8057546888514724,0.6418501222302431,-1.4245072302869861,-1.3275628011737828,0.880572392888068,1.9577443031311659,2.561928372159688,1.3001580018316057,1.1149490673826696,1.5169845634674013,-1.2402534071235423,-0.4924313991076348,1.92391921516456
Moritz Wagner,ORL,-0.5890018497233928,1.300791751121817,1.1858502496296992,1.3784776239276326,1.960007415476529,-0.17791921441668937,1.7000976355847661,1.7614874353011116,0.062018534583364066,0.603511311678416,-0.2740898440818092,0.5787139170768486,-0.023457264887507864,0.954612507477698,1.0381360362593506,-0.192833432777097,0.48034719299456413,1.3803474138743044
Moses Brown,DAL,-1.9765509116153697,2.2439887963866902,3.042841278837058,3.1181455541321066,0.2027456660613727,-0.8954454709135844,1.382623381578409,1.700218307116725,-1.2293095754131764,2.5983510963879106,-0.06647736527129987,1.494043665576621,0.8397700829727837,1.1149490673826696,2.7576375657791687,-1.2402534071235423,-0.4924313991076348,2.4674910164548156
Mouhamed Gueye,ATL,0.42976340834347404,0.6845696815487657,-1.1009998141164006,-1.17550295445766,-0.4104654652449579,-0.9851362529756962,-0.7867840207983626,-0.4646242220649309,-1.0187669487833058,-1.4190345811520435,0.5909621509619797,1.7991535817432112,2.508676288836014,1.435622187192613,0.12397066613489048,-0.8474709167436252,-0.35346302880732067,-0.23095471137895393
Myles Turner,IND,0.21771272114403556,-0.007108151645474173,0.3261321805522174,0.4901365531849214,0.42240338473826744,0.0911531317696463,0.16563874122070793,0.5156818288852526,-0.8643690225880672,-0.03372917510378328,0.7639725499707375,-0.6417257475895143,1.9331913902624864,-0.007406851952131811,0.3198632454472749,1.2473690319492652,0.48034719299456413,-0.19212815414393564
Naji Marshall,DAL,-0.42765893554990697,0.747449484566424,-0.10372685398652162,0.06447312345403894,-0.09013129217448669,0.360225477955982,0.16563874122070793,0.4135666152446085,0.328705861647867,0.13250747362200782,-0.5682075223966974,0.42615895899355316,-0.8866846127477993,-0.3280799717620751,-0.18075112390659634,0.06902156080951424,0.06344208209362169,-0.21154143276144477
Naz Reid,MIN,0.3283478622915687,-0.10771583647372746,0.20577165088137184,0.10148733473498524,-0.639275588866723,0.8086793882665413,0.8005872492334216,0.7403352988946701,-0.17659644226382293,-0.5878513375230873,0.9888860686821225,-0.4891707895062191,0.6671246134007254,0.6339393876677547,0.38516077188473613,2.2947890062957104,1.8700308959977054,0.5067498760863932
Neemias Queta,BOS,-1.8981843533025335,1.376247514743007,1.6672923683130891,1.7301126310966224,0.7610423676984797,0.27053469589387,-0.8396963964660888,-0.9343542048118941,-1.0047307736746478,0.9082785010090332,0.6601663105654827,-1.0993906218394005,1.242609511974253,0.473602827762783,0.9728385098218894,-0.061905935983791224,-0.4924313991076348,1.2638677421692495
Nickeil Alexander-Walker,MIN,0.7893276170729563,-0.29635524552670234,0.25735473502602074,0.15700865165640468,-0.59351356414237,0.27053469589387,-0.20474788845337505,-0.4850472647930597,0.10412705990933806,0.3541563385897291,0.6255642307637312,-0.7942807056728097,-0.3687482040316245,0.07276142800035401,-0.7248971775521084,0.9855140383626537,0.06344208209362169,-0.17271487552642648
Nikola Jović,MIA,0.5911063225169599,0.2192591392180943,0.22296601226292148,0.3790939193420825,0.028849972108831293,0.0014623497075343496,0.11272636555298177,0.025528803410161036,0.5111761380604218,0.18791968986393803,0.037328874133954804,-0.18406087333962814,-0.5413936736036827,0.23309798790532568,-0.3766437032189808,0.06902156080951424,0.2024104523939358,-0.036821925203862425
Norman Powell,LAC,0.13934616283119983,0.018043769561589144,0.6872137695647598,0.9528141941967502,0.5505370539664556,1.3468240806392127,1.753010011252492,1.8636026489417556,-0.3731028937850354,-0.6155574456440529,1.0061871085829983,0.27360400091025766,-0.8866846127477993,-0.24791169180958927,-0.9643214411561336,0.8545865415693482,1.8700308959977054,0.7591224981140121
Ochai Agbaji,TOR,0.19927353095278003,0.6468417997381707,0.8763517447618058,0.564164975746814,-1.151810265779477,0.27053469589387,0.006901614217529516,-0.8118159484431212,-0.7801519719361188,-0.9757368512166001,-0.4471002430905669,-0.3366158314229236,-0.13855424460221338,-0.007406851952131811,-0.659599651114647,-0.061905935983791224,0.06344208209362169,-0.30860782584899027
Olivier-Maxence Prosper,DAL,-0.6258802301059039,-0.9251532757032853,-1.891940437667683,-1.6751948067504352,1.914245390752176,-0.7160639067893606,-0.522222142459732,-0.3829320511524156,-0.6117178706322224,-1.5575651217568696,-1.519764716944865,0.7312688751601442,-0.6564906533183883,-0.5685848116195326,0.2980974033014541,-0.8474709167436252,-0.631399769407949,-0.5221538906415909
Orlando Robinson,TOR,-0.62127043255809,-1.0006090393244746,-1.56524757141824,-1.156995848817187,1.6854352671304107,-0.8954454709135844,-1.0513458991369933,0.025528803410161036,1.0024422668634536,1.2961640147025466,0.7639725499707375,1.3414887074933255,0.20673669454190313,0.8744442275252121,1.1034335626968121,-0.8474709167436252,-0.631399769407949,-0.6386335623466455
Ousmane Dieng,OKC,0.641814095542912,0.3575947058569426,-0.39603099747286546,-0.675811102164885,-0.9138477372128412,-0.8954454709135844,-0.7867840207983626,-0.5054703075211888,-0.5275008199802742,0.02168304113814692,-1.381356397737859,0.42615895899355316,-0.1961027344595662,0.7141076676202405,0.08043898184324928,-0.5856159231570139,-0.4924313991076348,0.09907102511870135
P.J. Washington,DAL,-0.33085318704581573,-0.8496975120820953,-0.7399182251038582,-0.6017826796029924,0.49562262429723186,-0.8057546888514724,-0.2576602641211012,0.39314357251648013,-0.4573199444369839,0.21562579798490314,1.1618964676908803,0.12104904282696251,0.43693065397131414,0.23309798790532568,0.7334142462178638,0.8545865415693482,0.06344208209362169,-0.6386335623466455
Paolo Banchero,ORL,-0.5751724570799511,-0.6233302212185255,-0.9290562003009042,-0.5647684683220461,1.8684833660278228,-0.44699156060302503,2.0704842652588487,3.048139127173228,1.7744318978396463,-0.2830841481924702,-0.7412179214054551,-0.7942807056728097,-0.023457264887507864,-0.007406851952131811,0.4069266140305565,0.8545865415693482,1.7310625256973913,-0.01740864658635328
Pat Connaughton,MIL,0.4666417887259851,-0.007108151645474173,-0.5851689726699114,-0.675811102164885,-0.6026659690872406,-0.8057546888514724,-0.6809592694629103,-0.9343542048118941,0.18834411056128655,0.3541563385897291,-0.827723120909834,-1.709610454172582,-0.13855424460221338,-0.48841653166704674,-0.18075112390659634,-0.9783984135369308,-0.631399769407949,-0.5027406120240817
Pelle Larsson,MIA,0.3145184696481271,0.20668317861456403,-0.44761408161751437,-0.47223294011968037,0.6329086984702911,-0.7160639067893606,-2.05668103682379,-0.9343542048118941,-0.47135611954564194,-0.8372063106117742,0.5044569514576008,-0.3366158314229236,-0.7715876330330939,-0.08757513190461763,-0.8990239147186722,-0.8474709167436252,-1.1872732506092056,-0.580393726494118
Peyton Watson,DEN,-0.4691471134802319,-0.29635524552670234,-0.2928648291835676,-0.17611924987211203,0.989852491320245,-0.2676099964788012,-0.6809592694629103,-0.8730850766275076,-0.8503328474794092,-0.22767193195053997,-0.7931210411080823,-0.18406087333962814,1.5303519612610168,0.23309798790532568,-0.5943021246771856,0.19994905760282,-0.35346302880732067,-0.4445007761715543
Precious Achiuwa,NYK,-1.3864968254951935,0.06834761197571579,-0.15530993813117053,-0.3796974119173146,-0.0992836971193573,-0.2676099964788012,-0.41639739112427954,-0.9547772475400229,-1.0187669487833058,-0.22767193195053997,-1.364055357836983,0.27360400091025766,0.6671246134007254,0.07276142800035401,1.1251994048426326,0.19994905760282,-0.35346302880732067,0.27379053267628367
Quinten Post,GSW,0.8861333655770477,-0.09513987587019579,0.7387968537094086,0.5086436588253945,-1.243334315228183,-0.44699156060302503,0.7476748735656955,0.35229748706022185,0.033946184366047814,-0.31079025631343526,-0.15298256477567873,-0.6417257475895143,0.43693065397131414,0.23309798790532568,0.5157558247596589,-0.5856159231570139,-0.07552628820669241,0.6038162691739389
RJ Barrett,TOR,-0.5567332668886956,-0.28377928492317067,-0.3272535519466669,-0.39820451755778774,0.8342616072574446,-0.2676099964788012,1.1180615032397783,2.1086791616793015,2.0551554000128074,0.3541563385897291,0.175737193340961,-0.7942807056728097,-0.714039143175741,-0.6487530915720183,0.058673139697428885,0.33087655439612546,1.0362206741958206,-0.6968733981991729
Richaun Holmes,WAS,-1.8659157704678364,1.6277667268136402,1.9252077890363335,2.414875539794127,1.9325502006419173,0.18084391383175805,0.8534996249011477,-0.7709698629868634,-0.17659644226382293,0.16021358174297293,1.7674328642215325,-1.404500538005991,1.0699640424021946,0.07276142800035401,1.4516870370299397,-0.9783984135369308,-0.07552628820669241,1.4580005283443405
Ricky Council IV,PHI,0.1670049481180831,-0.6107542606149938,-1.324526512076546,-0.916403475491036,0.6237562935254204,-0.6263731247272487,-0.1518355127856489,0.27060531614770683,-0.3169581933504034,-1.0034429593375653,0.48715591155672505,-0.3366158314229236,-0.48384518374633,-1.6107724510018482,-0.35487786107316033,-0.9783984135369308,-0.9093365100085773,-0.9686592988443008
Robert Williams,POR,-1.8013786047984424,1.3510955935359437,1.7188754524577379,1.933690793141827,-0.09013129217448669,-0.5366823426651368,0.2714634925561602,-1.2202768030056979,-0.6818987461755126,1.2961640147025466,0.002726794332203246,0.12104904282696251,3.7747430656977747,2.317473266669957,1.7346429849256062,-0.7165434199503196,-0.07552628820669241,1.419173971109322
Rui Hachimura,LAL,-0.08653391701168031,0.3450187452534109,0.7387968537094086,0.6937147152301261,-0.29148420096163996,0.9880609523907649,0.16563874122070793,-0.4237781366086731,-0.9485860732400155,-1.225091824305287,0.8158756696733648,-0.7942807056728097,-0.3687482040316245,-0.48841653166704674,-0.2678144924898783,0.33087655439612546,0.06344208209362169,0.2349639754412654
Ryan Rollins,MIL,0.0056620339445973,-0.05741199405960081,-0.05214376984187271,-0.12059793295069257,-0.758256853150041,-0.9851362529756962,-0.8396963964660888,0.14806705977893359,0.20238028566994457,1.1576334740977205,1.0580902282856257,1.494043665576621,0.43693065397131414,1.0347807874301838,-0.659599651114647,-0.5856159231570139,-0.35346302880732067,-0.46391405478906345
Sam Merrill,CLE,2.0247533598870753,1.0618484996547155,0.3261321805522174,0.194022862937351,-1.3257059597320182,0.27053469589387,0.059813989885255645,-0.7505468202587346,-0.6538263959581964,-1.3636223649101131,0.48715591155672505,-0.18406087333962814,-0.714039143175741,0.23309798790532568,-1.0078531254477745,0.06902156080951424,0.2024104523939358,0.21555069682375624
Santi Aldama,MEM,0.2084931260484078,0.5336581543063857,0.49807579436771376,0.24954417985877045,-0.8955429273230999,1.3468240806392127,1.9117471382556703,0.1276440170508052,0.2585249861045768,-0.9480307430956351,0.6947683903672343,-0.3366158314229236,-0.023457264887507864,0.5537711077152689,0.8204776148011458,0.7236590447760425,2.0089992662980194,1.1473880704641946
Shaedon Sharpe,POR,-0.008167358698844341,0.05577165137218412,-0.5335858885252626,-0.4907400457601535,-0.17250293667832223,-0.3573007785409131,0.16563874122070793,1.3121804952822775,0.033946184366047814,-0.19996582382957487,-0.7931210411080823,-0.7942807056728097,-0.7715876330330939,-1.3702676111443908,-0.659599651114647,-0.061905935983791224,-0.631399769407949,-0.9492460202267918
Simone Fontecchio,DET,0.8077668072642118,-0.42211485156201894,-0.6195576954330108,-0.4352187288387341,0.11122161661266657,-0.7160639067893606,-0.7867840207983626,-0.4237781366086731,-0.8643690225880672,-0.00602306698281818,-0.8104220810089583,-0.946835663756105,-0.5989421634610356,-0.48841653166704674,-0.07192191317749393,-0.061905935983791224,-0.9093365100085773,-0.5609804478766092
Spencer Dinwiddie,DAL,0.2638106966221744,-0.7239379060467788,-0.8774731161562552,-0.41671162319826094,1.0996813506586918,0.6292978241423174,-0.3105726397888273,-0.07658641023048311,0.8761166908855308,-0.2830841481924702,-1.1045397593238464,-0.3366158314229236,-0.7715876330330939,-0.6487530915720183,-1.1384481783226976,-0.3237609295704026,-0.631399769407949,-0.4445007761715543
Steven Adams,HOU,-1.9442823287806725,-0.2460514031125757,-0.4304197202359647,-1.1199816375362406,3.2413441077584135,-0.5366823426651368,0.3772882438916125,-0.8526620338993788,-0.09237939161187443,2.3212900151782585,0.2968444726470914,-0.6417257475895143,0.5520276336860198,0.15292970795283983,2.5617449864667847,-0.192833432777097,-0.07552628820669241,0.6038162691739389
Talen Horton-Tucker,CHI,0.014881629040225062,-0.5730263788043989,-0.464808442999064,-0.5277542570410998,0.266812500675467,-0.9851362529756962,-0.6809592694629103,0.638220085254026,0.41292291229981504,-0.03372917510378328,0.3660486322505946,-0.4891707895062191,-0.2536512243169189,-0.80908965147699,-0.5072387560939036,-0.9783984135369308,-0.7703681397082631,-1.0074858560793192
Tari Eason,HOU,-0.4368785306455347,0.10607549378631076,-0.05214376984187271,-0.06507661602927312,-0.28233179601676933,0.6292978241423174,0.9593243762365999,0.27060531614770683,-0.794188147044777,-0.7540879862488788,0.798574629772489,2.561928372159688,0.6671246134007254,2.0769684268124995,0.6463508776345821,1.7710790191224877,1.7310625256973913,1.535653642814377
Taurean Prince,MIL,1.0336468871070918,-1.0383369211350695,0.8763517447618058,0.6567005039491798,-1.3165535547871476,-0.17791921441668937,-0.7338716451306364,-1.1590076748213112,-0.5134646448716159,0.5480990954364858,-0.8796262406124613,-0.18406087333962814,-0.8866846127477993,0.15292970795283983,-0.5943021246771856,0.9855140383626537,-0.4924313991076348,-0.4250874975540451
Taylor Hendricks,UTA,1.0981840527764863,-4.760821259780437,-4.144401778650684,-4.081118540011943,-0.05352167239500423,-1.16451781709992,-2.109593412491516,-1.2406998457338265,-1.4117798518257312,-0.7540879862488788,-1.0353355997203433,2.2568184559930975,1.702997430833075,1.0347807874301838,0.10220482398907008,-1.3711809039168477,-0.631399769407949,-1.9393232297197576
Terry Rozier,MIA,0.24537150643091885,-0.7490898272538421,-1.3417208734580954,-1.3050526939409721,-0.501989514693664,-1.5232809453483676,-1.0513458991369933,0.5156818288852526,0.24448881099591857,-0.4216146887972962,-0.9661314401168402,-0.946835663756105,-0.6564906533183883,-1.0495944913344475,-0.5507704403855446,0.19994905760282,-1.6041783615101477,-1.4539912642820292
Tim Hardaway Jr.,DET,1.144282028254625,-0.786817709064437,-0.4304197202359647,-0.32417609499589517,-0.19996015151293406,0.18084391383175805,-0.575134518127458,-0.6484316066180905,-0.8362966723707511,-1.4744467973939739,-0.7066158416037035,-1.2519455799226957,-1.0017815924625049,-0.7289213715245043,-1.203745704760159,0.33087655439612546,-0.9093365100085773,-0.5221538906415909
Tobias Harris,DET,-0.4691471134802319,-0.09513987587019579,-0.3272535519466669,-0.13910503859116571,-0.18165534162319283,0.8086793882665413,-0.04601076145019661,-0.13785553841486975,-0.5696093453062482,-1.0034429593375653,1.3522079066005137,-0.4891707895062191,0.14918820468455032,0.3132662678578115,0.03690729755160848,2.032934012709099,0.7582839335951924,0.21555069682375624
Toumani Camara,POR,0.2592008990743605,-0.13286775768079076,-0.05214376984187271,-0.15761214423163886,-0.41961787018982855,0.6292978241423174,-0.3634850154565535,-0.8526620338993788,-0.5836455204149061,0.4095685548316598,0.38334967215147037,0.7312688751601442,-0.08100575474486069,0.473602827762783,-0.11545359746913474,1.2473690319492652,0.3413788226942499,-0.2503679899964631
Trae Young,ATL,0.16239515057026924,-0.900001354496222,-1.11819417549795,-0.2686547780744757,1.6305208374611875,1.5262056447634362,1.753010011252492,2.3741787171449764,4.595703094679915,1.7671678527589547,1.3868099864022656,-0.3366158314229236,-0.9442331026051521,-2.4124552505267065,-1.203745704760159,-0.061905935983791224,0.7582839335951924,-0.30860782584899027
Trayce Jackson-Davis,GSW,-1.9581117214241142,0.3450187452534109,0.41210398745996557,0.15700865165640468,0.8342616072574446,0.5396070420802057,0.4302006195593386,-0.34208596569615807,0.34274203675652504,-0.1722597157086093,-1.4678615972422375,-0.7942807056728097,1.0124155525448417,0.7942759475727265,1.429921194884119,0.33087655439612546,0.48034719299456413,1.2250411849342313
Trendon Watford,BRK,-0.7272957761578089,-0.4975706151832089,-0.9978336458271028,-0.6017826796029924,1.0081573012099863,-1.2542085991620318,-1.262995401807898,1.1283731107291175,1.0445507921894273,1.4901067715493028,0.6082631908628554,0.12104904282696251,-0.3687482040316245,-0.48841653166704674,-0.07192191317749393,-0.8474709167436252,-0.9093365100085773,-1.3569248711944835
Trey Lyles,SAC,0.9875489116289531,-0.20832352130198073,-0.4820028043806136,-0.6573039965244118,-0.29148420096163996,-0.3573007785409131,-0.04601076145019661,-0.7301237775306059,-0.808224322153435,-0.7817940943698439,-0.983432480017716,-0.18406087333962814,-0.08100575474486069,-0.3280799717620751,0.7334142462178638,-0.192833432777097,-0.21449465850700658,-0.2891945472314811
Ty Jerome,CLE,-0.07731432191605256,0.14380337559690573,0.773185576472508,1.045349722399116,0.23020288089598454,1.9746595550739958,1.8059223869202181,1.0262578970884735,1.423527520123195,0.02168304113814692,0.002726794332203246,1.6465986236599157,-1.1168785721772103,0.6339393876677547,-0.7248971775521084,0.7236590447760425,1.8700308959977054,1.8850926579295417
Tyler Herro,MIA,0.39288502796096303,0.16895529680396906,0.11979984397362366,0.32357260242066305,-0.016912052615521776,1.9746595550739958,2.176309016594301,2.0269869907667863,1.984974524469517,-0.14455360758764418,-0.11838048497392718,-0.7942807056728097,-0.7715876330330939,-0.80908965147699,-0.4637070718022627,1.2473690319492652,3.1207462287005328,0.27379053267628367
Vince Williams Jr.,MEM,0.5173495617519378,0.18153125740750073,-1.4448870417473922,-1.5271379616266498,-0.4104654652449579,-1.2542085991620318,-1.3688201531433504,-0.015317282046096477,-0.03623469117724243,1.3792823390654414,-1.2256470386299767,-0.18406087333962814,-0.48384518374633,-0.08757513190461763,-0.006624386740032331,-0.9783984135369308,-0.7703681397082631,-1.3763381498119927
Walker Kessler,UTA,-1.7645002244159314,2.2314128357831584,2.6645653284429662,2.1372689551870296,1.4383203336189045,2.243731901260331,1.1180615032397783,-0.9547772475400229,-0.794188147044777,0.9082785010090332,0.40065071205234615,-1.2519455799226957,3.1992581671242473,0.5537711077152689,2.5617449864667847,0.8545865415693482,1.7310625256973913,1.322107578021777
Wendell Moore Jr.,DET,-0.5751724570799511,-0.2208994819055124,-0.8086956706300568,-0.25014767243400254,0.4773178144074911,-0.8057546888514724,-0.6280468937951842,-0.5667394357055751,0.0058738341487318164,0.5480990954364858,0.34874759234971875,0.7312688751601442,-0.4262966938889772,1.2752856272876412,0.2545657190098133,-0.9783984135369308,-0.4924313991076348,0.37085692576382917
Ziaire Williams,BRK,0.6187651078038426,-0.5101465757867406,-0.6711407795776596,-0.47223294011968037,0.09291680672292534,-0.44699156060302503,-0.7338716451306364,-0.015317282046096477,-0.6538263959581964,-0.5324391212811571,-0.5682075223966974,0.42615895899355316,-0.1961027344595662,-0.24791169180958927,0.14573650828071089,0.19994905760282,-0.7703681397082631,-0.5221538906415909
